Oct 06, 2025 5:12:59 PM ai.glog.execute.workers.TriageAndRemediationCallableWorker isFalsePositive
SEVERE: {
  "ruleId" : "DS154189",
  "ruleIndex" : null,
  "rule" : null,
  "kind" : "FAIL",
  "level" : "WARNING",
  "message" : {
    "text" : "Banned C function detected",
    "markdown" : null,
    "id" : null,
    "arguments" : null,
    "properties" : null
  },
  "analysisTarget" : null,
  "locations" : [ {
    "id" : null,
    "physicalLocation" : {
      "address" : null,
      "artifactLocation" : {
        "uri" : "rocm_smi/src/rocm_smi_gpu_metrics.cc",
        "uriBaseId" : null,
        "index" : null,
        "description" : null,
        "properties" : null
      },
      "region" : {
        "startLine" : 42,
        "startColumn" : 10,
        "endLine" : 42,
        "endColumn" : 15,
        "charOffset" : 1670,
        "charLength" : 5,
        "byteOffset" : null,
        "byteLength" : null,
        "snippet" : {
          "text" : "ctime",
          "binary" : null,
          "rendered" : {
            "text" : "ctime",
            "markdown" : "`ctime`",
            "properties" : null
          },
          "properties" : null
        },
        "message" : null,
        "sourceLanguage" : "cpp",
        "properties" : null
      },
      "contextRegion" : null,
      "properties" : null
    },
    "logicalLocations" : null,
    "message" : null,
    "annotations" : null,
    "relationships" : null,
    "properties" : null
  } ],
  "guid" : null,
  "correlationGuid" : null,
  "occurrenceCount" : null,
  "partialFingerprints" : null,
  "fingerprints" : null,
  "stacks" : null,
  "codeFlows" : null,
  "graphs" : null,
  "graphTraversals" : null,
  "relatedLocations" : null,
  "suppressions" : null,
  "baselineState" : null,
  "rank" : null,
  "attachments" : null,
  "hostedViewerUri" : null,
  "workItemUris" : null,
  "provenance" : null,
  "fixes" : null,
  "taxa" : null,
  "webRequest" : null,
  "webResponse" : null,
  "properties" : {
    "DevSkimSeverity" : "Moderate",
    "DevSkimConfidence" : "High"
  }
}
java.util.NoSuchElementException: next on empty iterator
	at scala.collection.Iterator$$anon$19.next(Iterator.scala:973)
	at scala.collection.Iterator$$anon$19.next(Iterator.scala:971)
	at scala.collection.Iterator$$anon$6.next(Iterator.scala:492)
	at flatgraph.traversal.GenericSteps$.head$extension(Language.scala:80)
	at ai.glog.cpg.analysis.SinkAnalyzer$.getSink(SinkAnalyzer.scala:29)
	at ai.glog.cpg.analysis.SinkAnalyzer.getSink(SinkAnalyzer.scala)
	at ai.glog.reporting.Sarif.getSinkCpg(Sarif.java:187)
	at ai.glog.plugins.devskim.rules.resolve.DangerousCFunctionDetectedResolver.isFalsePositive(DangerousCFunctionDetectedResolver.java:22)
	at ai.glog.execute.workers.TriageAndRemediationCallableWorker.isFalsePositive(TriageAndRemediationCallableWorker.java:116)
	at ai.glog.execute.workers.TriageAndRemediationCallableWorker.call(TriageAndRemediationCallableWorker.java:66)
	at ai.glog.execute.workers.TriageAndRemediationCallableWorker.call(TriageAndRemediationCallableWorker.java:31)
	at java.base/java.util.concurrent.FutureTask.run(FutureTask.java:317)
	at java.base/java.util.concurrent.ThreadPoolExecutor.runWorker(ThreadPoolExecutor.java:1144)
	at java.base/java.util.concurrent.ThreadPoolExecutor$Worker.run(ThreadPoolExecutor.java:642)
	at java.base/java.lang.Thread.run(Thread.java:1623)

Oct 06, 2025 5:12:59 PM ai.glog.execute.workers.TriageAndRemediationCallableWorker isFalsePositive
SEVERE: next on empty iterator
java.util.NoSuchElementException: next on empty iterator
	at scala.collection.Iterator$$anon$19.next(Iterator.scala:973)
	at scala.collection.Iterator$$anon$19.next(Iterator.scala:971)
	at scala.collection.Iterator$$anon$6.next(Iterator.scala:492)
	at flatgraph.traversal.GenericSteps$.head$extension(Language.scala:80)
	at ai.glog.cpg.analysis.SinkAnalyzer$.getSink(SinkAnalyzer.scala:29)
	at ai.glog.cpg.analysis.SinkAnalyzer.getSink(SinkAnalyzer.scala)
	at ai.glog.reporting.Sarif.getSinkCpg(Sarif.java:187)
	at ai.glog.plugins.devskim.rules.resolve.DangerousCFunctionDetectedResolver.isFalsePositive(DangerousCFunctionDetectedResolver.java:22)
	at ai.glog.execute.workers.TriageAndRemediationCallableWorker.isFalsePositive(TriageAndRemediationCallableWorker.java:116)
	at ai.glog.execute.workers.TriageAndRemediationCallableWorker.call(TriageAndRemediationCallableWorker.java:66)
	at ai.glog.execute.workers.TriageAndRemediationCallableWorker.call(TriageAndRemediationCallableWorker.java:31)
	at java.base/java.util.concurrent.FutureTask.run(FutureTask.java:317)
	at java.base/java.util.concurrent.ThreadPoolExecutor.runWorker(ThreadPoolExecutor.java:1144)
	at java.base/java.util.concurrent.ThreadPoolExecutor$Worker.run(ThreadPoolExecutor.java:642)
	at java.base/java.lang.Thread.run(Thread.java:1623)

Oct 06, 2025 5:13:01 PM ai.glog.service.GlogService getFromGlog
SEVERE: java.lang.IllegalStateException: Expected BEGIN_ARRAY but was BEGIN_OBJECT at line 1 column 2 path $
{"detail":"Invalid token."}
com.google.gson.JsonSyntaxException: java.lang.IllegalStateException: Expected BEGIN_ARRAY but was BEGIN_OBJECT at line 1 column 2 path $
	at com.google.gson.Gson.fromJson(Gson.java:1003)
	at com.google.gson.Gson.fromJson(Gson.java:956)
	at com.google.gson.Gson.fromJson(Gson.java:905)
	at ai.glog.service.GlogService.getFromGlog(GlogService.java:174)
	at ai.glog.execute.workers.TriageAndRemediationCallableWorker.setGeneralRemediation(TriageAndRemediationCallableWorker.java:158)
	at ai.glog.execute.workers.TriageAndRemediationCallableWorker.call(TriageAndRemediationCallableWorker.java:73)
	at ai.glog.execute.workers.TriageAndRemediationCallableWorker.call(TriageAndRemediationCallableWorker.java:31)
	at java.base/java.util.concurrent.FutureTask.run(FutureTask.java:317)
	at java.base/java.util.concurrent.ThreadPoolExecutor.runWorker(ThreadPoolExecutor.java:1144)
	at java.base/java.util.concurrent.ThreadPoolExecutor$Worker.run(ThreadPoolExecutor.java:642)
	at java.base/java.lang.Thread.run(Thread.java:1623)
Caused by: java.lang.IllegalStateException: Expected BEGIN_ARRAY but was BEGIN_OBJECT at line 1 column 2 path $
	at com.google.gson.stream.JsonReader.beginArray(JsonReader.java:350)
	at com.google.gson.internal.bind.ArrayTypeAdapter.read(ArrayTypeAdapter.java:70)
	at com.google.gson.Gson.fromJson(Gson.java:991)
	... 10 more

Oct 06, 2025 5:13:01 PM ai.glog.service.GlogService getFromGlog
SEVERE: java.lang.IllegalStateException: Expected BEGIN_ARRAY but was BEGIN_OBJECT at line 1 column 2 path $
{"detail":"Invalid token."}
com.google.gson.JsonSyntaxException: java.lang.IllegalStateException: Expected BEGIN_ARRAY but was BEGIN_OBJECT at line 1 column 2 path $
	at com.google.gson.Gson.fromJson(Gson.java:1003)
	at com.google.gson.Gson.fromJson(Gson.java:956)
	at com.google.gson.Gson.fromJson(Gson.java:905)
	at ai.glog.service.GlogService.getFromGlog(GlogService.java:174)
	at ai.glog.execute.workers.TriageAndRemediationCallableWorker.setGeneralRemediation(TriageAndRemediationCallableWorker.java:158)
	at ai.glog.execute.workers.TriageAndRemediationCallableWorker.call(TriageAndRemediationCallableWorker.java:73)
	at ai.glog.execute.workers.TriageAndRemediationCallableWorker.call(TriageAndRemediationCallableWorker.java:31)
	at java.base/java.util.concurrent.FutureTask.run(FutureTask.java:317)
	at java.base/java.util.concurrent.ThreadPoolExecutor.runWorker(ThreadPoolExecutor.java:1144)
	at java.base/java.util.concurrent.ThreadPoolExecutor$Worker.run(ThreadPoolExecutor.java:642)
	at java.base/java.lang.Thread.run(Thread.java:1623)
Caused by: java.lang.IllegalStateException: Expected BEGIN_ARRAY but was BEGIN_OBJECT at line 1 column 2 path $
	at com.google.gson.stream.JsonReader.beginArray(JsonReader.java:350)
	at com.google.gson.internal.bind.ArrayTypeAdapter.read(ArrayTypeAdapter.java:70)
	at com.google.gson.Gson.fromJson(Gson.java:991)
	... 10 more

Oct 06, 2025 5:13:01 PM ai.glog.service.GlogService getFromGlog
SEVERE: java.lang.IllegalStateException: Expected BEGIN_ARRAY but was BEGIN_OBJECT at line 1 column 2 path $
{"detail":"Invalid token."}
com.google.gson.JsonSyntaxException: java.lang.IllegalStateException: Expected BEGIN_ARRAY but was BEGIN_OBJECT at line 1 column 2 path $
	at com.google.gson.Gson.fromJson(Gson.java:1003)
	at com.google.gson.Gson.fromJson(Gson.java:956)
	at com.google.gson.Gson.fromJson(Gson.java:905)
	at ai.glog.service.GlogService.getFromGlog(GlogService.java:174)
	at ai.glog.execute.workers.TriageAndRemediationCallableWorker.setGeneralRemediation(TriageAndRemediationCallableWorker.java:158)
	at ai.glog.execute.workers.TriageAndRemediationCallableWorker.call(TriageAndRemediationCallableWorker.java:73)
	at ai.glog.execute.workers.TriageAndRemediationCallableWorker.call(TriageAndRemediationCallableWorker.java:31)
	at java.base/java.util.concurrent.FutureTask.run(FutureTask.java:317)
	at java.base/java.util.concurrent.ThreadPoolExecutor.runWorker(ThreadPoolExecutor.java:1144)
	at java.base/java.util.concurrent.ThreadPoolExecutor$Worker.run(ThreadPoolExecutor.java:642)
	at java.base/java.lang.Thread.run(Thread.java:1623)
Caused by: java.lang.IllegalStateException: Expected BEGIN_ARRAY but was BEGIN_OBJECT at line 1 column 2 path $
	at com.google.gson.stream.JsonReader.beginArray(JsonReader.java:350)
	at com.google.gson.internal.bind.ArrayTypeAdapter.read(ArrayTypeAdapter.java:70)
	at com.google.gson.Gson.fromJson(Gson.java:991)
	... 10 more

Oct 06, 2025 5:13:01 PM ai.glog.execute.workers.TriageAndRemediationCallableWorker call
SEVERE: null
java.lang.NullPointerException
	at java.base/java.util.Objects.requireNonNull(Objects.java:233)
	at java.base/java.util.Arrays$ArrayList.<init>(Arrays.java:4234)
	at java.base/java.util.Arrays.asList(Arrays.java:4219)
	at ai.glog.execute.workers.TriageAndRemediationCallableWorker.setGeneralRemediation(TriageAndRemediationCallableWorker.java:162)
	at ai.glog.execute.workers.TriageAndRemediationCallableWorker.call(TriageAndRemediationCallableWorker.java:73)
	at ai.glog.execute.workers.TriageAndRemediationCallableWorker.call(TriageAndRemediationCallableWorker.java:31)
	at java.base/java.util.concurrent.FutureTask.run(FutureTask.java:317)
	at java.base/java.util.concurrent.ThreadPoolExecutor.runWorker(ThreadPoolExecutor.java:1144)
	at java.base/java.util.concurrent.ThreadPoolExecutor$Worker.run(ThreadPoolExecutor.java:642)
	at java.base/java.lang.Thread.run(Thread.java:1623)

Oct 06, 2025 5:13:01 PM ai.glog.execute.workers.TriageAndRemediationCallableWorker call
SEVERE: null
java.lang.NullPointerException
	at java.base/java.util.Objects.requireNonNull(Objects.java:233)
	at java.base/java.util.Arrays$ArrayList.<init>(Arrays.java:4234)
	at java.base/java.util.Arrays.asList(Arrays.java:4219)
	at ai.glog.execute.workers.TriageAndRemediationCallableWorker.setGeneralRemediation(TriageAndRemediationCallableWorker.java:162)
	at ai.glog.execute.workers.TriageAndRemediationCallableWorker.call(TriageAndRemediationCallableWorker.java:73)
	at ai.glog.execute.workers.TriageAndRemediationCallableWorker.call(TriageAndRemediationCallableWorker.java:31)
	at java.base/java.util.concurrent.FutureTask.run(FutureTask.java:317)
	at java.base/java.util.concurrent.ThreadPoolExecutor.runWorker(ThreadPoolExecutor.java:1144)
	at java.base/java.util.concurrent.ThreadPoolExecutor$Worker.run(ThreadPoolExecutor.java:642)
	at java.base/java.lang.Thread.run(Thread.java:1623)

Oct 06, 2025 5:13:01 PM ai.glog.execute.workers.TriageAndRemediationCallableWorker call
SEVERE: null
java.lang.NullPointerException
	at java.base/java.util.Objects.requireNonNull(Objects.java:233)
	at java.base/java.util.Arrays$ArrayList.<init>(Arrays.java:4234)
	at java.base/java.util.Arrays.asList(Arrays.java:4219)
	at ai.glog.execute.workers.TriageAndRemediationCallableWorker.setGeneralRemediation(TriageAndRemediationCallableWorker.java:162)
	at ai.glog.execute.workers.TriageAndRemediationCallableWorker.call(TriageAndRemediationCallableWorker.java:73)
	at ai.glog.execute.workers.TriageAndRemediationCallableWorker.call(TriageAndRemediationCallableWorker.java:31)
	at java.base/java.util.concurrent.FutureTask.run(FutureTask.java:317)
	at java.base/java.util.concurrent.ThreadPoolExecutor.runWorker(ThreadPoolExecutor.java:1144)
	at java.base/java.util.concurrent.ThreadPoolExecutor$Worker.run(ThreadPoolExecutor.java:642)
	at java.base/java.lang.Thread.run(Thread.java:1623)

Oct 06, 2025 5:13:02 PM ai.glog.service.GlogService getFromGlog
SEVERE: java.lang.IllegalStateException: Expected BEGIN_ARRAY but was BEGIN_OBJECT at line 1 column 2 path $
{"detail":"Invalid token."}
com.google.gson.JsonSyntaxException: java.lang.IllegalStateException: Expected BEGIN_ARRAY but was BEGIN_OBJECT at line 1 column 2 path $
	at com.google.gson.Gson.fromJson(Gson.java:1003)
	at com.google.gson.Gson.fromJson(Gson.java:956)
	at com.google.gson.Gson.fromJson(Gson.java:905)
	at ai.glog.service.GlogService.getFromGlog(GlogService.java:174)
	at ai.glog.execute.workers.TriageAndRemediationCallableWorker.setGeneralRemediation(TriageAndRemediationCallableWorker.java:158)
	at ai.glog.execute.workers.TriageAndRemediationCallableWorker.call(TriageAndRemediationCallableWorker.java:73)
	at ai.glog.execute.workers.TriageAndRemediationCallableWorker.call(TriageAndRemediationCallableWorker.java:31)
	at java.base/java.util.concurrent.FutureTask.run(FutureTask.java:317)
	at java.base/java.util.concurrent.ThreadPoolExecutor.runWorker(ThreadPoolExecutor.java:1144)
	at java.base/java.util.concurrent.ThreadPoolExecutor$Worker.run(ThreadPoolExecutor.java:642)
	at java.base/java.lang.Thread.run(Thread.java:1623)
Caused by: java.lang.IllegalStateException: Expected BEGIN_ARRAY but was BEGIN_OBJECT at line 1 column 2 path $
	at com.google.gson.stream.JsonReader.beginArray(JsonReader.java:350)
	at com.google.gson.internal.bind.ArrayTypeAdapter.read(ArrayTypeAdapter.java:70)
	at com.google.gson.Gson.fromJson(Gson.java:991)
	... 10 more

Oct 06, 2025 5:13:02 PM ai.glog.execute.workers.TriageAndRemediationCallableWorker call
SEVERE: null
java.lang.NullPointerException
	at java.base/java.util.Objects.requireNonNull(Objects.java:233)
	at java.base/java.util.Arrays$ArrayList.<init>(Arrays.java:4234)
	at java.base/java.util.Arrays.asList(Arrays.java:4219)
	at ai.glog.execute.workers.TriageAndRemediationCallableWorker.setGeneralRemediation(TriageAndRemediationCallableWorker.java:162)
	at ai.glog.execute.workers.TriageAndRemediationCallableWorker.call(TriageAndRemediationCallableWorker.java:73)
	at ai.glog.execute.workers.TriageAndRemediationCallableWorker.call(TriageAndRemediationCallableWorker.java:31)
	at java.base/java.util.concurrent.FutureTask.run(FutureTask.java:317)
	at java.base/java.util.concurrent.ThreadPoolExecutor.runWorker(ThreadPoolExecutor.java:1144)
	at java.base/java.util.concurrent.ThreadPoolExecutor$Worker.run(ThreadPoolExecutor.java:642)
	at java.base/java.lang.Thread.run(Thread.java:1623)

Oct 06, 2025 5:13:02 PM ai.glog.service.GlogService getFromGlog
SEVERE: java.lang.IllegalStateException: Expected BEGIN_ARRAY but was BEGIN_OBJECT at line 1 column 2 path $
{"detail":"Invalid token."}
com.google.gson.JsonSyntaxException: java.lang.IllegalStateException: Expected BEGIN_ARRAY but was BEGIN_OBJECT at line 1 column 2 path $
	at com.google.gson.Gson.fromJson(Gson.java:1003)
	at com.google.gson.Gson.fromJson(Gson.java:956)
	at com.google.gson.Gson.fromJson(Gson.java:905)
	at ai.glog.service.GlogService.getFromGlog(GlogService.java:174)
	at ai.glog.execute.workers.TriageAndRemediationCallableWorker.setGeneralRemediation(TriageAndRemediationCallableWorker.java:158)
	at ai.glog.execute.workers.TriageAndRemediationCallableWorker.call(TriageAndRemediationCallableWorker.java:73)
	at ai.glog.execute.workers.TriageAndRemediationCallableWorker.call(TriageAndRemediationCallableWorker.java:31)
	at java.base/java.util.concurrent.FutureTask.run(FutureTask.java:317)
	at java.base/java.util.concurrent.ThreadPoolExecutor.runWorker(ThreadPoolExecutor.java:1144)
	at java.base/java.util.concurrent.ThreadPoolExecutor$Worker.run(ThreadPoolExecutor.java:642)
	at java.base/java.lang.Thread.run(Thread.java:1623)
Caused by: java.lang.IllegalStateException: Expected BEGIN_ARRAY but was BEGIN_OBJECT at line 1 column 2 path $
	at com.google.gson.stream.JsonReader.beginArray(JsonReader.java:350)
	at com.google.gson.internal.bind.ArrayTypeAdapter.read(ArrayTypeAdapter.java:70)
	at com.google.gson.Gson.fromJson(Gson.java:991)
	... 10 more

Oct 06, 2025 5:13:02 PM ai.glog.execute.workers.TriageAndRemediationCallableWorker call
SEVERE: null
java.lang.NullPointerException
	at java.base/java.util.Objects.requireNonNull(Objects.java:233)
	at java.base/java.util.Arrays$ArrayList.<init>(Arrays.java:4234)
	at java.base/java.util.Arrays.asList(Arrays.java:4219)
	at ai.glog.execute.workers.TriageAndRemediationCallableWorker.setGeneralRemediation(TriageAndRemediationCallableWorker.java:162)
	at ai.glog.execute.workers.TriageAndRemediationCallableWorker.call(TriageAndRemediationCallableWorker.java:73)
	at ai.glog.execute.workers.TriageAndRemediationCallableWorker.call(TriageAndRemediationCallableWorker.java:31)
	at java.base/java.util.concurrent.FutureTask.run(FutureTask.java:317)
	at java.base/java.util.concurrent.ThreadPoolExecutor.runWorker(ThreadPoolExecutor.java:1144)
	at java.base/java.util.concurrent.ThreadPoolExecutor$Worker.run(ThreadPoolExecutor.java:642)
	at java.base/java.lang.Thread.run(Thread.java:1623)

Oct 06, 2025 5:13:02 PM ai.glog.service.GlogService getFromGlog
SEVERE: java.lang.IllegalStateException: Expected BEGIN_ARRAY but was BEGIN_OBJECT at line 1 column 2 path $
{"detail":"Invalid token."}
com.google.gson.JsonSyntaxException: java.lang.IllegalStateException: Expected BEGIN_ARRAY but was BEGIN_OBJECT at line 1 column 2 path $
	at com.google.gson.Gson.fromJson(Gson.java:1003)
	at com.google.gson.Gson.fromJson(Gson.java:956)
	at com.google.gson.Gson.fromJson(Gson.java:905)
	at ai.glog.service.GlogService.getFromGlog(GlogService.java:174)
	at ai.glog.execute.workers.TriageAndRemediationCallableWorker.setGeneralRemediation(TriageAndRemediationCallableWorker.java:158)
	at ai.glog.execute.workers.TriageAndRemediationCallableWorker.call(TriageAndRemediationCallableWorker.java:73)
	at ai.glog.execute.workers.TriageAndRemediationCallableWorker.call(TriageAndRemediationCallableWorker.java:31)
	at java.base/java.util.concurrent.FutureTask.run(FutureTask.java:317)
	at java.base/java.util.concurrent.ThreadPoolExecutor.runWorker(ThreadPoolExecutor.java:1144)
	at java.base/java.util.concurrent.ThreadPoolExecutor$Worker.run(ThreadPoolExecutor.java:642)
	at java.base/java.lang.Thread.run(Thread.java:1623)
Caused by: java.lang.IllegalStateException: Expected BEGIN_ARRAY but was BEGIN_OBJECT at line 1 column 2 path $
	at com.google.gson.stream.JsonReader.beginArray(JsonReader.java:350)
	at com.google.gson.internal.bind.ArrayTypeAdapter.read(ArrayTypeAdapter.java:70)
	at com.google.gson.Gson.fromJson(Gson.java:991)
	... 10 more

Oct 06, 2025 5:13:02 PM ai.glog.execute.workers.TriageAndRemediationCallableWorker call
SEVERE: null
java.lang.NullPointerException
	at java.base/java.util.Objects.requireNonNull(Objects.java:233)
	at java.base/java.util.Arrays$ArrayList.<init>(Arrays.java:4234)
	at java.base/java.util.Arrays.asList(Arrays.java:4219)
	at ai.glog.execute.workers.TriageAndRemediationCallableWorker.setGeneralRemediation(TriageAndRemediationCallableWorker.java:162)
	at ai.glog.execute.workers.TriageAndRemediationCallableWorker.call(TriageAndRemediationCallableWorker.java:73)
	at ai.glog.execute.workers.TriageAndRemediationCallableWorker.call(TriageAndRemediationCallableWorker.java:31)
	at java.base/java.util.concurrent.FutureTask.run(FutureTask.java:317)
	at java.base/java.util.concurrent.ThreadPoolExecutor.runWorker(ThreadPoolExecutor.java:1144)
	at java.base/java.util.concurrent.ThreadPoolExecutor$Worker.run(ThreadPoolExecutor.java:642)
	at java.base/java.lang.Thread.run(Thread.java:1623)

Oct 06, 2025 5:13:02 PM ai.glog.execute.workers.TriageAndRemediationCallableWorker isFalsePositive
SEVERE: {
  "ruleId" : "DS154189",
  "ruleIndex" : null,
  "rule" : null,
  "kind" : "FAIL",
  "level" : "WARNING",
  "message" : {
    "text" : "Banned C function detected",
    "markdown" : null,
    "id" : null,
    "arguments" : null,
    "properties" : null
  },
  "analysisTarget" : null,
  "locations" : [ {
    "id" : null,
    "physicalLocation" : {
      "address" : null,
      "artifactLocation" : {
        "uri" : "rocm_smi/src/rocm_smi_binary_parser.cc",
        "uriBaseId" : null,
        "index" : null,
        "description" : null,
        "properties" : null
      },
      "region" : {
        "startLine" : 229,
        "startColumn" : 16,
        "endLine" : 229,
        "endColumn" : 23,
        "charOffset" : 7825,
        "charLength" : 7,
        "byteOffset" : null,
        "byteLength" : null,
        "snippet" : {
          "text" : "sprintf",
          "binary" : null,
          "rendered" : {
            "text" : "sprintf",
            "markdown" : "`sprintf`",
            "properties" : null
          },
          "properties" : null
        },
        "message" : null,
        "sourceLanguage" : "cpp",
        "properties" : null
      },
      "contextRegion" : null,
      "properties" : null
    },
    "logicalLocations" : null,
    "message" : null,
    "annotations" : null,
    "relationships" : null,
    "properties" : null
  } ],
  "guid" : null,
  "correlationGuid" : null,
  "occurrenceCount" : null,
  "partialFingerprints" : null,
  "fingerprints" : null,
  "stacks" : null,
  "codeFlows" : null,
  "graphs" : null,
  "graphTraversals" : null,
  "relatedLocations" : null,
  "suppressions" : null,
  "baselineState" : null,
  "rank" : null,
  "attachments" : null,
  "hostedViewerUri" : null,
  "workItemUris" : null,
  "provenance" : null,
  "fixes" : null,
  "taxa" : null,
  "webRequest" : null,
  "webResponse" : null,
  "properties" : {
    "DevSkimSeverity" : "Moderate",
    "DevSkimConfidence" : "High"
  }
}
java.util.NoSuchElementException: next on empty iterator
	at scala.collection.Iterator$$anon$19.next(Iterator.scala:973)
	at scala.collection.Iterator$$anon$19.next(Iterator.scala:971)
	at scala.collection.Iterator$$anon$6.next(Iterator.scala:492)
	at flatgraph.traversal.GenericSteps$.head$extension(Language.scala:80)
	at ai.glog.cpg.analysis.SinkAnalyzer$.getSink(SinkAnalyzer.scala:29)
	at ai.glog.cpg.analysis.SinkAnalyzer.getSink(SinkAnalyzer.scala)
	at ai.glog.reporting.Sarif.getSinkCpg(Sarif.java:187)
	at ai.glog.plugins.devskim.rules.resolve.DangerousCFunctionDetectedResolver.isFalsePositive(DangerousCFunctionDetectedResolver.java:22)
	at ai.glog.execute.workers.TriageAndRemediationCallableWorker.isFalsePositive(TriageAndRemediationCallableWorker.java:116)
	at ai.glog.execute.workers.TriageAndRemediationCallableWorker.call(TriageAndRemediationCallableWorker.java:66)
	at ai.glog.execute.workers.TriageAndRemediationCallableWorker.call(TriageAndRemediationCallableWorker.java:31)
	at java.base/java.util.concurrent.FutureTask.run(FutureTask.java:317)
	at java.base/java.util.concurrent.ThreadPoolExecutor.runWorker(ThreadPoolExecutor.java:1144)
	at java.base/java.util.concurrent.ThreadPoolExecutor$Worker.run(ThreadPoolExecutor.java:642)
	at java.base/java.lang.Thread.run(Thread.java:1623)

Oct 06, 2025 5:13:02 PM ai.glog.execute.workers.TriageAndRemediationCallableWorker isFalsePositive
SEVERE: next on empty iterator
java.util.NoSuchElementException: next on empty iterator
	at scala.collection.Iterator$$anon$19.next(Iterator.scala:973)
	at scala.collection.Iterator$$anon$19.next(Iterator.scala:971)
	at scala.collection.Iterator$$anon$6.next(Iterator.scala:492)
	at flatgraph.traversal.GenericSteps$.head$extension(Language.scala:80)
	at ai.glog.cpg.analysis.SinkAnalyzer$.getSink(SinkAnalyzer.scala:29)
	at ai.glog.cpg.analysis.SinkAnalyzer.getSink(SinkAnalyzer.scala)
	at ai.glog.reporting.Sarif.getSinkCpg(Sarif.java:187)
	at ai.glog.plugins.devskim.rules.resolve.DangerousCFunctionDetectedResolver.isFalsePositive(DangerousCFunctionDetectedResolver.java:22)
	at ai.glog.execute.workers.TriageAndRemediationCallableWorker.isFalsePositive(TriageAndRemediationCallableWorker.java:116)
	at ai.glog.execute.workers.TriageAndRemediationCallableWorker.call(TriageAndRemediationCallableWorker.java:66)
	at ai.glog.execute.workers.TriageAndRemediationCallableWorker.call(TriageAndRemediationCallableWorker.java:31)
	at java.base/java.util.concurrent.FutureTask.run(FutureTask.java:317)
	at java.base/java.util.concurrent.ThreadPoolExecutor.runWorker(ThreadPoolExecutor.java:1144)
	at java.base/java.util.concurrent.ThreadPoolExecutor$Worker.run(ThreadPoolExecutor.java:642)
	at java.base/java.lang.Thread.run(Thread.java:1623)

Oct 06, 2025 5:13:02 PM ai.glog.execute.workers.TriageAndRemediationCallableWorker isFalsePositive
SEVERE: {
  "ruleId" : "DS154189",
  "ruleIndex" : null,
  "rule" : null,
  "kind" : "FAIL",
  "level" : "WARNING",
  "message" : {
    "text" : "Banned C function detected",
    "markdown" : null,
    "id" : null,
    "arguments" : null,
    "properties" : null
  },
  "analysisTarget" : null,
  "locations" : [ {
    "id" : null,
    "physicalLocation" : {
      "address" : null,
      "artifactLocation" : {
        "uri" : "rocm_smi/src/rocm_smi_binary_parser.cc",
        "uriBaseId" : null,
        "index" : null,
        "description" : null,
        "properties" : null
      },
      "region" : {
        "startLine" : 227,
        "startColumn" : 16,
        "endLine" : 227,
        "endColumn" : 23,
        "charOffset" : 7679,
        "charLength" : 7,
        "byteOffset" : null,
        "byteLength" : null,
        "snippet" : {
          "text" : "sprintf",
          "binary" : null,
          "rendered" : {
            "text" : "sprintf",
            "markdown" : "`sprintf`",
            "properties" : null
          },
          "properties" : null
        },
        "message" : null,
        "sourceLanguage" : "cpp",
        "properties" : null
      },
      "contextRegion" : null,
      "properties" : null
    },
    "logicalLocations" : null,
    "message" : null,
    "annotations" : null,
    "relationships" : null,
    "properties" : null
  } ],
  "guid" : null,
  "correlationGuid" : null,
  "occurrenceCount" : null,
  "partialFingerprints" : null,
  "fingerprints" : null,
  "stacks" : null,
  "codeFlows" : null,
  "graphs" : null,
  "graphTraversals" : null,
  "relatedLocations" : null,
  "suppressions" : null,
  "baselineState" : null,
  "rank" : null,
  "attachments" : null,
  "hostedViewerUri" : null,
  "workItemUris" : null,
  "provenance" : null,
  "fixes" : null,
  "taxa" : null,
  "webRequest" : null,
  "webResponse" : null,
  "properties" : {
    "DevSkimSeverity" : "Moderate",
    "DevSkimConfidence" : "High"
  }
}
java.util.NoSuchElementException: next on empty iterator
	at scala.collection.Iterator$$anon$19.next(Iterator.scala:973)
	at scala.collection.Iterator$$anon$19.next(Iterator.scala:971)
	at scala.collection.Iterator$$anon$6.next(Iterator.scala:492)
	at flatgraph.traversal.GenericSteps$.head$extension(Language.scala:80)
	at ai.glog.cpg.analysis.SinkAnalyzer$.getSink(SinkAnalyzer.scala:29)
	at ai.glog.cpg.analysis.SinkAnalyzer.getSink(SinkAnalyzer.scala)
	at ai.glog.reporting.Sarif.getSinkCpg(Sarif.java:187)
	at ai.glog.plugins.devskim.rules.resolve.DangerousCFunctionDetectedResolver.isFalsePositive(DangerousCFunctionDetectedResolver.java:22)
	at ai.glog.execute.workers.TriageAndRemediationCallableWorker.isFalsePositive(TriageAndRemediationCallableWorker.java:116)
	at ai.glog.execute.workers.TriageAndRemediationCallableWorker.call(TriageAndRemediationCallableWorker.java:66)
	at ai.glog.execute.workers.TriageAndRemediationCallableWorker.call(TriageAndRemediationCallableWorker.java:31)
	at java.base/java.util.concurrent.FutureTask.run(FutureTask.java:317)
	at java.base/java.util.concurrent.ThreadPoolExecutor.runWorker(ThreadPoolExecutor.java:1144)
	at java.base/java.util.concurrent.ThreadPoolExecutor$Worker.run(ThreadPoolExecutor.java:642)
	at java.base/java.lang.Thread.run(Thread.java:1623)

Oct 06, 2025 5:13:02 PM ai.glog.execute.workers.TriageAndRemediationCallableWorker isFalsePositive
SEVERE: next on empty iterator
java.util.NoSuchElementException: next on empty iterator
	at scala.collection.Iterator$$anon$19.next(Iterator.scala:973)
	at scala.collection.Iterator$$anon$19.next(Iterator.scala:971)
	at scala.collection.Iterator$$anon$6.next(Iterator.scala:492)
	at flatgraph.traversal.GenericSteps$.head$extension(Language.scala:80)
	at ai.glog.cpg.analysis.SinkAnalyzer$.getSink(SinkAnalyzer.scala:29)
	at ai.glog.cpg.analysis.SinkAnalyzer.getSink(SinkAnalyzer.scala)
	at ai.glog.reporting.Sarif.getSinkCpg(Sarif.java:187)
	at ai.glog.plugins.devskim.rules.resolve.DangerousCFunctionDetectedResolver.isFalsePositive(DangerousCFunctionDetectedResolver.java:22)
	at ai.glog.execute.workers.TriageAndRemediationCallableWorker.isFalsePositive(TriageAndRemediationCallableWorker.java:116)
	at ai.glog.execute.workers.TriageAndRemediationCallableWorker.call(TriageAndRemediationCallableWorker.java:66)
	at ai.glog.execute.workers.TriageAndRemediationCallableWorker.call(TriageAndRemediationCallableWorker.java:31)
	at java.base/java.util.concurrent.FutureTask.run(FutureTask.java:317)
	at java.base/java.util.concurrent.ThreadPoolExecutor.runWorker(ThreadPoolExecutor.java:1144)
	at java.base/java.util.concurrent.ThreadPoolExecutor$Worker.run(ThreadPoolExecutor.java:642)
	at java.base/java.lang.Thread.run(Thread.java:1623)

Oct 06, 2025 5:13:02 PM ai.glog.service.GlogService getFromGlog
SEVERE: java.lang.IllegalStateException: Expected BEGIN_ARRAY but was BEGIN_OBJECT at line 1 column 2 path $
{"detail":"Invalid token."}
com.google.gson.JsonSyntaxException: java.lang.IllegalStateException: Expected BEGIN_ARRAY but was BEGIN_OBJECT at line 1 column 2 path $
	at com.google.gson.Gson.fromJson(Gson.java:1003)
	at com.google.gson.Gson.fromJson(Gson.java:956)
	at com.google.gson.Gson.fromJson(Gson.java:905)
	at ai.glog.service.GlogService.getFromGlog(GlogService.java:174)
	at ai.glog.execute.workers.TriageAndRemediationCallableWorker.setGeneralRemediation(TriageAndRemediationCallableWorker.java:158)
	at ai.glog.execute.workers.TriageAndRemediationCallableWorker.call(TriageAndRemediationCallableWorker.java:73)
	at ai.glog.execute.workers.TriageAndRemediationCallableWorker.call(TriageAndRemediationCallableWorker.java:31)
	at java.base/java.util.concurrent.FutureTask.run(FutureTask.java:317)
	at java.base/java.util.concurrent.ThreadPoolExecutor.runWorker(ThreadPoolExecutor.java:1144)
	at java.base/java.util.concurrent.ThreadPoolExecutor$Worker.run(ThreadPoolExecutor.java:642)
	at java.base/java.lang.Thread.run(Thread.java:1623)
Caused by: java.lang.IllegalStateException: Expected BEGIN_ARRAY but was BEGIN_OBJECT at line 1 column 2 path $
	at com.google.gson.stream.JsonReader.beginArray(JsonReader.java:350)
	at com.google.gson.internal.bind.ArrayTypeAdapter.read(ArrayTypeAdapter.java:70)
	at com.google.gson.Gson.fromJson(Gson.java:991)
	... 10 more

Oct 06, 2025 5:13:02 PM ai.glog.execute.workers.TriageAndRemediationCallableWorker call
SEVERE: null
java.lang.NullPointerException
	at java.base/java.util.Objects.requireNonNull(Objects.java:233)
	at java.base/java.util.Arrays$ArrayList.<init>(Arrays.java:4234)
	at java.base/java.util.Arrays.asList(Arrays.java:4219)
	at ai.glog.execute.workers.TriageAndRemediationCallableWorker.setGeneralRemediation(TriageAndRemediationCallableWorker.java:162)
	at ai.glog.execute.workers.TriageAndRemediationCallableWorker.call(TriageAndRemediationCallableWorker.java:73)
	at ai.glog.execute.workers.TriageAndRemediationCallableWorker.call(TriageAndRemediationCallableWorker.java:31)
	at java.base/java.util.concurrent.FutureTask.run(FutureTask.java:317)
	at java.base/java.util.concurrent.ThreadPoolExecutor.runWorker(ThreadPoolExecutor.java:1144)
	at java.base/java.util.concurrent.ThreadPoolExecutor$Worker.run(ThreadPoolExecutor.java:642)
	at java.base/java.lang.Thread.run(Thread.java:1623)

Oct 06, 2025 5:13:03 PM ai.glog.service.GlogService getFromGlog
SEVERE: java.lang.IllegalStateException: Expected BEGIN_ARRAY but was BEGIN_OBJECT at line 1 column 2 path $
{"detail":"Invalid token."}
com.google.gson.JsonSyntaxException: java.lang.IllegalStateException: Expected BEGIN_ARRAY but was BEGIN_OBJECT at line 1 column 2 path $
	at com.google.gson.Gson.fromJson(Gson.java:1003)
	at com.google.gson.Gson.fromJson(Gson.java:956)
	at com.google.gson.Gson.fromJson(Gson.java:905)
	at ai.glog.service.GlogService.getFromGlog(GlogService.java:174)
	at ai.glog.execute.workers.TriageAndRemediationCallableWorker.setGeneralRemediation(TriageAndRemediationCallableWorker.java:158)
	at ai.glog.execute.workers.TriageAndRemediationCallableWorker.call(TriageAndRemediationCallableWorker.java:73)
	at ai.glog.execute.workers.TriageAndRemediationCallableWorker.call(TriageAndRemediationCallableWorker.java:31)
	at java.base/java.util.concurrent.FutureTask.run(FutureTask.java:317)
	at java.base/java.util.concurrent.ThreadPoolExecutor.runWorker(ThreadPoolExecutor.java:1144)
	at java.base/java.util.concurrent.ThreadPoolExecutor$Worker.run(ThreadPoolExecutor.java:642)
	at java.base/java.lang.Thread.run(Thread.java:1623)
Caused by: java.lang.IllegalStateException: Expected BEGIN_ARRAY but was BEGIN_OBJECT at line 1 column 2 path $
	at com.google.gson.stream.JsonReader.beginArray(JsonReader.java:350)
	at com.google.gson.internal.bind.ArrayTypeAdapter.read(ArrayTypeAdapter.java:70)
	at com.google.gson.Gson.fromJson(Gson.java:991)
	... 10 more

Oct 06, 2025 5:13:03 PM ai.glog.execute.workers.TriageAndRemediationCallableWorker call
SEVERE: null
java.lang.NullPointerException
	at java.base/java.util.Objects.requireNonNull(Objects.java:233)
	at java.base/java.util.Arrays$ArrayList.<init>(Arrays.java:4234)
	at java.base/java.util.Arrays.asList(Arrays.java:4219)
	at ai.glog.execute.workers.TriageAndRemediationCallableWorker.setGeneralRemediation(TriageAndRemediationCallableWorker.java:162)
	at ai.glog.execute.workers.TriageAndRemediationCallableWorker.call(TriageAndRemediationCallableWorker.java:73)
	at ai.glog.execute.workers.TriageAndRemediationCallableWorker.call(TriageAndRemediationCallableWorker.java:31)
	at java.base/java.util.concurrent.FutureTask.run(FutureTask.java:317)
	at java.base/java.util.concurrent.ThreadPoolExecutor.runWorker(ThreadPoolExecutor.java:1144)
	at java.base/java.util.concurrent.ThreadPoolExecutor$Worker.run(ThreadPoolExecutor.java:642)
	at java.base/java.lang.Thread.run(Thread.java:1623)

Oct 06, 2025 5:13:03 PM ai.glog.service.GlogService getFromGlog
SEVERE: java.lang.IllegalStateException: Expected BEGIN_ARRAY but was BEGIN_OBJECT at line 1 column 2 path $
{"detail":"Invalid token."}
com.google.gson.JsonSyntaxException: java.lang.IllegalStateException: Expected BEGIN_ARRAY but was BEGIN_OBJECT at line 1 column 2 path $
	at com.google.gson.Gson.fromJson(Gson.java:1003)
	at com.google.gson.Gson.fromJson(Gson.java:956)
	at com.google.gson.Gson.fromJson(Gson.java:905)
	at ai.glog.service.GlogService.getFromGlog(GlogService.java:174)
	at ai.glog.execute.workers.TriageAndRemediationCallableWorker.setGeneralRemediation(TriageAndRemediationCallableWorker.java:158)
	at ai.glog.execute.workers.TriageAndRemediationCallableWorker.call(TriageAndRemediationCallableWorker.java:73)
	at ai.glog.execute.workers.TriageAndRemediationCallableWorker.call(TriageAndRemediationCallableWorker.java:31)
	at java.base/java.util.concurrent.FutureTask.run(FutureTask.java:317)
	at java.base/java.util.concurrent.ThreadPoolExecutor.runWorker(ThreadPoolExecutor.java:1144)
	at java.base/java.util.concurrent.ThreadPoolExecutor$Worker.run(ThreadPoolExecutor.java:642)
	at java.base/java.lang.Thread.run(Thread.java:1623)
Caused by: java.lang.IllegalStateException: Expected BEGIN_ARRAY but was BEGIN_OBJECT at line 1 column 2 path $
	at com.google.gson.stream.JsonReader.beginArray(JsonReader.java:350)
	at com.google.gson.internal.bind.ArrayTypeAdapter.read(ArrayTypeAdapter.java:70)
	at com.google.gson.Gson.fromJson(Gson.java:991)
	... 10 more

Oct 06, 2025 5:13:03 PM ai.glog.execute.workers.TriageAndRemediationCallableWorker call
SEVERE: null
java.lang.NullPointerException
	at java.base/java.util.Objects.requireNonNull(Objects.java:233)
	at java.base/java.util.Arrays$ArrayList.<init>(Arrays.java:4234)
	at java.base/java.util.Arrays.asList(Arrays.java:4219)
	at ai.glog.execute.workers.TriageAndRemediationCallableWorker.setGeneralRemediation(TriageAndRemediationCallableWorker.java:162)
	at ai.glog.execute.workers.TriageAndRemediationCallableWorker.call(TriageAndRemediationCallableWorker.java:73)
	at ai.glog.execute.workers.TriageAndRemediationCallableWorker.call(TriageAndRemediationCallableWorker.java:31)
	at java.base/java.util.concurrent.FutureTask.run(FutureTask.java:317)
	at java.base/java.util.concurrent.ThreadPoolExecutor.runWorker(ThreadPoolExecutor.java:1144)
	at java.base/java.util.concurrent.ThreadPoolExecutor$Worker.run(ThreadPoolExecutor.java:642)
	at java.base/java.lang.Thread.run(Thread.java:1623)

Oct 06, 2025 5:13:03 PM ai.glog.execute.workers.TriageAndRemediationCallableWorker isFalsePositive
SEVERE: {
  "ruleId" : "DS154189",
  "ruleIndex" : null,
  "rule" : null,
  "kind" : "FAIL",
  "level" : "WARNING",
  "message" : {
    "text" : "Banned C function detected",
    "markdown" : null,
    "id" : null,
    "arguments" : null,
    "properties" : null
  },
  "analysisTarget" : null,
  "locations" : [ {
    "id" : null,
    "physicalLocation" : {
      "address" : null,
      "artifactLocation" : {
        "uri" : "rocm_smi/src/rocm_smi_binary_parser.cc",
        "uriBaseId" : null,
        "index" : null,
        "description" : null,
        "properties" : null
      },
      "region" : {
        "startLine" : 224,
        "startColumn" : 16,
        "endLine" : 224,
        "endColumn" : 23,
        "charOffset" : 7534,
        "charLength" : 7,
        "byteOffset" : null,
        "byteLength" : null,
        "snippet" : {
          "text" : "sprintf",
          "binary" : null,
          "rendered" : {
            "text" : "sprintf",
            "markdown" : "`sprintf`",
            "properties" : null
          },
          "properties" : null
        },
        "message" : null,
        "sourceLanguage" : "cpp",
        "properties" : null
      },
      "contextRegion" : null,
      "properties" : null
    },
    "logicalLocations" : null,
    "message" : null,
    "annotations" : null,
    "relationships" : null,
    "properties" : null
  } ],
  "guid" : null,
  "correlationGuid" : null,
  "occurrenceCount" : null,
  "partialFingerprints" : null,
  "fingerprints" : null,
  "stacks" : null,
  "codeFlows" : null,
  "graphs" : null,
  "graphTraversals" : null,
  "relatedLocations" : null,
  "suppressions" : null,
  "baselineState" : null,
  "rank" : null,
  "attachments" : null,
  "hostedViewerUri" : null,
  "workItemUris" : null,
  "provenance" : null,
  "fixes" : null,
  "taxa" : null,
  "webRequest" : null,
  "webResponse" : null,
  "properties" : {
    "DevSkimSeverity" : "Moderate",
    "DevSkimConfidence" : "High"
  }
}
java.util.NoSuchElementException: next on empty iterator
	at scala.collection.Iterator$$anon$19.next(Iterator.scala:973)
	at scala.collection.Iterator$$anon$19.next(Iterator.scala:971)
	at scala.collection.Iterator$$anon$6.next(Iterator.scala:492)
	at flatgraph.traversal.GenericSteps$.head$extension(Language.scala:80)
	at ai.glog.cpg.analysis.SinkAnalyzer$.getSink(SinkAnalyzer.scala:29)
	at ai.glog.cpg.analysis.SinkAnalyzer.getSink(SinkAnalyzer.scala)
	at ai.glog.reporting.Sarif.getSinkCpg(Sarif.java:187)
	at ai.glog.plugins.devskim.rules.resolve.DangerousCFunctionDetectedResolver.isFalsePositive(DangerousCFunctionDetectedResolver.java:22)
	at ai.glog.execute.workers.TriageAndRemediationCallableWorker.isFalsePositive(TriageAndRemediationCallableWorker.java:116)
	at ai.glog.execute.workers.TriageAndRemediationCallableWorker.call(TriageAndRemediationCallableWorker.java:66)
	at ai.glog.execute.workers.TriageAndRemediationCallableWorker.call(TriageAndRemediationCallableWorker.java:31)
	at java.base/java.util.concurrent.FutureTask.run(FutureTask.java:317)
	at java.base/java.util.concurrent.ThreadPoolExecutor.runWorker(ThreadPoolExecutor.java:1144)
	at java.base/java.util.concurrent.ThreadPoolExecutor$Worker.run(ThreadPoolExecutor.java:642)
	at java.base/java.lang.Thread.run(Thread.java:1623)

Oct 06, 2025 5:13:03 PM ai.glog.execute.workers.TriageAndRemediationCallableWorker isFalsePositive
SEVERE: next on empty iterator
java.util.NoSuchElementException: next on empty iterator
	at scala.collection.Iterator$$anon$19.next(Iterator.scala:973)
	at scala.collection.Iterator$$anon$19.next(Iterator.scala:971)
	at scala.collection.Iterator$$anon$6.next(Iterator.scala:492)
	at flatgraph.traversal.GenericSteps$.head$extension(Language.scala:80)
	at ai.glog.cpg.analysis.SinkAnalyzer$.getSink(SinkAnalyzer.scala:29)
	at ai.glog.cpg.analysis.SinkAnalyzer.getSink(SinkAnalyzer.scala)
	at ai.glog.reporting.Sarif.getSinkCpg(Sarif.java:187)
	at ai.glog.plugins.devskim.rules.resolve.DangerousCFunctionDetectedResolver.isFalsePositive(DangerousCFunctionDetectedResolver.java:22)
	at ai.glog.execute.workers.TriageAndRemediationCallableWorker.isFalsePositive(TriageAndRemediationCallableWorker.java:116)
	at ai.glog.execute.workers.TriageAndRemediationCallableWorker.call(TriageAndRemediationCallableWorker.java:66)
	at ai.glog.execute.workers.TriageAndRemediationCallableWorker.call(TriageAndRemediationCallableWorker.java:31)
	at java.base/java.util.concurrent.FutureTask.run(FutureTask.java:317)
	at java.base/java.util.concurrent.ThreadPoolExecutor.runWorker(ThreadPoolExecutor.java:1144)
	at java.base/java.util.concurrent.ThreadPoolExecutor$Worker.run(ThreadPoolExecutor.java:642)
	at java.base/java.lang.Thread.run(Thread.java:1623)

Oct 06, 2025 5:13:03 PM ai.glog.service.GlogService getFromGlog
SEVERE: java.lang.IllegalStateException: Expected BEGIN_ARRAY but was BEGIN_OBJECT at line 1 column 2 path $
{"detail":"Invalid token."}
com.google.gson.JsonSyntaxException: java.lang.IllegalStateException: Expected BEGIN_ARRAY but was BEGIN_OBJECT at line 1 column 2 path $
	at com.google.gson.Gson.fromJson(Gson.java:1003)
	at com.google.gson.Gson.fromJson(Gson.java:956)
	at com.google.gson.Gson.fromJson(Gson.java:905)
	at ai.glog.service.GlogService.getFromGlog(GlogService.java:174)
	at ai.glog.execute.workers.TriageAndRemediationCallableWorker.setGeneralRemediation(TriageAndRemediationCallableWorker.java:158)
	at ai.glog.execute.workers.TriageAndRemediationCallableWorker.call(TriageAndRemediationCallableWorker.java:73)
	at ai.glog.execute.workers.TriageAndRemediationCallableWorker.call(TriageAndRemediationCallableWorker.java:31)
	at java.base/java.util.concurrent.FutureTask.run(FutureTask.java:317)
	at java.base/java.util.concurrent.ThreadPoolExecutor.runWorker(ThreadPoolExecutor.java:1144)
	at java.base/java.util.concurrent.ThreadPoolExecutor$Worker.run(ThreadPoolExecutor.java:642)
	at java.base/java.lang.Thread.run(Thread.java:1623)
Caused by: java.lang.IllegalStateException: Expected BEGIN_ARRAY but was BEGIN_OBJECT at line 1 column 2 path $
	at com.google.gson.stream.JsonReader.beginArray(JsonReader.java:350)
	at com.google.gson.internal.bind.ArrayTypeAdapter.read(ArrayTypeAdapter.java:70)
	at com.google.gson.Gson.fromJson(Gson.java:991)
	... 10 more

Oct 06, 2025 5:13:03 PM ai.glog.execute.workers.TriageAndRemediationCallableWorker call
SEVERE: null
java.lang.NullPointerException
	at java.base/java.util.Objects.requireNonNull(Objects.java:233)
	at java.base/java.util.Arrays$ArrayList.<init>(Arrays.java:4234)
	at java.base/java.util.Arrays.asList(Arrays.java:4219)
	at ai.glog.execute.workers.TriageAndRemediationCallableWorker.setGeneralRemediation(TriageAndRemediationCallableWorker.java:162)
	at ai.glog.execute.workers.TriageAndRemediationCallableWorker.call(TriageAndRemediationCallableWorker.java:73)
	at ai.glog.execute.workers.TriageAndRemediationCallableWorker.call(TriageAndRemediationCallableWorker.java:31)
	at java.base/java.util.concurrent.FutureTask.run(FutureTask.java:317)
	at java.base/java.util.concurrent.ThreadPoolExecutor.runWorker(ThreadPoolExecutor.java:1144)
	at java.base/java.util.concurrent.ThreadPoolExecutor$Worker.run(ThreadPoolExecutor.java:642)
	at java.base/java.lang.Thread.run(Thread.java:1623)

Oct 06, 2025 5:13:03 PM ai.glog.execute.workers.TriageAndRemediationCallableWorker isFalsePositive
SEVERE: {
  "ruleId" : "DS154189",
  "ruleIndex" : null,
  "rule" : null,
  "kind" : "FAIL",
  "level" : "WARNING",
  "message" : {
    "text" : "Banned C function detected",
    "markdown" : null,
    "id" : null,
    "arguments" : null,
    "properties" : null
  },
  "analysisTarget" : null,
  "locations" : [ {
    "id" : null,
    "physicalLocation" : {
      "address" : null,
      "artifactLocation" : {
        "uri" : "rocm_smi/src/rocm_smi_binary_parser.cc",
        "uriBaseId" : null,
        "index" : null,
        "description" : null,
        "properties" : null
      },
      "region" : {
        "startLine" : 198,
        "startColumn" : 27,
        "endLine" : 198,
        "endColumn" : 33,
        "charOffset" : 6521,
        "charLength" : 6,
        "byteOffset" : null,
        "byteLength" : null,
        "snippet" : {
          "text" : "rewind",
          "binary" : null,
          "rendered" : {
            "text" : "rewind",
            "markdown" : "`rewind`",
            "properties" : null
          },
          "properties" : null
        },
        "message" : null,
        "sourceLanguage" : "cpp",
        "properties" : null
      },
      "contextRegion" : null,
      "properties" : null
    },
    "logicalLocations" : null,
    "message" : null,
    "annotations" : null,
    "relationships" : null,
    "properties" : null
  } ],
  "guid" : null,
  "correlationGuid" : null,
  "occurrenceCount" : null,
  "partialFingerprints" : null,
  "fingerprints" : null,
  "stacks" : null,
  "codeFlows" : null,
  "graphs" : null,
  "graphTraversals" : null,
  "relatedLocations" : null,
  "suppressions" : null,
  "baselineState" : null,
  "rank" : null,
  "attachments" : null,
  "hostedViewerUri" : null,
  "workItemUris" : null,
  "provenance" : null,
  "fixes" : null,
  "taxa" : null,
  "webRequest" : null,
  "webResponse" : null,
  "properties" : {
    "DevSkimSeverity" : "Moderate",
    "DevSkimConfidence" : "High"
  }
}
java.util.NoSuchElementException: next on empty iterator
	at scala.collection.Iterator$$anon$19.next(Iterator.scala:973)
	at scala.collection.Iterator$$anon$19.next(Iterator.scala:971)
	at scala.collection.Iterator$$anon$6.next(Iterator.scala:492)
	at flatgraph.traversal.GenericSteps$.head$extension(Language.scala:80)
	at ai.glog.cpg.analysis.SinkAnalyzer$.getSink(SinkAnalyzer.scala:29)
	at ai.glog.cpg.analysis.SinkAnalyzer.getSink(SinkAnalyzer.scala)
	at ai.glog.reporting.Sarif.getSinkCpg(Sarif.java:187)
	at ai.glog.plugins.devskim.rules.resolve.DangerousCFunctionDetectedResolver.isFalsePositive(DangerousCFunctionDetectedResolver.java:22)
	at ai.glog.execute.workers.TriageAndRemediationCallableWorker.isFalsePositive(TriageAndRemediationCallableWorker.java:116)
	at ai.glog.execute.workers.TriageAndRemediationCallableWorker.call(TriageAndRemediationCallableWorker.java:66)
	at ai.glog.execute.workers.TriageAndRemediationCallableWorker.call(TriageAndRemediationCallableWorker.java:31)
	at java.base/java.util.concurrent.FutureTask.run(FutureTask.java:317)
	at java.base/java.util.concurrent.ThreadPoolExecutor.runWorker(ThreadPoolExecutor.java:1144)
	at java.base/java.util.concurrent.ThreadPoolExecutor$Worker.run(ThreadPoolExecutor.java:642)
	at java.base/java.lang.Thread.run(Thread.java:1623)

Oct 06, 2025 5:13:03 PM ai.glog.execute.workers.TriageAndRemediationCallableWorker isFalsePositive
SEVERE: next on empty iterator
java.util.NoSuchElementException: next on empty iterator
	at scala.collection.Iterator$$anon$19.next(Iterator.scala:973)
	at scala.collection.Iterator$$anon$19.next(Iterator.scala:971)
	at scala.collection.Iterator$$anon$6.next(Iterator.scala:492)
	at flatgraph.traversal.GenericSteps$.head$extension(Language.scala:80)
	at ai.glog.cpg.analysis.SinkAnalyzer$.getSink(SinkAnalyzer.scala:29)
	at ai.glog.cpg.analysis.SinkAnalyzer.getSink(SinkAnalyzer.scala)
	at ai.glog.reporting.Sarif.getSinkCpg(Sarif.java:187)
	at ai.glog.plugins.devskim.rules.resolve.DangerousCFunctionDetectedResolver.isFalsePositive(DangerousCFunctionDetectedResolver.java:22)
	at ai.glog.execute.workers.TriageAndRemediationCallableWorker.isFalsePositive(TriageAndRemediationCallableWorker.java:116)
	at ai.glog.execute.workers.TriageAndRemediationCallableWorker.call(TriageAndRemediationCallableWorker.java:66)
	at ai.glog.execute.workers.TriageAndRemediationCallableWorker.call(TriageAndRemediationCallableWorker.java:31)
	at java.base/java.util.concurrent.FutureTask.run(FutureTask.java:317)
	at java.base/java.util.concurrent.ThreadPoolExecutor.runWorker(ThreadPoolExecutor.java:1144)
	at java.base/java.util.concurrent.ThreadPoolExecutor$Worker.run(ThreadPoolExecutor.java:642)
	at java.base/java.lang.Thread.run(Thread.java:1623)

Oct 06, 2025 5:13:04 PM ai.glog.service.GlogService getFromGlog
SEVERE: java.lang.IllegalStateException: Expected BEGIN_ARRAY but was BEGIN_OBJECT at line 1 column 2 path $
{"detail":"Invalid token."}
com.google.gson.JsonSyntaxException: java.lang.IllegalStateException: Expected BEGIN_ARRAY but was BEGIN_OBJECT at line 1 column 2 path $
	at com.google.gson.Gson.fromJson(Gson.java:1003)
	at com.google.gson.Gson.fromJson(Gson.java:956)
	at com.google.gson.Gson.fromJson(Gson.java:905)
	at ai.glog.service.GlogService.getFromGlog(GlogService.java:174)
	at ai.glog.execute.workers.TriageAndRemediationCallableWorker.setGeneralRemediation(TriageAndRemediationCallableWorker.java:158)
	at ai.glog.execute.workers.TriageAndRemediationCallableWorker.call(TriageAndRemediationCallableWorker.java:73)
	at ai.glog.execute.workers.TriageAndRemediationCallableWorker.call(TriageAndRemediationCallableWorker.java:31)
	at java.base/java.util.concurrent.FutureTask.run(FutureTask.java:317)
	at java.base/java.util.concurrent.ThreadPoolExecutor.runWorker(ThreadPoolExecutor.java:1144)
	at java.base/java.util.concurrent.ThreadPoolExecutor$Worker.run(ThreadPoolExecutor.java:642)
	at java.base/java.lang.Thread.run(Thread.java:1623)
Caused by: java.lang.IllegalStateException: Expected BEGIN_ARRAY but was BEGIN_OBJECT at line 1 column 2 path $
	at com.google.gson.stream.JsonReader.beginArray(JsonReader.java:350)
	at com.google.gson.internal.bind.ArrayTypeAdapter.read(ArrayTypeAdapter.java:70)
	at com.google.gson.Gson.fromJson(Gson.java:991)
	... 10 more

Oct 06, 2025 5:13:04 PM ai.glog.execute.workers.TriageAndRemediationCallableWorker call
SEVERE: null
java.lang.NullPointerException
	at java.base/java.util.Objects.requireNonNull(Objects.java:233)
	at java.base/java.util.Arrays$ArrayList.<init>(Arrays.java:4234)
	at java.base/java.util.Arrays.asList(Arrays.java:4219)
	at ai.glog.execute.workers.TriageAndRemediationCallableWorker.setGeneralRemediation(TriageAndRemediationCallableWorker.java:162)
	at ai.glog.execute.workers.TriageAndRemediationCallableWorker.call(TriageAndRemediationCallableWorker.java:73)
	at ai.glog.execute.workers.TriageAndRemediationCallableWorker.call(TriageAndRemediationCallableWorker.java:31)
	at java.base/java.util.concurrent.FutureTask.run(FutureTask.java:317)
	at java.base/java.util.concurrent.ThreadPoolExecutor.runWorker(ThreadPoolExecutor.java:1144)
	at java.base/java.util.concurrent.ThreadPoolExecutor$Worker.run(ThreadPoolExecutor.java:642)
	at java.base/java.lang.Thread.run(Thread.java:1623)

Oct 06, 2025 5:13:04 PM ai.glog.service.GlogService getFromGlog
SEVERE: java.lang.IllegalStateException: Expected BEGIN_ARRAY but was BEGIN_OBJECT at line 1 column 2 path $
{"detail":"Invalid token."}
com.google.gson.JsonSyntaxException: java.lang.IllegalStateException: Expected BEGIN_ARRAY but was BEGIN_OBJECT at line 1 column 2 path $
	at com.google.gson.Gson.fromJson(Gson.java:1003)
	at com.google.gson.Gson.fromJson(Gson.java:956)
	at com.google.gson.Gson.fromJson(Gson.java:905)
	at ai.glog.service.GlogService.getFromGlog(GlogService.java:174)
	at ai.glog.execute.workers.TriageAndRemediationCallableWorker.setGeneralRemediation(TriageAndRemediationCallableWorker.java:158)
	at ai.glog.execute.workers.TriageAndRemediationCallableWorker.call(TriageAndRemediationCallableWorker.java:73)
	at ai.glog.execute.workers.TriageAndRemediationCallableWorker.call(TriageAndRemediationCallableWorker.java:31)
	at java.base/java.util.concurrent.FutureTask.run(FutureTask.java:317)
	at java.base/java.util.concurrent.ThreadPoolExecutor.runWorker(ThreadPoolExecutor.java:1144)
	at java.base/java.util.concurrent.ThreadPoolExecutor$Worker.run(ThreadPoolExecutor.java:642)
	at java.base/java.lang.Thread.run(Thread.java:1623)
Caused by: java.lang.IllegalStateException: Expected BEGIN_ARRAY but was BEGIN_OBJECT at line 1 column 2 path $
	at com.google.gson.stream.JsonReader.beginArray(JsonReader.java:350)
	at com.google.gson.internal.bind.ArrayTypeAdapter.read(ArrayTypeAdapter.java:70)
	at com.google.gson.Gson.fromJson(Gson.java:991)
	... 10 more

Oct 06, 2025 5:13:04 PM ai.glog.execute.workers.TriageAndRemediationCallableWorker call
SEVERE: null
java.lang.NullPointerException
	at java.base/java.util.Objects.requireNonNull(Objects.java:233)
	at java.base/java.util.Arrays$ArrayList.<init>(Arrays.java:4234)
	at java.base/java.util.Arrays.asList(Arrays.java:4219)
	at ai.glog.execute.workers.TriageAndRemediationCallableWorker.setGeneralRemediation(TriageAndRemediationCallableWorker.java:162)
	at ai.glog.execute.workers.TriageAndRemediationCallableWorker.call(TriageAndRemediationCallableWorker.java:73)
	at ai.glog.execute.workers.TriageAndRemediationCallableWorker.call(TriageAndRemediationCallableWorker.java:31)
	at java.base/java.util.concurrent.FutureTask.run(FutureTask.java:317)
	at java.base/java.util.concurrent.ThreadPoolExecutor.runWorker(ThreadPoolExecutor.java:1144)
	at java.base/java.util.concurrent.ThreadPoolExecutor$Worker.run(ThreadPoolExecutor.java:642)
	at java.base/java.lang.Thread.run(Thread.java:1623)

Oct 06, 2025 5:13:04 PM ai.glog.service.GlogService getFromGlog
SEVERE: java.lang.IllegalStateException: Expected BEGIN_ARRAY but was BEGIN_OBJECT at line 1 column 2 path $
{"detail":"Invalid token."}
com.google.gson.JsonSyntaxException: java.lang.IllegalStateException: Expected BEGIN_ARRAY but was BEGIN_OBJECT at line 1 column 2 path $
	at com.google.gson.Gson.fromJson(Gson.java:1003)
	at com.google.gson.Gson.fromJson(Gson.java:956)
	at com.google.gson.Gson.fromJson(Gson.java:905)
	at ai.glog.service.GlogService.getFromGlog(GlogService.java:174)
	at ai.glog.execute.workers.TriageAndRemediationCallableWorker.setGeneralRemediation(TriageAndRemediationCallableWorker.java:158)
	at ai.glog.execute.workers.TriageAndRemediationCallableWorker.call(TriageAndRemediationCallableWorker.java:73)
	at ai.glog.execute.workers.TriageAndRemediationCallableWorker.call(TriageAndRemediationCallableWorker.java:31)
	at java.base/java.util.concurrent.FutureTask.run(FutureTask.java:317)
	at java.base/java.util.concurrent.ThreadPoolExecutor.runWorker(ThreadPoolExecutor.java:1144)
	at java.base/java.util.concurrent.ThreadPoolExecutor$Worker.run(ThreadPoolExecutor.java:642)
	at java.base/java.lang.Thread.run(Thread.java:1623)
Caused by: java.lang.IllegalStateException: Expected BEGIN_ARRAY but was BEGIN_OBJECT at line 1 column 2 path $
	at com.google.gson.stream.JsonReader.beginArray(JsonReader.java:350)
	at com.google.gson.internal.bind.ArrayTypeAdapter.read(ArrayTypeAdapter.java:70)
	at com.google.gson.Gson.fromJson(Gson.java:991)
	... 10 more

Oct 06, 2025 5:13:04 PM ai.glog.execute.workers.TriageAndRemediationCallableWorker call
SEVERE: null
java.lang.NullPointerException
	at java.base/java.util.Objects.requireNonNull(Objects.java:233)
	at java.base/java.util.Arrays$ArrayList.<init>(Arrays.java:4234)
	at java.base/java.util.Arrays.asList(Arrays.java:4219)
	at ai.glog.execute.workers.TriageAndRemediationCallableWorker.setGeneralRemediation(TriageAndRemediationCallableWorker.java:162)
	at ai.glog.execute.workers.TriageAndRemediationCallableWorker.call(TriageAndRemediationCallableWorker.java:73)
	at ai.glog.execute.workers.TriageAndRemediationCallableWorker.call(TriageAndRemediationCallableWorker.java:31)
	at java.base/java.util.concurrent.FutureTask.run(FutureTask.java:317)
	at java.base/java.util.concurrent.ThreadPoolExecutor.runWorker(ThreadPoolExecutor.java:1144)
	at java.base/java.util.concurrent.ThreadPoolExecutor$Worker.run(ThreadPoolExecutor.java:642)
	at java.base/java.lang.Thread.run(Thread.java:1623)

Oct 06, 2025 5:13:05 PM ai.glog.service.GlogService getFromGlog
SEVERE: java.lang.IllegalStateException: Expected BEGIN_ARRAY but was BEGIN_OBJECT at line 1 column 2 path $
{"detail":"Invalid token."}
com.google.gson.JsonSyntaxException: java.lang.IllegalStateException: Expected BEGIN_ARRAY but was BEGIN_OBJECT at line 1 column 2 path $
	at com.google.gson.Gson.fromJson(Gson.java:1003)
	at com.google.gson.Gson.fromJson(Gson.java:956)
	at com.google.gson.Gson.fromJson(Gson.java:905)
	at ai.glog.service.GlogService.getFromGlog(GlogService.java:174)
	at ai.glog.execute.workers.TriageAndRemediationCallableWorker.setGeneralRemediation(TriageAndRemediationCallableWorker.java:158)
	at ai.glog.execute.workers.TriageAndRemediationCallableWorker.call(TriageAndRemediationCallableWorker.java:73)
	at ai.glog.execute.workers.TriageAndRemediationCallableWorker.call(TriageAndRemediationCallableWorker.java:31)
	at java.base/java.util.concurrent.FutureTask.run(FutureTask.java:317)
	at java.base/java.util.concurrent.ThreadPoolExecutor.runWorker(ThreadPoolExecutor.java:1144)
	at java.base/java.util.concurrent.ThreadPoolExecutor$Worker.run(ThreadPoolExecutor.java:642)
	at java.base/java.lang.Thread.run(Thread.java:1623)
Caused by: java.lang.IllegalStateException: Expected BEGIN_ARRAY but was BEGIN_OBJECT at line 1 column 2 path $
	at com.google.gson.stream.JsonReader.beginArray(JsonReader.java:350)
	at com.google.gson.internal.bind.ArrayTypeAdapter.read(ArrayTypeAdapter.java:70)
	at com.google.gson.Gson.fromJson(Gson.java:991)
	... 10 more

Oct 06, 2025 5:13:05 PM ai.glog.execute.workers.TriageAndRemediationCallableWorker call
SEVERE: null
java.lang.NullPointerException
	at java.base/java.util.Objects.requireNonNull(Objects.java:233)
	at java.base/java.util.Arrays$ArrayList.<init>(Arrays.java:4234)
	at java.base/java.util.Arrays.asList(Arrays.java:4219)
	at ai.glog.execute.workers.TriageAndRemediationCallableWorker.setGeneralRemediation(TriageAndRemediationCallableWorker.java:162)
	at ai.glog.execute.workers.TriageAndRemediationCallableWorker.call(TriageAndRemediationCallableWorker.java:73)
	at ai.glog.execute.workers.TriageAndRemediationCallableWorker.call(TriageAndRemediationCallableWorker.java:31)
	at java.base/java.util.concurrent.FutureTask.run(FutureTask.java:317)
	at java.base/java.util.concurrent.ThreadPoolExecutor.runWorker(ThreadPoolExecutor.java:1144)
	at java.base/java.util.concurrent.ThreadPoolExecutor$Worker.run(ThreadPoolExecutor.java:642)
	at java.base/java.lang.Thread.run(Thread.java:1623)

Oct 06, 2025 5:13:05 PM ai.glog.service.GlogService getFromGlog
SEVERE: java.lang.IllegalStateException: Expected BEGIN_ARRAY but was BEGIN_OBJECT at line 1 column 2 path $
{"detail":"Invalid token."}
com.google.gson.JsonSyntaxException: java.lang.IllegalStateException: Expected BEGIN_ARRAY but was BEGIN_OBJECT at line 1 column 2 path $
	at com.google.gson.Gson.fromJson(Gson.java:1003)
	at com.google.gson.Gson.fromJson(Gson.java:956)
	at com.google.gson.Gson.fromJson(Gson.java:905)
	at ai.glog.service.GlogService.getFromGlog(GlogService.java:174)
	at ai.glog.execute.workers.TriageAndRemediationCallableWorker.setGeneralRemediation(TriageAndRemediationCallableWorker.java:158)
	at ai.glog.execute.workers.TriageAndRemediationCallableWorker.call(TriageAndRemediationCallableWorker.java:73)
	at ai.glog.execute.workers.TriageAndRemediationCallableWorker.call(TriageAndRemediationCallableWorker.java:31)
	at java.base/java.util.concurrent.FutureTask.run(FutureTask.java:317)
	at java.base/java.util.concurrent.ThreadPoolExecutor.runWorker(ThreadPoolExecutor.java:1144)
	at java.base/java.util.concurrent.ThreadPoolExecutor$Worker.run(ThreadPoolExecutor.java:642)
	at java.base/java.lang.Thread.run(Thread.java:1623)
Caused by: java.lang.IllegalStateException: Expected BEGIN_ARRAY but was BEGIN_OBJECT at line 1 column 2 path $
	at com.google.gson.stream.JsonReader.beginArray(JsonReader.java:350)
	at com.google.gson.internal.bind.ArrayTypeAdapter.read(ArrayTypeAdapter.java:70)
	at com.google.gson.Gson.fromJson(Gson.java:991)
	... 10 more

Oct 06, 2025 5:13:05 PM ai.glog.execute.workers.TriageAndRemediationCallableWorker call
SEVERE: null
java.lang.NullPointerException
	at java.base/java.util.Objects.requireNonNull(Objects.java:233)
	at java.base/java.util.Arrays$ArrayList.<init>(Arrays.java:4234)
	at java.base/java.util.Arrays.asList(Arrays.java:4219)
	at ai.glog.execute.workers.TriageAndRemediationCallableWorker.setGeneralRemediation(TriageAndRemediationCallableWorker.java:162)
	at ai.glog.execute.workers.TriageAndRemediationCallableWorker.call(TriageAndRemediationCallableWorker.java:73)
	at ai.glog.execute.workers.TriageAndRemediationCallableWorker.call(TriageAndRemediationCallableWorker.java:31)
	at java.base/java.util.concurrent.FutureTask.run(FutureTask.java:317)
	at java.base/java.util.concurrent.ThreadPoolExecutor.runWorker(ThreadPoolExecutor.java:1144)
	at java.base/java.util.concurrent.ThreadPoolExecutor$Worker.run(ThreadPoolExecutor.java:642)
	at java.base/java.lang.Thread.run(Thread.java:1623)

Oct 06, 2025 5:13:05 PM ai.glog.service.GlogService getFromGlog
SEVERE: java.lang.IllegalStateException: Expected BEGIN_ARRAY but was BEGIN_OBJECT at line 1 column 2 path $
{"detail":"Invalid token."}
com.google.gson.JsonSyntaxException: java.lang.IllegalStateException: Expected BEGIN_ARRAY but was BEGIN_OBJECT at line 1 column 2 path $
	at com.google.gson.Gson.fromJson(Gson.java:1003)
	at com.google.gson.Gson.fromJson(Gson.java:956)
	at com.google.gson.Gson.fromJson(Gson.java:905)
	at ai.glog.service.GlogService.getFromGlog(GlogService.java:174)
	at ai.glog.execute.workers.TriageAndRemediationCallableWorker.setGeneralRemediation(TriageAndRemediationCallableWorker.java:158)
	at ai.glog.execute.workers.TriageAndRemediationCallableWorker.call(TriageAndRemediationCallableWorker.java:73)
	at ai.glog.execute.workers.TriageAndRemediationCallableWorker.call(TriageAndRemediationCallableWorker.java:31)
	at java.base/java.util.concurrent.FutureTask.run(FutureTask.java:317)
	at java.base/java.util.concurrent.ThreadPoolExecutor.runWorker(ThreadPoolExecutor.java:1144)
	at java.base/java.util.concurrent.ThreadPoolExecutor$Worker.run(ThreadPoolExecutor.java:642)
	at java.base/java.lang.Thread.run(Thread.java:1623)
Caused by: java.lang.IllegalStateException: Expected BEGIN_ARRAY but was BEGIN_OBJECT at line 1 column 2 path $
	at com.google.gson.stream.JsonReader.beginArray(JsonReader.java:350)
	at com.google.gson.internal.bind.ArrayTypeAdapter.read(ArrayTypeAdapter.java:70)
	at com.google.gson.Gson.fromJson(Gson.java:991)
	... 10 more

Oct 06, 2025 5:13:05 PM ai.glog.execute.workers.TriageAndRemediationCallableWorker call
SEVERE: null
java.lang.NullPointerException
	at java.base/java.util.Objects.requireNonNull(Objects.java:233)
	at java.base/java.util.Arrays$ArrayList.<init>(Arrays.java:4234)
	at java.base/java.util.Arrays.asList(Arrays.java:4219)
	at ai.glog.execute.workers.TriageAndRemediationCallableWorker.setGeneralRemediation(TriageAndRemediationCallableWorker.java:162)
	at ai.glog.execute.workers.TriageAndRemediationCallableWorker.call(TriageAndRemediationCallableWorker.java:73)
	at ai.glog.execute.workers.TriageAndRemediationCallableWorker.call(TriageAndRemediationCallableWorker.java:31)
	at java.base/java.util.concurrent.FutureTask.run(FutureTask.java:317)
	at java.base/java.util.concurrent.ThreadPoolExecutor.runWorker(ThreadPoolExecutor.java:1144)
	at java.base/java.util.concurrent.ThreadPoolExecutor$Worker.run(ThreadPoolExecutor.java:642)
	at java.base/java.lang.Thread.run(Thread.java:1623)

Oct 06, 2025 5:13:06 PM ai.glog.service.GlogService getFromGlog
SEVERE: java.lang.IllegalStateException: Expected BEGIN_ARRAY but was BEGIN_OBJECT at line 1 column 2 path $
{"detail":"Invalid token."}
com.google.gson.JsonSyntaxException: java.lang.IllegalStateException: Expected BEGIN_ARRAY but was BEGIN_OBJECT at line 1 column 2 path $
	at com.google.gson.Gson.fromJson(Gson.java:1003)
	at com.google.gson.Gson.fromJson(Gson.java:956)
	at com.google.gson.Gson.fromJson(Gson.java:905)
	at ai.glog.service.GlogService.getFromGlog(GlogService.java:174)
	at ai.glog.execute.workers.TriageAndRemediationCallableWorker.setGeneralRemediation(TriageAndRemediationCallableWorker.java:158)
	at ai.glog.execute.workers.TriageAndRemediationCallableWorker.call(TriageAndRemediationCallableWorker.java:73)
	at ai.glog.execute.workers.TriageAndRemediationCallableWorker.call(TriageAndRemediationCallableWorker.java:31)
	at java.base/java.util.concurrent.FutureTask.run(FutureTask.java:317)
	at java.base/java.util.concurrent.ThreadPoolExecutor.runWorker(ThreadPoolExecutor.java:1144)
	at java.base/java.util.concurrent.ThreadPoolExecutor$Worker.run(ThreadPoolExecutor.java:642)
	at java.base/java.lang.Thread.run(Thread.java:1623)
Caused by: java.lang.IllegalStateException: Expected BEGIN_ARRAY but was BEGIN_OBJECT at line 1 column 2 path $
	at com.google.gson.stream.JsonReader.beginArray(JsonReader.java:350)
	at com.google.gson.internal.bind.ArrayTypeAdapter.read(ArrayTypeAdapter.java:70)
	at com.google.gson.Gson.fromJson(Gson.java:991)
	... 10 more

Oct 06, 2025 5:13:06 PM ai.glog.execute.workers.TriageAndRemediationCallableWorker call
SEVERE: null
java.lang.NullPointerException
	at java.base/java.util.Objects.requireNonNull(Objects.java:233)
	at java.base/java.util.Arrays$ArrayList.<init>(Arrays.java:4234)
	at java.base/java.util.Arrays.asList(Arrays.java:4219)
	at ai.glog.execute.workers.TriageAndRemediationCallableWorker.setGeneralRemediation(TriageAndRemediationCallableWorker.java:162)
	at ai.glog.execute.workers.TriageAndRemediationCallableWorker.call(TriageAndRemediationCallableWorker.java:73)
	at ai.glog.execute.workers.TriageAndRemediationCallableWorker.call(TriageAndRemediationCallableWorker.java:31)
	at java.base/java.util.concurrent.FutureTask.run(FutureTask.java:317)
	at java.base/java.util.concurrent.ThreadPoolExecutor.runWorker(ThreadPoolExecutor.java:1144)
	at java.base/java.util.concurrent.ThreadPoolExecutor$Worker.run(ThreadPoolExecutor.java:642)
	at java.base/java.lang.Thread.run(Thread.java:1623)

Oct 06, 2025 5:13:06 PM ai.glog.service.GlogService getFromGlog
SEVERE: java.lang.IllegalStateException: Expected BEGIN_ARRAY but was BEGIN_OBJECT at line 1 column 2 path $
{"detail":"Invalid token."}
com.google.gson.JsonSyntaxException: java.lang.IllegalStateException: Expected BEGIN_ARRAY but was BEGIN_OBJECT at line 1 column 2 path $
	at com.google.gson.Gson.fromJson(Gson.java:1003)
	at com.google.gson.Gson.fromJson(Gson.java:956)
	at com.google.gson.Gson.fromJson(Gson.java:905)
	at ai.glog.service.GlogService.getFromGlog(GlogService.java:174)
	at ai.glog.execute.workers.TriageAndRemediationCallableWorker.setGeneralRemediation(TriageAndRemediationCallableWorker.java:158)
	at ai.glog.execute.workers.TriageAndRemediationCallableWorker.call(TriageAndRemediationCallableWorker.java:73)
	at ai.glog.execute.workers.TriageAndRemediationCallableWorker.call(TriageAndRemediationCallableWorker.java:31)
	at java.base/java.util.concurrent.FutureTask.run(FutureTask.java:317)
	at java.base/java.util.concurrent.ThreadPoolExecutor.runWorker(ThreadPoolExecutor.java:1144)
	at java.base/java.util.concurrent.ThreadPoolExecutor$Worker.run(ThreadPoolExecutor.java:642)
	at java.base/java.lang.Thread.run(Thread.java:1623)
Caused by: java.lang.IllegalStateException: Expected BEGIN_ARRAY but was BEGIN_OBJECT at line 1 column 2 path $
	at com.google.gson.stream.JsonReader.beginArray(JsonReader.java:350)
	at com.google.gson.internal.bind.ArrayTypeAdapter.read(ArrayTypeAdapter.java:70)
	at com.google.gson.Gson.fromJson(Gson.java:991)
	... 10 more

Oct 06, 2025 5:13:06 PM ai.glog.execute.workers.TriageAndRemediationCallableWorker call
SEVERE: null
java.lang.NullPointerException
	at java.base/java.util.Objects.requireNonNull(Objects.java:233)
	at java.base/java.util.Arrays$ArrayList.<init>(Arrays.java:4234)
	at java.base/java.util.Arrays.asList(Arrays.java:4219)
	at ai.glog.execute.workers.TriageAndRemediationCallableWorker.setGeneralRemediation(TriageAndRemediationCallableWorker.java:162)
	at ai.glog.execute.workers.TriageAndRemediationCallableWorker.call(TriageAndRemediationCallableWorker.java:73)
	at ai.glog.execute.workers.TriageAndRemediationCallableWorker.call(TriageAndRemediationCallableWorker.java:31)
	at java.base/java.util.concurrent.FutureTask.run(FutureTask.java:317)
	at java.base/java.util.concurrent.ThreadPoolExecutor.runWorker(ThreadPoolExecutor.java:1144)
	at java.base/java.util.concurrent.ThreadPoolExecutor$Worker.run(ThreadPoolExecutor.java:642)
	at java.base/java.lang.Thread.run(Thread.java:1623)

Oct 06, 2025 5:13:06 PM ai.glog.service.GlogService getFromGlog
SEVERE: java.lang.IllegalStateException: Expected BEGIN_ARRAY but was BEGIN_OBJECT at line 1 column 2 path $
{"detail":"Invalid token."}
com.google.gson.JsonSyntaxException: java.lang.IllegalStateException: Expected BEGIN_ARRAY but was BEGIN_OBJECT at line 1 column 2 path $
	at com.google.gson.Gson.fromJson(Gson.java:1003)
	at com.google.gson.Gson.fromJson(Gson.java:956)
	at com.google.gson.Gson.fromJson(Gson.java:905)
	at ai.glog.service.GlogService.getFromGlog(GlogService.java:174)
	at ai.glog.execute.workers.TriageAndRemediationCallableWorker.setGeneralRemediation(TriageAndRemediationCallableWorker.java:158)
	at ai.glog.execute.workers.TriageAndRemediationCallableWorker.call(TriageAndRemediationCallableWorker.java:73)
	at ai.glog.execute.workers.TriageAndRemediationCallableWorker.call(TriageAndRemediationCallableWorker.java:31)
	at java.base/java.util.concurrent.FutureTask.run(FutureTask.java:317)
	at java.base/java.util.concurrent.ThreadPoolExecutor.runWorker(ThreadPoolExecutor.java:1144)
	at java.base/java.util.concurrent.ThreadPoolExecutor$Worker.run(ThreadPoolExecutor.java:642)
	at java.base/java.lang.Thread.run(Thread.java:1623)
Caused by: java.lang.IllegalStateException: Expected BEGIN_ARRAY but was BEGIN_OBJECT at line 1 column 2 path $
	at com.google.gson.stream.JsonReader.beginArray(JsonReader.java:350)
	at com.google.gson.internal.bind.ArrayTypeAdapter.read(ArrayTypeAdapter.java:70)
	at com.google.gson.Gson.fromJson(Gson.java:991)
	... 10 more

Oct 06, 2025 5:13:06 PM ai.glog.execute.workers.TriageAndRemediationCallableWorker call
SEVERE: null
java.lang.NullPointerException
	at java.base/java.util.Objects.requireNonNull(Objects.java:233)
	at java.base/java.util.Arrays$ArrayList.<init>(Arrays.java:4234)
	at java.base/java.util.Arrays.asList(Arrays.java:4219)
	at ai.glog.execute.workers.TriageAndRemediationCallableWorker.setGeneralRemediation(TriageAndRemediationCallableWorker.java:162)
	at ai.glog.execute.workers.TriageAndRemediationCallableWorker.call(TriageAndRemediationCallableWorker.java:73)
	at ai.glog.execute.workers.TriageAndRemediationCallableWorker.call(TriageAndRemediationCallableWorker.java:31)
	at java.base/java.util.concurrent.FutureTask.run(FutureTask.java:317)
	at java.base/java.util.concurrent.ThreadPoolExecutor.runWorker(ThreadPoolExecutor.java:1144)
	at java.base/java.util.concurrent.ThreadPoolExecutor$Worker.run(ThreadPoolExecutor.java:642)
	at java.base/java.lang.Thread.run(Thread.java:1623)

Oct 06, 2025 5:13:07 PM ai.glog.service.GlogService getFromGlog
SEVERE: java.lang.IllegalStateException: Expected BEGIN_ARRAY but was BEGIN_OBJECT at line 1 column 2 path $
{"detail":"Invalid token."}
com.google.gson.JsonSyntaxException: java.lang.IllegalStateException: Expected BEGIN_ARRAY but was BEGIN_OBJECT at line 1 column 2 path $
	at com.google.gson.Gson.fromJson(Gson.java:1003)
	at com.google.gson.Gson.fromJson(Gson.java:956)
	at com.google.gson.Gson.fromJson(Gson.java:905)
	at ai.glog.service.GlogService.getFromGlog(GlogService.java:174)
	at ai.glog.execute.workers.TriageAndRemediationCallableWorker.setGeneralRemediation(TriageAndRemediationCallableWorker.java:158)
	at ai.glog.execute.workers.TriageAndRemediationCallableWorker.call(TriageAndRemediationCallableWorker.java:73)
	at ai.glog.execute.workers.TriageAndRemediationCallableWorker.call(TriageAndRemediationCallableWorker.java:31)
	at java.base/java.util.concurrent.FutureTask.run(FutureTask.java:317)
	at java.base/java.util.concurrent.ThreadPoolExecutor.runWorker(ThreadPoolExecutor.java:1144)
	at java.base/java.util.concurrent.ThreadPoolExecutor$Worker.run(ThreadPoolExecutor.java:642)
	at java.base/java.lang.Thread.run(Thread.java:1623)
Caused by: java.lang.IllegalStateException: Expected BEGIN_ARRAY but was BEGIN_OBJECT at line 1 column 2 path $
	at com.google.gson.stream.JsonReader.beginArray(JsonReader.java:350)
	at com.google.gson.internal.bind.ArrayTypeAdapter.read(ArrayTypeAdapter.java:70)
	at com.google.gson.Gson.fromJson(Gson.java:991)
	... 10 more

Oct 06, 2025 5:13:07 PM ai.glog.execute.workers.TriageAndRemediationCallableWorker call
SEVERE: null
java.lang.NullPointerException
	at java.base/java.util.Objects.requireNonNull(Objects.java:233)
	at java.base/java.util.Arrays$ArrayList.<init>(Arrays.java:4234)
	at java.base/java.util.Arrays.asList(Arrays.java:4219)
	at ai.glog.execute.workers.TriageAndRemediationCallableWorker.setGeneralRemediation(TriageAndRemediationCallableWorker.java:162)
	at ai.glog.execute.workers.TriageAndRemediationCallableWorker.call(TriageAndRemediationCallableWorker.java:73)
	at ai.glog.execute.workers.TriageAndRemediationCallableWorker.call(TriageAndRemediationCallableWorker.java:31)
	at java.base/java.util.concurrent.FutureTask.run(FutureTask.java:317)
	at java.base/java.util.concurrent.ThreadPoolExecutor.runWorker(ThreadPoolExecutor.java:1144)
	at java.base/java.util.concurrent.ThreadPoolExecutor$Worker.run(ThreadPoolExecutor.java:642)
	at java.base/java.lang.Thread.run(Thread.java:1623)

Oct 06, 2025 5:13:07 PM ai.glog.service.GlogService getFromGlog
SEVERE: java.lang.IllegalStateException: Expected BEGIN_ARRAY but was BEGIN_OBJECT at line 1 column 2 path $
{"detail":"Invalid token."}
com.google.gson.JsonSyntaxException: java.lang.IllegalStateException: Expected BEGIN_ARRAY but was BEGIN_OBJECT at line 1 column 2 path $
	at com.google.gson.Gson.fromJson(Gson.java:1003)
	at com.google.gson.Gson.fromJson(Gson.java:956)
	at com.google.gson.Gson.fromJson(Gson.java:905)
	at ai.glog.service.GlogService.getFromGlog(GlogService.java:174)
	at ai.glog.execute.workers.TriageAndRemediationCallableWorker.setGeneralRemediation(TriageAndRemediationCallableWorker.java:158)
	at ai.glog.execute.workers.TriageAndRemediationCallableWorker.call(TriageAndRemediationCallableWorker.java:73)
	at ai.glog.execute.workers.TriageAndRemediationCallableWorker.call(TriageAndRemediationCallableWorker.java:31)
	at java.base/java.util.concurrent.FutureTask.run(FutureTask.java:317)
	at java.base/java.util.concurrent.ThreadPoolExecutor.runWorker(ThreadPoolExecutor.java:1144)
	at java.base/java.util.concurrent.ThreadPoolExecutor$Worker.run(ThreadPoolExecutor.java:642)
	at java.base/java.lang.Thread.run(Thread.java:1623)
Caused by: java.lang.IllegalStateException: Expected BEGIN_ARRAY but was BEGIN_OBJECT at line 1 column 2 path $
	at com.google.gson.stream.JsonReader.beginArray(JsonReader.java:350)
	at com.google.gson.internal.bind.ArrayTypeAdapter.read(ArrayTypeAdapter.java:70)
	at com.google.gson.Gson.fromJson(Gson.java:991)
	... 10 more

Oct 06, 2025 5:13:07 PM ai.glog.execute.workers.TriageAndRemediationCallableWorker call
SEVERE: null
java.lang.NullPointerException
	at java.base/java.util.Objects.requireNonNull(Objects.java:233)
	at java.base/java.util.Arrays$ArrayList.<init>(Arrays.java:4234)
	at java.base/java.util.Arrays.asList(Arrays.java:4219)
	at ai.glog.execute.workers.TriageAndRemediationCallableWorker.setGeneralRemediation(TriageAndRemediationCallableWorker.java:162)
	at ai.glog.execute.workers.TriageAndRemediationCallableWorker.call(TriageAndRemediationCallableWorker.java:73)
	at ai.glog.execute.workers.TriageAndRemediationCallableWorker.call(TriageAndRemediationCallableWorker.java:31)
	at java.base/java.util.concurrent.FutureTask.run(FutureTask.java:317)
	at java.base/java.util.concurrent.ThreadPoolExecutor.runWorker(ThreadPoolExecutor.java:1144)
	at java.base/java.util.concurrent.ThreadPoolExecutor$Worker.run(ThreadPoolExecutor.java:642)
	at java.base/java.lang.Thread.run(Thread.java:1623)

Oct 06, 2025 5:13:08 PM ai.glog.service.GlogService getFromGlog
SEVERE: java.lang.IllegalStateException: Expected BEGIN_ARRAY but was BEGIN_OBJECT at line 1 column 2 path $
{"detail":"Invalid token."}
com.google.gson.JsonSyntaxException: java.lang.IllegalStateException: Expected BEGIN_ARRAY but was BEGIN_OBJECT at line 1 column 2 path $
	at com.google.gson.Gson.fromJson(Gson.java:1003)
	at com.google.gson.Gson.fromJson(Gson.java:956)
	at com.google.gson.Gson.fromJson(Gson.java:905)
	at ai.glog.service.GlogService.getFromGlog(GlogService.java:174)
	at ai.glog.execute.workers.TriageAndRemediationCallableWorker.setGeneralRemediation(TriageAndRemediationCallableWorker.java:158)
	at ai.glog.execute.workers.TriageAndRemediationCallableWorker.call(TriageAndRemediationCallableWorker.java:73)
	at ai.glog.execute.workers.TriageAndRemediationCallableWorker.call(TriageAndRemediationCallableWorker.java:31)
	at java.base/java.util.concurrent.FutureTask.run(FutureTask.java:317)
	at java.base/java.util.concurrent.ThreadPoolExecutor.runWorker(ThreadPoolExecutor.java:1144)
	at java.base/java.util.concurrent.ThreadPoolExecutor$Worker.run(ThreadPoolExecutor.java:642)
	at java.base/java.lang.Thread.run(Thread.java:1623)
Caused by: java.lang.IllegalStateException: Expected BEGIN_ARRAY but was BEGIN_OBJECT at line 1 column 2 path $
	at com.google.gson.stream.JsonReader.beginArray(JsonReader.java:350)
	at com.google.gson.internal.bind.ArrayTypeAdapter.read(ArrayTypeAdapter.java:70)
	at com.google.gson.Gson.fromJson(Gson.java:991)
	... 10 more

Oct 06, 2025 5:13:08 PM ai.glog.execute.workers.TriageAndRemediationCallableWorker call
SEVERE: null
java.lang.NullPointerException
	at java.base/java.util.Objects.requireNonNull(Objects.java:233)
	at java.base/java.util.Arrays$ArrayList.<init>(Arrays.java:4234)
	at java.base/java.util.Arrays.asList(Arrays.java:4219)
	at ai.glog.execute.workers.TriageAndRemediationCallableWorker.setGeneralRemediation(TriageAndRemediationCallableWorker.java:162)
	at ai.glog.execute.workers.TriageAndRemediationCallableWorker.call(TriageAndRemediationCallableWorker.java:73)
	at ai.glog.execute.workers.TriageAndRemediationCallableWorker.call(TriageAndRemediationCallableWorker.java:31)
	at java.base/java.util.concurrent.FutureTask.run(FutureTask.java:317)
	at java.base/java.util.concurrent.ThreadPoolExecutor.runWorker(ThreadPoolExecutor.java:1144)
	at java.base/java.util.concurrent.ThreadPoolExecutor$Worker.run(ThreadPoolExecutor.java:642)
	at java.base/java.lang.Thread.run(Thread.java:1623)

Oct 06, 2025 5:13:08 PM ai.glog.service.GlogService getFromGlog
SEVERE: java.lang.IllegalStateException: Expected BEGIN_ARRAY but was BEGIN_OBJECT at line 1 column 2 path $
{"detail":"Invalid token."}
com.google.gson.JsonSyntaxException: java.lang.IllegalStateException: Expected BEGIN_ARRAY but was BEGIN_OBJECT at line 1 column 2 path $
	at com.google.gson.Gson.fromJson(Gson.java:1003)
	at com.google.gson.Gson.fromJson(Gson.java:956)
	at com.google.gson.Gson.fromJson(Gson.java:905)
	at ai.glog.service.GlogService.getFromGlog(GlogService.java:174)
	at ai.glog.execute.workers.TriageAndRemediationCallableWorker.setGeneralRemediation(TriageAndRemediationCallableWorker.java:158)
	at ai.glog.execute.workers.TriageAndRemediationCallableWorker.call(TriageAndRemediationCallableWorker.java:73)
	at ai.glog.execute.workers.TriageAndRemediationCallableWorker.call(TriageAndRemediationCallableWorker.java:31)
	at java.base/java.util.concurrent.FutureTask.run(FutureTask.java:317)
	at java.base/java.util.concurrent.ThreadPoolExecutor.runWorker(ThreadPoolExecutor.java:1144)
	at java.base/java.util.concurrent.ThreadPoolExecutor$Worker.run(ThreadPoolExecutor.java:642)
	at java.base/java.lang.Thread.run(Thread.java:1623)
Caused by: java.lang.IllegalStateException: Expected BEGIN_ARRAY but was BEGIN_OBJECT at line 1 column 2 path $
	at com.google.gson.stream.JsonReader.beginArray(JsonReader.java:350)
	at com.google.gson.internal.bind.ArrayTypeAdapter.read(ArrayTypeAdapter.java:70)
	at com.google.gson.Gson.fromJson(Gson.java:991)
	... 10 more

Oct 06, 2025 5:13:08 PM ai.glog.execute.workers.TriageAndRemediationCallableWorker call
SEVERE: null
java.lang.NullPointerException
	at java.base/java.util.Objects.requireNonNull(Objects.java:233)
	at java.base/java.util.Arrays$ArrayList.<init>(Arrays.java:4234)
	at java.base/java.util.Arrays.asList(Arrays.java:4219)
	at ai.glog.execute.workers.TriageAndRemediationCallableWorker.setGeneralRemediation(TriageAndRemediationCallableWorker.java:162)
	at ai.glog.execute.workers.TriageAndRemediationCallableWorker.call(TriageAndRemediationCallableWorker.java:73)
	at ai.glog.execute.workers.TriageAndRemediationCallableWorker.call(TriageAndRemediationCallableWorker.java:31)
	at java.base/java.util.concurrent.FutureTask.run(FutureTask.java:317)
	at java.base/java.util.concurrent.ThreadPoolExecutor.runWorker(ThreadPoolExecutor.java:1144)
	at java.base/java.util.concurrent.ThreadPoolExecutor$Worker.run(ThreadPoolExecutor.java:642)
	at java.base/java.lang.Thread.run(Thread.java:1623)

Oct 06, 2025 5:13:09 PM ai.glog.service.GlogService getFromGlog
SEVERE: java.lang.IllegalStateException: Expected BEGIN_ARRAY but was BEGIN_OBJECT at line 1 column 2 path $
{"detail":"Invalid token."}
com.google.gson.JsonSyntaxException: java.lang.IllegalStateException: Expected BEGIN_ARRAY but was BEGIN_OBJECT at line 1 column 2 path $
	at com.google.gson.Gson.fromJson(Gson.java:1003)
	at com.google.gson.Gson.fromJson(Gson.java:956)
	at com.google.gson.Gson.fromJson(Gson.java:905)
	at ai.glog.service.GlogService.getFromGlog(GlogService.java:174)
	at ai.glog.execute.workers.TriageAndRemediationCallableWorker.setGeneralRemediation(TriageAndRemediationCallableWorker.java:158)
	at ai.glog.execute.workers.TriageAndRemediationCallableWorker.call(TriageAndRemediationCallableWorker.java:73)
	at ai.glog.execute.workers.TriageAndRemediationCallableWorker.call(TriageAndRemediationCallableWorker.java:31)
	at java.base/java.util.concurrent.FutureTask.run(FutureTask.java:317)
	at java.base/java.util.concurrent.ThreadPoolExecutor.runWorker(ThreadPoolExecutor.java:1144)
	at java.base/java.util.concurrent.ThreadPoolExecutor$Worker.run(ThreadPoolExecutor.java:642)
	at java.base/java.lang.Thread.run(Thread.java:1623)
Caused by: java.lang.IllegalStateException: Expected BEGIN_ARRAY but was BEGIN_OBJECT at line 1 column 2 path $
	at com.google.gson.stream.JsonReader.beginArray(JsonReader.java:350)
	at com.google.gson.internal.bind.ArrayTypeAdapter.read(ArrayTypeAdapter.java:70)
	at com.google.gson.Gson.fromJson(Gson.java:991)
	... 10 more

Oct 06, 2025 5:13:09 PM ai.glog.execute.workers.TriageAndRemediationCallableWorker call
SEVERE: null
java.lang.NullPointerException
	at java.base/java.util.Objects.requireNonNull(Objects.java:233)
	at java.base/java.util.Arrays$ArrayList.<init>(Arrays.java:4234)
	at java.base/java.util.Arrays.asList(Arrays.java:4219)
	at ai.glog.execute.workers.TriageAndRemediationCallableWorker.setGeneralRemediation(TriageAndRemediationCallableWorker.java:162)
	at ai.glog.execute.workers.TriageAndRemediationCallableWorker.call(TriageAndRemediationCallableWorker.java:73)
	at ai.glog.execute.workers.TriageAndRemediationCallableWorker.call(TriageAndRemediationCallableWorker.java:31)
	at java.base/java.util.concurrent.FutureTask.run(FutureTask.java:317)
	at java.base/java.util.concurrent.ThreadPoolExecutor.runWorker(ThreadPoolExecutor.java:1144)
	at java.base/java.util.concurrent.ThreadPoolExecutor$Worker.run(ThreadPoolExecutor.java:642)
	at java.base/java.lang.Thread.run(Thread.java:1623)

Oct 06, 2025 5:13:09 PM ai.glog.service.GlogService getFromGlog
SEVERE: java.lang.IllegalStateException: Expected BEGIN_ARRAY but was BEGIN_OBJECT at line 1 column 2 path $
{"detail":"Invalid token."}
com.google.gson.JsonSyntaxException: java.lang.IllegalStateException: Expected BEGIN_ARRAY but was BEGIN_OBJECT at line 1 column 2 path $
	at com.google.gson.Gson.fromJson(Gson.java:1003)
	at com.google.gson.Gson.fromJson(Gson.java:956)
	at com.google.gson.Gson.fromJson(Gson.java:905)
	at ai.glog.service.GlogService.getFromGlog(GlogService.java:174)
	at ai.glog.execute.workers.TriageAndRemediationCallableWorker.setGeneralRemediation(TriageAndRemediationCallableWorker.java:158)
	at ai.glog.execute.workers.TriageAndRemediationCallableWorker.call(TriageAndRemediationCallableWorker.java:73)
	at ai.glog.execute.workers.TriageAndRemediationCallableWorker.call(TriageAndRemediationCallableWorker.java:31)
	at java.base/java.util.concurrent.FutureTask.run(FutureTask.java:317)
	at java.base/java.util.concurrent.ThreadPoolExecutor.runWorker(ThreadPoolExecutor.java:1144)
	at java.base/java.util.concurrent.ThreadPoolExecutor$Worker.run(ThreadPoolExecutor.java:642)
	at java.base/java.lang.Thread.run(Thread.java:1623)
Caused by: java.lang.IllegalStateException: Expected BEGIN_ARRAY but was BEGIN_OBJECT at line 1 column 2 path $
	at com.google.gson.stream.JsonReader.beginArray(JsonReader.java:350)
	at com.google.gson.internal.bind.ArrayTypeAdapter.read(ArrayTypeAdapter.java:70)
	at com.google.gson.Gson.fromJson(Gson.java:991)
	... 10 more

Oct 06, 2025 5:13:09 PM ai.glog.execute.workers.TriageAndRemediationCallableWorker call
SEVERE: null
java.lang.NullPointerException
	at java.base/java.util.Objects.requireNonNull(Objects.java:233)
	at java.base/java.util.Arrays$ArrayList.<init>(Arrays.java:4234)
	at java.base/java.util.Arrays.asList(Arrays.java:4219)
	at ai.glog.execute.workers.TriageAndRemediationCallableWorker.setGeneralRemediation(TriageAndRemediationCallableWorker.java:162)
	at ai.glog.execute.workers.TriageAndRemediationCallableWorker.call(TriageAndRemediationCallableWorker.java:73)
	at ai.glog.execute.workers.TriageAndRemediationCallableWorker.call(TriageAndRemediationCallableWorker.java:31)
	at java.base/java.util.concurrent.FutureTask.run(FutureTask.java:317)
	at java.base/java.util.concurrent.ThreadPoolExecutor.runWorker(ThreadPoolExecutor.java:1144)
	at java.base/java.util.concurrent.ThreadPoolExecutor$Worker.run(ThreadPoolExecutor.java:642)
	at java.base/java.lang.Thread.run(Thread.java:1623)

Oct 06, 2025 5:13:10 PM ai.glog.service.GlogService getFromGlog
SEVERE: java.lang.IllegalStateException: Expected BEGIN_ARRAY but was BEGIN_OBJECT at line 1 column 2 path $
{"detail":"Invalid token."}
com.google.gson.JsonSyntaxException: java.lang.IllegalStateException: Expected BEGIN_ARRAY but was BEGIN_OBJECT at line 1 column 2 path $
	at com.google.gson.Gson.fromJson(Gson.java:1003)
	at com.google.gson.Gson.fromJson(Gson.java:956)
	at com.google.gson.Gson.fromJson(Gson.java:905)
	at ai.glog.service.GlogService.getFromGlog(GlogService.java:174)
	at ai.glog.execute.workers.TriageAndRemediationCallableWorker.setGeneralRemediation(TriageAndRemediationCallableWorker.java:158)
	at ai.glog.execute.workers.TriageAndRemediationCallableWorker.call(TriageAndRemediationCallableWorker.java:73)
	at ai.glog.execute.workers.TriageAndRemediationCallableWorker.call(TriageAndRemediationCallableWorker.java:31)
	at java.base/java.util.concurrent.FutureTask.run(FutureTask.java:317)
	at java.base/java.util.concurrent.ThreadPoolExecutor.runWorker(ThreadPoolExecutor.java:1144)
	at java.base/java.util.concurrent.ThreadPoolExecutor$Worker.run(ThreadPoolExecutor.java:642)
	at java.base/java.lang.Thread.run(Thread.java:1623)
Caused by: java.lang.IllegalStateException: Expected BEGIN_ARRAY but was BEGIN_OBJECT at line 1 column 2 path $
	at com.google.gson.stream.JsonReader.beginArray(JsonReader.java:350)
	at com.google.gson.internal.bind.ArrayTypeAdapter.read(ArrayTypeAdapter.java:70)
	at com.google.gson.Gson.fromJson(Gson.java:991)
	... 10 more

Oct 06, 2025 5:13:10 PM ai.glog.execute.workers.TriageAndRemediationCallableWorker call
SEVERE: null
java.lang.NullPointerException
	at java.base/java.util.Objects.requireNonNull(Objects.java:233)
	at java.base/java.util.Arrays$ArrayList.<init>(Arrays.java:4234)
	at java.base/java.util.Arrays.asList(Arrays.java:4219)
	at ai.glog.execute.workers.TriageAndRemediationCallableWorker.setGeneralRemediation(TriageAndRemediationCallableWorker.java:162)
	at ai.glog.execute.workers.TriageAndRemediationCallableWorker.call(TriageAndRemediationCallableWorker.java:73)
	at ai.glog.execute.workers.TriageAndRemediationCallableWorker.call(TriageAndRemediationCallableWorker.java:31)
	at java.base/java.util.concurrent.FutureTask.run(FutureTask.java:317)
	at java.base/java.util.concurrent.ThreadPoolExecutor.runWorker(ThreadPoolExecutor.java:1144)
	at java.base/java.util.concurrent.ThreadPoolExecutor$Worker.run(ThreadPoolExecutor.java:642)
	at java.base/java.lang.Thread.run(Thread.java:1623)

Oct 06, 2025 5:13:11 PM ai.glog.service.GlogService getFromGlog
SEVERE: java.lang.IllegalStateException: Expected BEGIN_ARRAY but was BEGIN_OBJECT at line 1 column 2 path $
{"detail":"Invalid token."}
com.google.gson.JsonSyntaxException: java.lang.IllegalStateException: Expected BEGIN_ARRAY but was BEGIN_OBJECT at line 1 column 2 path $
	at com.google.gson.Gson.fromJson(Gson.java:1003)
	at com.google.gson.Gson.fromJson(Gson.java:956)
	at com.google.gson.Gson.fromJson(Gson.java:905)
	at ai.glog.service.GlogService.getFromGlog(GlogService.java:174)
	at ai.glog.execute.workers.TriageAndRemediationCallableWorker.setGeneralRemediation(TriageAndRemediationCallableWorker.java:158)
	at ai.glog.execute.workers.TriageAndRemediationCallableWorker.call(TriageAndRemediationCallableWorker.java:73)
	at ai.glog.execute.workers.TriageAndRemediationCallableWorker.call(TriageAndRemediationCallableWorker.java:31)
	at java.base/java.util.concurrent.FutureTask.run(FutureTask.java:317)
	at java.base/java.util.concurrent.ThreadPoolExecutor.runWorker(ThreadPoolExecutor.java:1144)
	at java.base/java.util.concurrent.ThreadPoolExecutor$Worker.run(ThreadPoolExecutor.java:642)
	at java.base/java.lang.Thread.run(Thread.java:1623)
Caused by: java.lang.IllegalStateException: Expected BEGIN_ARRAY but was BEGIN_OBJECT at line 1 column 2 path $
	at com.google.gson.stream.JsonReader.beginArray(JsonReader.java:350)
	at com.google.gson.internal.bind.ArrayTypeAdapter.read(ArrayTypeAdapter.java:70)
	at com.google.gson.Gson.fromJson(Gson.java:991)
	... 10 more

Oct 06, 2025 5:13:11 PM ai.glog.execute.workers.TriageAndRemediationCallableWorker call
SEVERE: null
java.lang.NullPointerException
	at java.base/java.util.Objects.requireNonNull(Objects.java:233)
	at java.base/java.util.Arrays$ArrayList.<init>(Arrays.java:4234)
	at java.base/java.util.Arrays.asList(Arrays.java:4219)
	at ai.glog.execute.workers.TriageAndRemediationCallableWorker.setGeneralRemediation(TriageAndRemediationCallableWorker.java:162)
	at ai.glog.execute.workers.TriageAndRemediationCallableWorker.call(TriageAndRemediationCallableWorker.java:73)
	at ai.glog.execute.workers.TriageAndRemediationCallableWorker.call(TriageAndRemediationCallableWorker.java:31)
	at java.base/java.util.concurrent.FutureTask.run(FutureTask.java:317)
	at java.base/java.util.concurrent.ThreadPoolExecutor.runWorker(ThreadPoolExecutor.java:1144)
	at java.base/java.util.concurrent.ThreadPoolExecutor$Worker.run(ThreadPoolExecutor.java:642)
	at java.base/java.lang.Thread.run(Thread.java:1623)

Oct 06, 2025 5:13:11 PM ai.glog.execute.workers.TriageAndRemediationCallableWorker isFalsePositive
SEVERE: {
  "ruleId" : "DS154189",
  "ruleIndex" : null,
  "rule" : null,
  "kind" : "FAIL",
  "level" : "WARNING",
  "message" : {
    "text" : "Banned C function detected",
    "markdown" : null,
    "id" : null,
    "arguments" : null,
    "properties" : null
  },
  "analysisTarget" : null,
  "locations" : [ {
    "id" : null,
    "physicalLocation" : {
      "address" : null,
      "artifactLocation" : {
        "uri" : "rocm_smi/src/rocm_smi_logger.cc",
        "uriBaseId" : null,
        "index" : null,
        "description" : null,
        "properties" : null
      },
      "region" : {
        "startLine" : 47,
        "startColumn" : 10,
        "endLine" : 47,
        "endColumn" : 15,
        "charOffset" : 2096,
        "charLength" : 5,
        "byteOffset" : null,
        "byteLength" : null,
        "snippet" : {
          "text" : "ctime",
          "binary" : null,
          "rendered" : {
            "text" : "ctime",
            "markdown" : "`ctime`",
            "properties" : null
          },
          "properties" : null
        },
        "message" : null,
        "sourceLanguage" : "cpp",
        "properties" : null
      },
      "contextRegion" : null,
      "properties" : null
    },
    "logicalLocations" : null,
    "message" : null,
    "annotations" : null,
    "relationships" : null,
    "properties" : null
  } ],
  "guid" : null,
  "correlationGuid" : null,
  "occurrenceCount" : null,
  "partialFingerprints" : null,
  "fingerprints" : null,
  "stacks" : null,
  "codeFlows" : null,
  "graphs" : null,
  "graphTraversals" : null,
  "relatedLocations" : null,
  "suppressions" : null,
  "baselineState" : null,
  "rank" : null,
  "attachments" : null,
  "hostedViewerUri" : null,
  "workItemUris" : null,
  "provenance" : null,
  "fixes" : null,
  "taxa" : null,
  "webRequest" : null,
  "webResponse" : null,
  "properties" : {
    "DevSkimSeverity" : "Moderate",
    "DevSkimConfidence" : "High"
  }
}
java.util.NoSuchElementException: next on empty iterator
	at scala.collection.Iterator$$anon$19.next(Iterator.scala:973)
	at scala.collection.Iterator$$anon$19.next(Iterator.scala:971)
	at scala.collection.Iterator$$anon$6.next(Iterator.scala:492)
	at flatgraph.traversal.GenericSteps$.head$extension(Language.scala:80)
	at ai.glog.cpg.analysis.SinkAnalyzer$.getSink(SinkAnalyzer.scala:29)
	at ai.glog.cpg.analysis.SinkAnalyzer.getSink(SinkAnalyzer.scala)
	at ai.glog.reporting.Sarif.getSinkCpg(Sarif.java:187)
	at ai.glog.plugins.devskim.rules.resolve.DangerousCFunctionDetectedResolver.isFalsePositive(DangerousCFunctionDetectedResolver.java:22)
	at ai.glog.execute.workers.TriageAndRemediationCallableWorker.isFalsePositive(TriageAndRemediationCallableWorker.java:116)
	at ai.glog.execute.workers.TriageAndRemediationCallableWorker.call(TriageAndRemediationCallableWorker.java:66)
	at ai.glog.execute.workers.TriageAndRemediationCallableWorker.call(TriageAndRemediationCallableWorker.java:31)
	at java.base/java.util.concurrent.FutureTask.run(FutureTask.java:317)
	at java.base/java.util.concurrent.ThreadPoolExecutor.runWorker(ThreadPoolExecutor.java:1144)
	at java.base/java.util.concurrent.ThreadPoolExecutor$Worker.run(ThreadPoolExecutor.java:642)
	at java.base/java.lang.Thread.run(Thread.java:1623)

Oct 06, 2025 5:13:11 PM ai.glog.execute.workers.TriageAndRemediationCallableWorker isFalsePositive
SEVERE: next on empty iterator
java.util.NoSuchElementException: next on empty iterator
	at scala.collection.Iterator$$anon$19.next(Iterator.scala:973)
	at scala.collection.Iterator$$anon$19.next(Iterator.scala:971)
	at scala.collection.Iterator$$anon$6.next(Iterator.scala:492)
	at flatgraph.traversal.GenericSteps$.head$extension(Language.scala:80)
	at ai.glog.cpg.analysis.SinkAnalyzer$.getSink(SinkAnalyzer.scala:29)
	at ai.glog.cpg.analysis.SinkAnalyzer.getSink(SinkAnalyzer.scala)
	at ai.glog.reporting.Sarif.getSinkCpg(Sarif.java:187)
	at ai.glog.plugins.devskim.rules.resolve.DangerousCFunctionDetectedResolver.isFalsePositive(DangerousCFunctionDetectedResolver.java:22)
	at ai.glog.execute.workers.TriageAndRemediationCallableWorker.isFalsePositive(TriageAndRemediationCallableWorker.java:116)
	at ai.glog.execute.workers.TriageAndRemediationCallableWorker.call(TriageAndRemediationCallableWorker.java:66)
	at ai.glog.execute.workers.TriageAndRemediationCallableWorker.call(TriageAndRemediationCallableWorker.java:31)
	at java.base/java.util.concurrent.FutureTask.run(FutureTask.java:317)
	at java.base/java.util.concurrent.ThreadPoolExecutor.runWorker(ThreadPoolExecutor.java:1144)
	at java.base/java.util.concurrent.ThreadPoolExecutor$Worker.run(ThreadPoolExecutor.java:642)
	at java.base/java.lang.Thread.run(Thread.java:1623)

Oct 06, 2025 5:13:12 PM ai.glog.service.GlogService getFromGlog
SEVERE: java.lang.IllegalStateException: Expected BEGIN_ARRAY but was BEGIN_OBJECT at line 1 column 2 path $
{"detail":"Invalid token."}
com.google.gson.JsonSyntaxException: java.lang.IllegalStateException: Expected BEGIN_ARRAY but was BEGIN_OBJECT at line 1 column 2 path $
	at com.google.gson.Gson.fromJson(Gson.java:1003)
	at com.google.gson.Gson.fromJson(Gson.java:956)
	at com.google.gson.Gson.fromJson(Gson.java:905)
	at ai.glog.service.GlogService.getFromGlog(GlogService.java:174)
	at ai.glog.execute.workers.TriageAndRemediationCallableWorker.setGeneralRemediation(TriageAndRemediationCallableWorker.java:158)
	at ai.glog.execute.workers.TriageAndRemediationCallableWorker.call(TriageAndRemediationCallableWorker.java:73)
	at ai.glog.execute.workers.TriageAndRemediationCallableWorker.call(TriageAndRemediationCallableWorker.java:31)
	at java.base/java.util.concurrent.FutureTask.run(FutureTask.java:317)
	at java.base/java.util.concurrent.ThreadPoolExecutor.runWorker(ThreadPoolExecutor.java:1144)
	at java.base/java.util.concurrent.ThreadPoolExecutor$Worker.run(ThreadPoolExecutor.java:642)
	at java.base/java.lang.Thread.run(Thread.java:1623)
Caused by: java.lang.IllegalStateException: Expected BEGIN_ARRAY but was BEGIN_OBJECT at line 1 column 2 path $
	at com.google.gson.stream.JsonReader.beginArray(JsonReader.java:350)
	at com.google.gson.internal.bind.ArrayTypeAdapter.read(ArrayTypeAdapter.java:70)
	at com.google.gson.Gson.fromJson(Gson.java:991)
	... 10 more

Oct 06, 2025 5:13:12 PM ai.glog.execute.workers.TriageAndRemediationCallableWorker call
SEVERE: null
java.lang.NullPointerException
	at java.base/java.util.Objects.requireNonNull(Objects.java:233)
	at java.base/java.util.Arrays$ArrayList.<init>(Arrays.java:4234)
	at java.base/java.util.Arrays.asList(Arrays.java:4219)
	at ai.glog.execute.workers.TriageAndRemediationCallableWorker.setGeneralRemediation(TriageAndRemediationCallableWorker.java:162)
	at ai.glog.execute.workers.TriageAndRemediationCallableWorker.call(TriageAndRemediationCallableWorker.java:73)
	at ai.glog.execute.workers.TriageAndRemediationCallableWorker.call(TriageAndRemediationCallableWorker.java:31)
	at java.base/java.util.concurrent.FutureTask.run(FutureTask.java:317)
	at java.base/java.util.concurrent.ThreadPoolExecutor.runWorker(ThreadPoolExecutor.java:1144)
	at java.base/java.util.concurrent.ThreadPoolExecutor$Worker.run(ThreadPoolExecutor.java:642)
	at java.base/java.lang.Thread.run(Thread.java:1623)

Oct 06, 2025 5:13:12 PM ai.glog.service.GlogService getFromGlog
SEVERE: java.lang.IllegalStateException: Expected BEGIN_ARRAY but was BEGIN_OBJECT at line 1 column 2 path $
{"detail":"Invalid token."}
com.google.gson.JsonSyntaxException: java.lang.IllegalStateException: Expected BEGIN_ARRAY but was BEGIN_OBJECT at line 1 column 2 path $
	at com.google.gson.Gson.fromJson(Gson.java:1003)
	at com.google.gson.Gson.fromJson(Gson.java:956)
	at com.google.gson.Gson.fromJson(Gson.java:905)
	at ai.glog.service.GlogService.getFromGlog(GlogService.java:174)
	at ai.glog.execute.workers.TriageAndRemediationCallableWorker.setGeneralRemediation(TriageAndRemediationCallableWorker.java:158)
	at ai.glog.execute.workers.TriageAndRemediationCallableWorker.call(TriageAndRemediationCallableWorker.java:73)
	at ai.glog.execute.workers.TriageAndRemediationCallableWorker.call(TriageAndRemediationCallableWorker.java:31)
	at java.base/java.util.concurrent.FutureTask.run(FutureTask.java:317)
	at java.base/java.util.concurrent.ThreadPoolExecutor.runWorker(ThreadPoolExecutor.java:1144)
	at java.base/java.util.concurrent.ThreadPoolExecutor$Worker.run(ThreadPoolExecutor.java:642)
	at java.base/java.lang.Thread.run(Thread.java:1623)
Caused by: java.lang.IllegalStateException: Expected BEGIN_ARRAY but was BEGIN_OBJECT at line 1 column 2 path $
	at com.google.gson.stream.JsonReader.beginArray(JsonReader.java:350)
	at com.google.gson.internal.bind.ArrayTypeAdapter.read(ArrayTypeAdapter.java:70)
	at com.google.gson.Gson.fromJson(Gson.java:991)
	... 10 more

Oct 06, 2025 5:13:12 PM ai.glog.execute.workers.TriageAndRemediationCallableWorker call
SEVERE: null
java.lang.NullPointerException
	at java.base/java.util.Objects.requireNonNull(Objects.java:233)
	at java.base/java.util.Arrays$ArrayList.<init>(Arrays.java:4234)
	at java.base/java.util.Arrays.asList(Arrays.java:4219)
	at ai.glog.execute.workers.TriageAndRemediationCallableWorker.setGeneralRemediation(TriageAndRemediationCallableWorker.java:162)
	at ai.glog.execute.workers.TriageAndRemediationCallableWorker.call(TriageAndRemediationCallableWorker.java:73)
	at ai.glog.execute.workers.TriageAndRemediationCallableWorker.call(TriageAndRemediationCallableWorker.java:31)
	at java.base/java.util.concurrent.FutureTask.run(FutureTask.java:317)
	at java.base/java.util.concurrent.ThreadPoolExecutor.runWorker(ThreadPoolExecutor.java:1144)
	at java.base/java.util.concurrent.ThreadPoolExecutor$Worker.run(ThreadPoolExecutor.java:642)
	at java.base/java.lang.Thread.run(Thread.java:1623)

Oct 06, 2025 5:13:13 PM ai.glog.execute.workers.TriageAndRemediationCallableWorker isFalsePositive
SEVERE: {
  "ruleId" : "DS154189",
  "ruleIndex" : null,
  "rule" : null,
  "kind" : "FAIL",
  "level" : "WARNING",
  "message" : {
    "text" : "Banned C function detected",
    "markdown" : null,
    "id" : null,
    "arguments" : null,
    "properties" : null
  },
  "analysisTarget" : null,
  "locations" : [ {
    "id" : null,
    "physicalLocation" : {
      "address" : null,
      "artifactLocation" : {
        "uri" : "rocm_smi/src/rocm_smi.cc",
        "uriBaseId" : null,
        "index" : null,
        "description" : null,
        "properties" : null
      },
      "region" : {
        "startLine" : 7558,
        "startColumn" : 12,
        "endLine" : 7558,
        "endColumn" : 18,
        "charOffset" : 233417,
        "charLength" : 6,
        "byteOffset" : null,
        "byteLength" : null,
        "snippet" : {
          "text" : "sscanf",
          "binary" : null,
          "rendered" : {
            "text" : "sscanf",
            "markdown" : "`sscanf`",
            "properties" : null
          },
          "properties" : null
        },
        "message" : null,
        "sourceLanguage" : "cpp",
        "properties" : null
      },
      "contextRegion" : null,
      "properties" : null
    },
    "logicalLocations" : null,
    "message" : null,
    "annotations" : null,
    "relationships" : null,
    "properties" : null
  } ],
  "guid" : null,
  "correlationGuid" : null,
  "occurrenceCount" : null,
  "partialFingerprints" : null,
  "fingerprints" : null,
  "stacks" : null,
  "codeFlows" : null,
  "graphs" : null,
  "graphTraversals" : null,
  "relatedLocations" : null,
  "suppressions" : null,
  "baselineState" : null,
  "rank" : null,
  "attachments" : null,
  "hostedViewerUri" : null,
  "workItemUris" : null,
  "provenance" : null,
  "fixes" : null,
  "taxa" : null,
  "webRequest" : null,
  "webResponse" : null,
  "properties" : {
    "DevSkimSeverity" : "Moderate",
    "DevSkimConfidence" : "High"
  }
}
java.util.NoSuchElementException: next on empty iterator
	at scala.collection.Iterator$$anon$19.next(Iterator.scala:973)
	at scala.collection.Iterator$$anon$19.next(Iterator.scala:971)
	at scala.collection.Iterator$$anon$6.next(Iterator.scala:492)
	at flatgraph.traversal.GenericSteps$.head$extension(Language.scala:80)
	at ai.glog.cpg.analysis.SinkAnalyzer$.getSink(SinkAnalyzer.scala:29)
	at ai.glog.cpg.analysis.SinkAnalyzer.getSink(SinkAnalyzer.scala)
	at ai.glog.reporting.Sarif.getSinkCpg(Sarif.java:187)
	at ai.glog.plugins.devskim.rules.resolve.DangerousCFunctionDetectedResolver.isFalsePositive(DangerousCFunctionDetectedResolver.java:22)
	at ai.glog.execute.workers.TriageAndRemediationCallableWorker.isFalsePositive(TriageAndRemediationCallableWorker.java:116)
	at ai.glog.execute.workers.TriageAndRemediationCallableWorker.call(TriageAndRemediationCallableWorker.java:66)
	at ai.glog.execute.workers.TriageAndRemediationCallableWorker.call(TriageAndRemediationCallableWorker.java:31)
	at java.base/java.util.concurrent.FutureTask.run(FutureTask.java:317)
	at java.base/java.util.concurrent.ThreadPoolExecutor.runWorker(ThreadPoolExecutor.java:1144)
	at java.base/java.util.concurrent.ThreadPoolExecutor$Worker.run(ThreadPoolExecutor.java:642)
	at java.base/java.lang.Thread.run(Thread.java:1623)

Oct 06, 2025 5:13:13 PM ai.glog.execute.workers.TriageAndRemediationCallableWorker isFalsePositive
SEVERE: next on empty iterator
java.util.NoSuchElementException: next on empty iterator
	at scala.collection.Iterator$$anon$19.next(Iterator.scala:973)
	at scala.collection.Iterator$$anon$19.next(Iterator.scala:971)
	at scala.collection.Iterator$$anon$6.next(Iterator.scala:492)
	at flatgraph.traversal.GenericSteps$.head$extension(Language.scala:80)
	at ai.glog.cpg.analysis.SinkAnalyzer$.getSink(SinkAnalyzer.scala:29)
	at ai.glog.cpg.analysis.SinkAnalyzer.getSink(SinkAnalyzer.scala)
	at ai.glog.reporting.Sarif.getSinkCpg(Sarif.java:187)
	at ai.glog.plugins.devskim.rules.resolve.DangerousCFunctionDetectedResolver.isFalsePositive(DangerousCFunctionDetectedResolver.java:22)
	at ai.glog.execute.workers.TriageAndRemediationCallableWorker.isFalsePositive(TriageAndRemediationCallableWorker.java:116)
	at ai.glog.execute.workers.TriageAndRemediationCallableWorker.call(TriageAndRemediationCallableWorker.java:66)
	at ai.glog.execute.workers.TriageAndRemediationCallableWorker.call(TriageAndRemediationCallableWorker.java:31)
	at java.base/java.util.concurrent.FutureTask.run(FutureTask.java:317)
	at java.base/java.util.concurrent.ThreadPoolExecutor.runWorker(ThreadPoolExecutor.java:1144)
	at java.base/java.util.concurrent.ThreadPoolExecutor$Worker.run(ThreadPoolExecutor.java:642)
	at java.base/java.lang.Thread.run(Thread.java:1623)

Oct 06, 2025 5:13:13 PM ai.glog.service.GlogService getFromGlog
SEVERE: java.lang.IllegalStateException: Expected BEGIN_ARRAY but was BEGIN_OBJECT at line 1 column 2 path $
{"detail":"Invalid token."}
com.google.gson.JsonSyntaxException: java.lang.IllegalStateException: Expected BEGIN_ARRAY but was BEGIN_OBJECT at line 1 column 2 path $
	at com.google.gson.Gson.fromJson(Gson.java:1003)
	at com.google.gson.Gson.fromJson(Gson.java:956)
	at com.google.gson.Gson.fromJson(Gson.java:905)
	at ai.glog.service.GlogService.getFromGlog(GlogService.java:174)
	at ai.glog.execute.workers.TriageAndRemediationCallableWorker.setGeneralRemediation(TriageAndRemediationCallableWorker.java:158)
	at ai.glog.execute.workers.TriageAndRemediationCallableWorker.call(TriageAndRemediationCallableWorker.java:73)
	at ai.glog.execute.workers.TriageAndRemediationCallableWorker.call(TriageAndRemediationCallableWorker.java:31)
	at java.base/java.util.concurrent.FutureTask.run(FutureTask.java:317)
	at java.base/java.util.concurrent.ThreadPoolExecutor.runWorker(ThreadPoolExecutor.java:1144)
	at java.base/java.util.concurrent.ThreadPoolExecutor$Worker.run(ThreadPoolExecutor.java:642)
	at java.base/java.lang.Thread.run(Thread.java:1623)
Caused by: java.lang.IllegalStateException: Expected BEGIN_ARRAY but was BEGIN_OBJECT at line 1 column 2 path $
	at com.google.gson.stream.JsonReader.beginArray(JsonReader.java:350)
	at com.google.gson.internal.bind.ArrayTypeAdapter.read(ArrayTypeAdapter.java:70)
	at com.google.gson.Gson.fromJson(Gson.java:991)
	... 10 more

Oct 06, 2025 5:13:13 PM ai.glog.execute.workers.TriageAndRemediationCallableWorker call
SEVERE: null
java.lang.NullPointerException
	at java.base/java.util.Objects.requireNonNull(Objects.java:233)
	at java.base/java.util.Arrays$ArrayList.<init>(Arrays.java:4234)
	at java.base/java.util.Arrays.asList(Arrays.java:4219)
	at ai.glog.execute.workers.TriageAndRemediationCallableWorker.setGeneralRemediation(TriageAndRemediationCallableWorker.java:162)
	at ai.glog.execute.workers.TriageAndRemediationCallableWorker.call(TriageAndRemediationCallableWorker.java:73)
	at ai.glog.execute.workers.TriageAndRemediationCallableWorker.call(TriageAndRemediationCallableWorker.java:31)
	at java.base/java.util.concurrent.FutureTask.run(FutureTask.java:317)
	at java.base/java.util.concurrent.ThreadPoolExecutor.runWorker(ThreadPoolExecutor.java:1144)
	at java.base/java.util.concurrent.ThreadPoolExecutor$Worker.run(ThreadPoolExecutor.java:642)
	at java.base/java.lang.Thread.run(Thread.java:1623)

Oct 06, 2025 5:13:14 PM ai.glog.execute.workers.TriageAndRemediationCallableWorker isFalsePositive
SEVERE: {
  "ruleId" : "DS154189",
  "ruleIndex" : null,
  "rule" : null,
  "kind" : "FAIL",
  "level" : "WARNING",
  "message" : {
    "text" : "Banned C function detected",
    "markdown" : null,
    "id" : null,
    "arguments" : null,
    "properties" : null
  },
  "analysisTarget" : null,
  "locations" : [ {
    "id" : null,
    "physicalLocation" : {
      "address" : null,
      "artifactLocation" : {
        "uri" : "rocm_smi/src/rocm_smi.cc",
        "uriBaseId" : null,
        "index" : null,
        "description" : null,
        "properties" : null
      },
      "region" : {
        "startLine" : 7539,
        "startColumn" : 12,
        "endLine" : 7539,
        "endColumn" : 18,
        "charOffset" : 232632,
        "charLength" : 6,
        "byteOffset" : null,
        "byteLength" : null,
        "snippet" : {
          "text" : "sscanf",
          "binary" : null,
          "rendered" : {
            "text" : "sscanf",
            "markdown" : "`sscanf`",
            "properties" : null
          },
          "properties" : null
        },
        "message" : null,
        "sourceLanguage" : "cpp",
        "properties" : null
      },
      "contextRegion" : null,
      "properties" : null
    },
    "logicalLocations" : null,
    "message" : null,
    "annotations" : null,
    "relationships" : null,
    "properties" : null
  } ],
  "guid" : null,
  "correlationGuid" : null,
  "occurrenceCount" : null,
  "partialFingerprints" : null,
  "fingerprints" : null,
  "stacks" : null,
  "codeFlows" : null,
  "graphs" : null,
  "graphTraversals" : null,
  "relatedLocations" : null,
  "suppressions" : null,
  "baselineState" : null,
  "rank" : null,
  "attachments" : null,
  "hostedViewerUri" : null,
  "workItemUris" : null,
  "provenance" : null,
  "fixes" : null,
  "taxa" : null,
  "webRequest" : null,
  "webResponse" : null,
  "properties" : {
    "DevSkimSeverity" : "Moderate",
    "DevSkimConfidence" : "High"
  }
}
java.util.NoSuchElementException: next on empty iterator
	at scala.collection.Iterator$$anon$19.next(Iterator.scala:973)
	at scala.collection.Iterator$$anon$19.next(Iterator.scala:971)
	at scala.collection.Iterator$$anon$6.next(Iterator.scala:492)
	at flatgraph.traversal.GenericSteps$.head$extension(Language.scala:80)
	at ai.glog.cpg.analysis.SinkAnalyzer$.getSink(SinkAnalyzer.scala:29)
	at ai.glog.cpg.analysis.SinkAnalyzer.getSink(SinkAnalyzer.scala)
	at ai.glog.reporting.Sarif.getSinkCpg(Sarif.java:187)
	at ai.glog.plugins.devskim.rules.resolve.DangerousCFunctionDetectedResolver.isFalsePositive(DangerousCFunctionDetectedResolver.java:22)
	at ai.glog.execute.workers.TriageAndRemediationCallableWorker.isFalsePositive(TriageAndRemediationCallableWorker.java:116)
	at ai.glog.execute.workers.TriageAndRemediationCallableWorker.call(TriageAndRemediationCallableWorker.java:66)
	at ai.glog.execute.workers.TriageAndRemediationCallableWorker.call(TriageAndRemediationCallableWorker.java:31)
	at java.base/java.util.concurrent.FutureTask.run(FutureTask.java:317)
	at java.base/java.util.concurrent.ThreadPoolExecutor.runWorker(ThreadPoolExecutor.java:1144)
	at java.base/java.util.concurrent.ThreadPoolExecutor$Worker.run(ThreadPoolExecutor.java:642)
	at java.base/java.lang.Thread.run(Thread.java:1623)

Oct 06, 2025 5:13:14 PM ai.glog.execute.workers.TriageAndRemediationCallableWorker isFalsePositive
SEVERE: next on empty iterator
java.util.NoSuchElementException: next on empty iterator
	at scala.collection.Iterator$$anon$19.next(Iterator.scala:973)
	at scala.collection.Iterator$$anon$19.next(Iterator.scala:971)
	at scala.collection.Iterator$$anon$6.next(Iterator.scala:492)
	at flatgraph.traversal.GenericSteps$.head$extension(Language.scala:80)
	at ai.glog.cpg.analysis.SinkAnalyzer$.getSink(SinkAnalyzer.scala:29)
	at ai.glog.cpg.analysis.SinkAnalyzer.getSink(SinkAnalyzer.scala)
	at ai.glog.reporting.Sarif.getSinkCpg(Sarif.java:187)
	at ai.glog.plugins.devskim.rules.resolve.DangerousCFunctionDetectedResolver.isFalsePositive(DangerousCFunctionDetectedResolver.java:22)
	at ai.glog.execute.workers.TriageAndRemediationCallableWorker.isFalsePositive(TriageAndRemediationCallableWorker.java:116)
	at ai.glog.execute.workers.TriageAndRemediationCallableWorker.call(TriageAndRemediationCallableWorker.java:66)
	at ai.glog.execute.workers.TriageAndRemediationCallableWorker.call(TriageAndRemediationCallableWorker.java:31)
	at java.base/java.util.concurrent.FutureTask.run(FutureTask.java:317)
	at java.base/java.util.concurrent.ThreadPoolExecutor.runWorker(ThreadPoolExecutor.java:1144)
	at java.base/java.util.concurrent.ThreadPoolExecutor$Worker.run(ThreadPoolExecutor.java:642)
	at java.base/java.lang.Thread.run(Thread.java:1623)

Oct 06, 2025 5:13:14 PM ai.glog.service.GlogService getFromGlog
SEVERE: java.lang.IllegalStateException: Expected BEGIN_ARRAY but was BEGIN_OBJECT at line 1 column 2 path $
{"detail":"Invalid token."}
com.google.gson.JsonSyntaxException: java.lang.IllegalStateException: Expected BEGIN_ARRAY but was BEGIN_OBJECT at line 1 column 2 path $
	at com.google.gson.Gson.fromJson(Gson.java:1003)
	at com.google.gson.Gson.fromJson(Gson.java:956)
	at com.google.gson.Gson.fromJson(Gson.java:905)
	at ai.glog.service.GlogService.getFromGlog(GlogService.java:174)
	at ai.glog.execute.workers.TriageAndRemediationCallableWorker.setGeneralRemediation(TriageAndRemediationCallableWorker.java:158)
	at ai.glog.execute.workers.TriageAndRemediationCallableWorker.call(TriageAndRemediationCallableWorker.java:73)
	at ai.glog.execute.workers.TriageAndRemediationCallableWorker.call(TriageAndRemediationCallableWorker.java:31)
	at java.base/java.util.concurrent.FutureTask.run(FutureTask.java:317)
	at java.base/java.util.concurrent.ThreadPoolExecutor.runWorker(ThreadPoolExecutor.java:1144)
	at java.base/java.util.concurrent.ThreadPoolExecutor$Worker.run(ThreadPoolExecutor.java:642)
	at java.base/java.lang.Thread.run(Thread.java:1623)
Caused by: java.lang.IllegalStateException: Expected BEGIN_ARRAY but was BEGIN_OBJECT at line 1 column 2 path $
	at com.google.gson.stream.JsonReader.beginArray(JsonReader.java:350)
	at com.google.gson.internal.bind.ArrayTypeAdapter.read(ArrayTypeAdapter.java:70)
	at com.google.gson.Gson.fromJson(Gson.java:991)
	... 10 more

Oct 06, 2025 5:13:14 PM ai.glog.execute.workers.TriageAndRemediationCallableWorker call
SEVERE: null
java.lang.NullPointerException
	at java.base/java.util.Objects.requireNonNull(Objects.java:233)
	at java.base/java.util.Arrays$ArrayList.<init>(Arrays.java:4234)
	at java.base/java.util.Arrays.asList(Arrays.java:4219)
	at ai.glog.execute.workers.TriageAndRemediationCallableWorker.setGeneralRemediation(TriageAndRemediationCallableWorker.java:162)
	at ai.glog.execute.workers.TriageAndRemediationCallableWorker.call(TriageAndRemediationCallableWorker.java:73)
	at ai.glog.execute.workers.TriageAndRemediationCallableWorker.call(TriageAndRemediationCallableWorker.java:31)
	at java.base/java.util.concurrent.FutureTask.run(FutureTask.java:317)
	at java.base/java.util.concurrent.ThreadPoolExecutor.runWorker(ThreadPoolExecutor.java:1144)
	at java.base/java.util.concurrent.ThreadPoolExecutor$Worker.run(ThreadPoolExecutor.java:642)
	at java.base/java.lang.Thread.run(Thread.java:1623)

Oct 06, 2025 5:13:15 PM ai.glog.execute.workers.TriageAndRemediationCallableWorker isFalsePositive
SEVERE: {
  "ruleId" : "DS154189",
  "ruleIndex" : null,
  "rule" : null,
  "kind" : "FAIL",
  "level" : "WARNING",
  "message" : {
    "text" : "Banned C function detected",
    "markdown" : null,
    "id" : null,
    "arguments" : null,
    "properties" : null
  },
  "analysisTarget" : null,
  "locations" : [ {
    "id" : null,
    "physicalLocation" : {
      "address" : null,
      "artifactLocation" : {
        "uri" : "rocm_smi/src/rocm_smi.cc",
        "uriBaseId" : null,
        "index" : null,
        "description" : null,
        "properties" : null
      },
      "region" : {
        "startLine" : 7522,
        "startColumn" : 12,
        "endLine" : 7522,
        "endColumn" : 18,
        "charOffset" : 231869,
        "charLength" : 6,
        "byteOffset" : null,
        "byteLength" : null,
        "snippet" : {
          "text" : "sscanf",
          "binary" : null,
          "rendered" : {
            "text" : "sscanf",
            "markdown" : "`sscanf`",
            "properties" : null
          },
          "properties" : null
        },
        "message" : null,
        "sourceLanguage" : "cpp",
        "properties" : null
      },
      "contextRegion" : null,
      "properties" : null
    },
    "logicalLocations" : null,
    "message" : null,
    "annotations" : null,
    "relationships" : null,
    "properties" : null
  } ],
  "guid" : null,
  "correlationGuid" : null,
  "occurrenceCount" : null,
  "partialFingerprints" : null,
  "fingerprints" : null,
  "stacks" : null,
  "codeFlows" : null,
  "graphs" : null,
  "graphTraversals" : null,
  "relatedLocations" : null,
  "suppressions" : null,
  "baselineState" : null,
  "rank" : null,
  "attachments" : null,
  "hostedViewerUri" : null,
  "workItemUris" : null,
  "provenance" : null,
  "fixes" : null,
  "taxa" : null,
  "webRequest" : null,
  "webResponse" : null,
  "properties" : {
    "DevSkimSeverity" : "Moderate",
    "DevSkimConfidence" : "High"
  }
}
java.util.NoSuchElementException: next on empty iterator
	at scala.collection.Iterator$$anon$19.next(Iterator.scala:973)
	at scala.collection.Iterator$$anon$19.next(Iterator.scala:971)
	at scala.collection.Iterator$$anon$6.next(Iterator.scala:492)
	at flatgraph.traversal.GenericSteps$.head$extension(Language.scala:80)
	at ai.glog.cpg.analysis.SinkAnalyzer$.getSink(SinkAnalyzer.scala:29)
	at ai.glog.cpg.analysis.SinkAnalyzer.getSink(SinkAnalyzer.scala)
	at ai.glog.reporting.Sarif.getSinkCpg(Sarif.java:187)
	at ai.glog.plugins.devskim.rules.resolve.DangerousCFunctionDetectedResolver.isFalsePositive(DangerousCFunctionDetectedResolver.java:22)
	at ai.glog.execute.workers.TriageAndRemediationCallableWorker.isFalsePositive(TriageAndRemediationCallableWorker.java:116)
	at ai.glog.execute.workers.TriageAndRemediationCallableWorker.call(TriageAndRemediationCallableWorker.java:66)
	at ai.glog.execute.workers.TriageAndRemediationCallableWorker.call(TriageAndRemediationCallableWorker.java:31)
	at java.base/java.util.concurrent.FutureTask.run(FutureTask.java:317)
	at java.base/java.util.concurrent.ThreadPoolExecutor.runWorker(ThreadPoolExecutor.java:1144)
	at java.base/java.util.concurrent.ThreadPoolExecutor$Worker.run(ThreadPoolExecutor.java:642)
	at java.base/java.lang.Thread.run(Thread.java:1623)

Oct 06, 2025 5:13:15 PM ai.glog.execute.workers.TriageAndRemediationCallableWorker isFalsePositive
SEVERE: next on empty iterator
java.util.NoSuchElementException: next on empty iterator
	at scala.collection.Iterator$$anon$19.next(Iterator.scala:973)
	at scala.collection.Iterator$$anon$19.next(Iterator.scala:971)
	at scala.collection.Iterator$$anon$6.next(Iterator.scala:492)
	at flatgraph.traversal.GenericSteps$.head$extension(Language.scala:80)
	at ai.glog.cpg.analysis.SinkAnalyzer$.getSink(SinkAnalyzer.scala:29)
	at ai.glog.cpg.analysis.SinkAnalyzer.getSink(SinkAnalyzer.scala)
	at ai.glog.reporting.Sarif.getSinkCpg(Sarif.java:187)
	at ai.glog.plugins.devskim.rules.resolve.DangerousCFunctionDetectedResolver.isFalsePositive(DangerousCFunctionDetectedResolver.java:22)
	at ai.glog.execute.workers.TriageAndRemediationCallableWorker.isFalsePositive(TriageAndRemediationCallableWorker.java:116)
	at ai.glog.execute.workers.TriageAndRemediationCallableWorker.call(TriageAndRemediationCallableWorker.java:66)
	at ai.glog.execute.workers.TriageAndRemediationCallableWorker.call(TriageAndRemediationCallableWorker.java:31)
	at java.base/java.util.concurrent.FutureTask.run(FutureTask.java:317)
	at java.base/java.util.concurrent.ThreadPoolExecutor.runWorker(ThreadPoolExecutor.java:1144)
	at java.base/java.util.concurrent.ThreadPoolExecutor$Worker.run(ThreadPoolExecutor.java:642)
	at java.base/java.lang.Thread.run(Thread.java:1623)

Oct 06, 2025 5:13:16 PM ai.glog.service.GlogService getFromGlog
SEVERE: java.lang.IllegalStateException: Expected BEGIN_ARRAY but was BEGIN_OBJECT at line 1 column 2 path $
{"detail":"Invalid token."}
com.google.gson.JsonSyntaxException: java.lang.IllegalStateException: Expected BEGIN_ARRAY but was BEGIN_OBJECT at line 1 column 2 path $
	at com.google.gson.Gson.fromJson(Gson.java:1003)
	at com.google.gson.Gson.fromJson(Gson.java:956)
	at com.google.gson.Gson.fromJson(Gson.java:905)
	at ai.glog.service.GlogService.getFromGlog(GlogService.java:174)
	at ai.glog.execute.workers.TriageAndRemediationCallableWorker.setGeneralRemediation(TriageAndRemediationCallableWorker.java:158)
	at ai.glog.execute.workers.TriageAndRemediationCallableWorker.call(TriageAndRemediationCallableWorker.java:73)
	at ai.glog.execute.workers.TriageAndRemediationCallableWorker.call(TriageAndRemediationCallableWorker.java:31)
	at java.base/java.util.concurrent.FutureTask.run(FutureTask.java:317)
	at java.base/java.util.concurrent.ThreadPoolExecutor.runWorker(ThreadPoolExecutor.java:1144)
	at java.base/java.util.concurrent.ThreadPoolExecutor$Worker.run(ThreadPoolExecutor.java:642)
	at java.base/java.lang.Thread.run(Thread.java:1623)
Caused by: java.lang.IllegalStateException: Expected BEGIN_ARRAY but was BEGIN_OBJECT at line 1 column 2 path $
	at com.google.gson.stream.JsonReader.beginArray(JsonReader.java:350)
	at com.google.gson.internal.bind.ArrayTypeAdapter.read(ArrayTypeAdapter.java:70)
	at com.google.gson.Gson.fromJson(Gson.java:991)
	... 10 more

Oct 06, 2025 5:13:16 PM ai.glog.execute.workers.TriageAndRemediationCallableWorker call
SEVERE: null
java.lang.NullPointerException
	at java.base/java.util.Objects.requireNonNull(Objects.java:233)
	at java.base/java.util.Arrays$ArrayList.<init>(Arrays.java:4234)
	at java.base/java.util.Arrays.asList(Arrays.java:4219)
	at ai.glog.execute.workers.TriageAndRemediationCallableWorker.setGeneralRemediation(TriageAndRemediationCallableWorker.java:162)
	at ai.glog.execute.workers.TriageAndRemediationCallableWorker.call(TriageAndRemediationCallableWorker.java:73)
	at ai.glog.execute.workers.TriageAndRemediationCallableWorker.call(TriageAndRemediationCallableWorker.java:31)
	at java.base/java.util.concurrent.FutureTask.run(FutureTask.java:317)
	at java.base/java.util.concurrent.ThreadPoolExecutor.runWorker(ThreadPoolExecutor.java:1144)
	at java.base/java.util.concurrent.ThreadPoolExecutor$Worker.run(ThreadPoolExecutor.java:642)
	at java.base/java.lang.Thread.run(Thread.java:1623)

Oct 06, 2025 5:13:16 PM ai.glog.execute.workers.TriageAndRemediationCallableWorker isFalsePositive
SEVERE: {
  "ruleId" : "DS154189",
  "ruleIndex" : null,
  "rule" : null,
  "kind" : "FAIL",
  "level" : "WARNING",
  "message" : {
    "text" : "Banned C function detected",
    "markdown" : null,
    "id" : null,
    "arguments" : null,
    "properties" : null
  },
  "analysisTarget" : null,
  "locations" : [ {
    "id" : null,
    "physicalLocation" : {
      "address" : null,
      "artifactLocation" : {
        "uri" : "rocm_smi/src/rocm_smi.cc",
        "uriBaseId" : null,
        "index" : null,
        "description" : null,
        "properties" : null
      },
      "region" : {
        "startLine" : 7504,
        "startColumn" : 12,
        "endLine" : 7504,
        "endColumn" : 18,
        "charOffset" : 231045,
        "charLength" : 6,
        "byteOffset" : null,
        "byteLength" : null,
        "snippet" : {
          "text" : "sscanf",
          "binary" : null,
          "rendered" : {
            "text" : "sscanf",
            "markdown" : "`sscanf`",
            "properties" : null
          },
          "properties" : null
        },
        "message" : null,
        "sourceLanguage" : "cpp",
        "properties" : null
      },
      "contextRegion" : null,
      "properties" : null
    },
    "logicalLocations" : null,
    "message" : null,
    "annotations" : null,
    "relationships" : null,
    "properties" : null
  } ],
  "guid" : null,
  "correlationGuid" : null,
  "occurrenceCount" : null,
  "partialFingerprints" : null,
  "fingerprints" : null,
  "stacks" : null,
  "codeFlows" : null,
  "graphs" : null,
  "graphTraversals" : null,
  "relatedLocations" : null,
  "suppressions" : null,
  "baselineState" : null,
  "rank" : null,
  "attachments" : null,
  "hostedViewerUri" : null,
  "workItemUris" : null,
  "provenance" : null,
  "fixes" : null,
  "taxa" : null,
  "webRequest" : null,
  "webResponse" : null,
  "properties" : {
    "DevSkimSeverity" : "Moderate",
    "DevSkimConfidence" : "High"
  }
}
java.util.NoSuchElementException: next on empty iterator
	at scala.collection.Iterator$$anon$19.next(Iterator.scala:973)
	at scala.collection.Iterator$$anon$19.next(Iterator.scala:971)
	at scala.collection.Iterator$$anon$6.next(Iterator.scala:492)
	at flatgraph.traversal.GenericSteps$.head$extension(Language.scala:80)
	at ai.glog.cpg.analysis.SinkAnalyzer$.getSink(SinkAnalyzer.scala:29)
	at ai.glog.cpg.analysis.SinkAnalyzer.getSink(SinkAnalyzer.scala)
	at ai.glog.reporting.Sarif.getSinkCpg(Sarif.java:187)
	at ai.glog.plugins.devskim.rules.resolve.DangerousCFunctionDetectedResolver.isFalsePositive(DangerousCFunctionDetectedResolver.java:22)
	at ai.glog.execute.workers.TriageAndRemediationCallableWorker.isFalsePositive(TriageAndRemediationCallableWorker.java:116)
	at ai.glog.execute.workers.TriageAndRemediationCallableWorker.call(TriageAndRemediationCallableWorker.java:66)
	at ai.glog.execute.workers.TriageAndRemediationCallableWorker.call(TriageAndRemediationCallableWorker.java:31)
	at java.base/java.util.concurrent.FutureTask.run(FutureTask.java:317)
	at java.base/java.util.concurrent.ThreadPoolExecutor.runWorker(ThreadPoolExecutor.java:1144)
	at java.base/java.util.concurrent.ThreadPoolExecutor$Worker.run(ThreadPoolExecutor.java:642)
	at java.base/java.lang.Thread.run(Thread.java:1623)

Oct 06, 2025 5:13:16 PM ai.glog.execute.workers.TriageAndRemediationCallableWorker isFalsePositive
SEVERE: next on empty iterator
java.util.NoSuchElementException: next on empty iterator
	at scala.collection.Iterator$$anon$19.next(Iterator.scala:973)
	at scala.collection.Iterator$$anon$19.next(Iterator.scala:971)
	at scala.collection.Iterator$$anon$6.next(Iterator.scala:492)
	at flatgraph.traversal.GenericSteps$.head$extension(Language.scala:80)
	at ai.glog.cpg.analysis.SinkAnalyzer$.getSink(SinkAnalyzer.scala:29)
	at ai.glog.cpg.analysis.SinkAnalyzer.getSink(SinkAnalyzer.scala)
	at ai.glog.reporting.Sarif.getSinkCpg(Sarif.java:187)
	at ai.glog.plugins.devskim.rules.resolve.DangerousCFunctionDetectedResolver.isFalsePositive(DangerousCFunctionDetectedResolver.java:22)
	at ai.glog.execute.workers.TriageAndRemediationCallableWorker.isFalsePositive(TriageAndRemediationCallableWorker.java:116)
	at ai.glog.execute.workers.TriageAndRemediationCallableWorker.call(TriageAndRemediationCallableWorker.java:66)
	at ai.glog.execute.workers.TriageAndRemediationCallableWorker.call(TriageAndRemediationCallableWorker.java:31)
	at java.base/java.util.concurrent.FutureTask.run(FutureTask.java:317)
	at java.base/java.util.concurrent.ThreadPoolExecutor.runWorker(ThreadPoolExecutor.java:1144)
	at java.base/java.util.concurrent.ThreadPoolExecutor$Worker.run(ThreadPoolExecutor.java:642)
	at java.base/java.lang.Thread.run(Thread.java:1623)

Oct 06, 2025 5:13:17 PM ai.glog.service.GlogService getFromGlog
SEVERE: java.lang.IllegalStateException: Expected BEGIN_ARRAY but was BEGIN_OBJECT at line 1 column 2 path $
{"detail":"Invalid token."}
com.google.gson.JsonSyntaxException: java.lang.IllegalStateException: Expected BEGIN_ARRAY but was BEGIN_OBJECT at line 1 column 2 path $
	at com.google.gson.Gson.fromJson(Gson.java:1003)
	at com.google.gson.Gson.fromJson(Gson.java:956)
	at com.google.gson.Gson.fromJson(Gson.java:905)
	at ai.glog.service.GlogService.getFromGlog(GlogService.java:174)
	at ai.glog.execute.workers.TriageAndRemediationCallableWorker.setGeneralRemediation(TriageAndRemediationCallableWorker.java:158)
	at ai.glog.execute.workers.TriageAndRemediationCallableWorker.call(TriageAndRemediationCallableWorker.java:73)
	at ai.glog.execute.workers.TriageAndRemediationCallableWorker.call(TriageAndRemediationCallableWorker.java:31)
	at java.base/java.util.concurrent.FutureTask.run(FutureTask.java:317)
	at java.base/java.util.concurrent.ThreadPoolExecutor.runWorker(ThreadPoolExecutor.java:1144)
	at java.base/java.util.concurrent.ThreadPoolExecutor$Worker.run(ThreadPoolExecutor.java:642)
	at java.base/java.lang.Thread.run(Thread.java:1623)
Caused by: java.lang.IllegalStateException: Expected BEGIN_ARRAY but was BEGIN_OBJECT at line 1 column 2 path $
	at com.google.gson.stream.JsonReader.beginArray(JsonReader.java:350)
	at com.google.gson.internal.bind.ArrayTypeAdapter.read(ArrayTypeAdapter.java:70)
	at com.google.gson.Gson.fromJson(Gson.java:991)
	... 10 more

Oct 06, 2025 5:13:17 PM ai.glog.execute.workers.TriageAndRemediationCallableWorker call
SEVERE: null
java.lang.NullPointerException
	at java.base/java.util.Objects.requireNonNull(Objects.java:233)
	at java.base/java.util.Arrays$ArrayList.<init>(Arrays.java:4234)
	at java.base/java.util.Arrays.asList(Arrays.java:4219)
	at ai.glog.execute.workers.TriageAndRemediationCallableWorker.setGeneralRemediation(TriageAndRemediationCallableWorker.java:162)
	at ai.glog.execute.workers.TriageAndRemediationCallableWorker.call(TriageAndRemediationCallableWorker.java:73)
	at ai.glog.execute.workers.TriageAndRemediationCallableWorker.call(TriageAndRemediationCallableWorker.java:31)
	at java.base/java.util.concurrent.FutureTask.run(FutureTask.java:317)
	at java.base/java.util.concurrent.ThreadPoolExecutor.runWorker(ThreadPoolExecutor.java:1144)
	at java.base/java.util.concurrent.ThreadPoolExecutor$Worker.run(ThreadPoolExecutor.java:642)
	at java.base/java.lang.Thread.run(Thread.java:1623)

Oct 06, 2025 5:13:17 PM ai.glog.execute.workers.TriageAndRemediationCallableWorker isFalsePositive
SEVERE: {
  "ruleId" : "DS154189",
  "ruleIndex" : null,
  "rule" : null,
  "kind" : "FAIL",
  "level" : "WARNING",
  "message" : {
    "text" : "Banned C function detected",
    "markdown" : null,
    "id" : null,
    "arguments" : null,
    "properties" : null
  },
  "analysisTarget" : null,
  "locations" : [ {
    "id" : null,
    "physicalLocation" : {
      "address" : null,
      "artifactLocation" : {
        "uri" : "rocm_smi/src/rocm_smi.cc",
        "uriBaseId" : null,
        "index" : null,
        "description" : null,
        "properties" : null
      },
      "region" : {
        "startLine" : 7485,
        "startColumn" : 12,
        "endLine" : 7485,
        "endColumn" : 18,
        "charOffset" : 230225,
        "charLength" : 6,
        "byteOffset" : null,
        "byteLength" : null,
        "snippet" : {
          "text" : "sscanf",
          "binary" : null,
          "rendered" : {
            "text" : "sscanf",
            "markdown" : "`sscanf`",
            "properties" : null
          },
          "properties" : null
        },
        "message" : null,
        "sourceLanguage" : "cpp",
        "properties" : null
      },
      "contextRegion" : null,
      "properties" : null
    },
    "logicalLocations" : null,
    "message" : null,
    "annotations" : null,
    "relationships" : null,
    "properties" : null
  } ],
  "guid" : null,
  "correlationGuid" : null,
  "occurrenceCount" : null,
  "partialFingerprints" : null,
  "fingerprints" : null,
  "stacks" : null,
  "codeFlows" : null,
  "graphs" : null,
  "graphTraversals" : null,
  "relatedLocations" : null,
  "suppressions" : null,
  "baselineState" : null,
  "rank" : null,
  "attachments" : null,
  "hostedViewerUri" : null,
  "workItemUris" : null,
  "provenance" : null,
  "fixes" : null,
  "taxa" : null,
  "webRequest" : null,
  "webResponse" : null,
  "properties" : {
    "DevSkimSeverity" : "Moderate",
    "DevSkimConfidence" : "High"
  }
}
java.util.NoSuchElementException: next on empty iterator
	at scala.collection.Iterator$$anon$19.next(Iterator.scala:973)
	at scala.collection.Iterator$$anon$19.next(Iterator.scala:971)
	at scala.collection.Iterator$$anon$6.next(Iterator.scala:492)
	at flatgraph.traversal.GenericSteps$.head$extension(Language.scala:80)
	at ai.glog.cpg.analysis.SinkAnalyzer$.getSink(SinkAnalyzer.scala:29)
	at ai.glog.cpg.analysis.SinkAnalyzer.getSink(SinkAnalyzer.scala)
	at ai.glog.reporting.Sarif.getSinkCpg(Sarif.java:187)
	at ai.glog.plugins.devskim.rules.resolve.DangerousCFunctionDetectedResolver.isFalsePositive(DangerousCFunctionDetectedResolver.java:22)
	at ai.glog.execute.workers.TriageAndRemediationCallableWorker.isFalsePositive(TriageAndRemediationCallableWorker.java:116)
	at ai.glog.execute.workers.TriageAndRemediationCallableWorker.call(TriageAndRemediationCallableWorker.java:66)
	at ai.glog.execute.workers.TriageAndRemediationCallableWorker.call(TriageAndRemediationCallableWorker.java:31)
	at java.base/java.util.concurrent.FutureTask.run(FutureTask.java:317)
	at java.base/java.util.concurrent.ThreadPoolExecutor.runWorker(ThreadPoolExecutor.java:1144)
	at java.base/java.util.concurrent.ThreadPoolExecutor$Worker.run(ThreadPoolExecutor.java:642)
	at java.base/java.lang.Thread.run(Thread.java:1623)

Oct 06, 2025 5:13:17 PM ai.glog.execute.workers.TriageAndRemediationCallableWorker isFalsePositive
SEVERE: next on empty iterator
java.util.NoSuchElementException: next on empty iterator
	at scala.collection.Iterator$$anon$19.next(Iterator.scala:973)
	at scala.collection.Iterator$$anon$19.next(Iterator.scala:971)
	at scala.collection.Iterator$$anon$6.next(Iterator.scala:492)
	at flatgraph.traversal.GenericSteps$.head$extension(Language.scala:80)
	at ai.glog.cpg.analysis.SinkAnalyzer$.getSink(SinkAnalyzer.scala:29)
	at ai.glog.cpg.analysis.SinkAnalyzer.getSink(SinkAnalyzer.scala)
	at ai.glog.reporting.Sarif.getSinkCpg(Sarif.java:187)
	at ai.glog.plugins.devskim.rules.resolve.DangerousCFunctionDetectedResolver.isFalsePositive(DangerousCFunctionDetectedResolver.java:22)
	at ai.glog.execute.workers.TriageAndRemediationCallableWorker.isFalsePositive(TriageAndRemediationCallableWorker.java:116)
	at ai.glog.execute.workers.TriageAndRemediationCallableWorker.call(TriageAndRemediationCallableWorker.java:66)
	at ai.glog.execute.workers.TriageAndRemediationCallableWorker.call(TriageAndRemediationCallableWorker.java:31)
	at java.base/java.util.concurrent.FutureTask.run(FutureTask.java:317)
	at java.base/java.util.concurrent.ThreadPoolExecutor.runWorker(ThreadPoolExecutor.java:1144)
	at java.base/java.util.concurrent.ThreadPoolExecutor$Worker.run(ThreadPoolExecutor.java:642)
	at java.base/java.lang.Thread.run(Thread.java:1623)

Oct 06, 2025 5:13:18 PM ai.glog.service.GlogService getFromGlog
SEVERE: java.lang.IllegalStateException: Expected BEGIN_ARRAY but was BEGIN_OBJECT at line 1 column 2 path $
{"detail":"Invalid token."}
com.google.gson.JsonSyntaxException: java.lang.IllegalStateException: Expected BEGIN_ARRAY but was BEGIN_OBJECT at line 1 column 2 path $
	at com.google.gson.Gson.fromJson(Gson.java:1003)
	at com.google.gson.Gson.fromJson(Gson.java:956)
	at com.google.gson.Gson.fromJson(Gson.java:905)
	at ai.glog.service.GlogService.getFromGlog(GlogService.java:174)
	at ai.glog.execute.workers.TriageAndRemediationCallableWorker.setGeneralRemediation(TriageAndRemediationCallableWorker.java:158)
	at ai.glog.execute.workers.TriageAndRemediationCallableWorker.call(TriageAndRemediationCallableWorker.java:73)
	at ai.glog.execute.workers.TriageAndRemediationCallableWorker.call(TriageAndRemediationCallableWorker.java:31)
	at java.base/java.util.concurrent.FutureTask.run(FutureTask.java:317)
	at java.base/java.util.concurrent.ThreadPoolExecutor.runWorker(ThreadPoolExecutor.java:1144)
	at java.base/java.util.concurrent.ThreadPoolExecutor$Worker.run(ThreadPoolExecutor.java:642)
	at java.base/java.lang.Thread.run(Thread.java:1623)
Caused by: java.lang.IllegalStateException: Expected BEGIN_ARRAY but was BEGIN_OBJECT at line 1 column 2 path $
	at com.google.gson.stream.JsonReader.beginArray(JsonReader.java:350)
	at com.google.gson.internal.bind.ArrayTypeAdapter.read(ArrayTypeAdapter.java:70)
	at com.google.gson.Gson.fromJson(Gson.java:991)
	... 10 more

Oct 06, 2025 5:13:18 PM ai.glog.execute.workers.TriageAndRemediationCallableWorker call
SEVERE: null
java.lang.NullPointerException
	at java.base/java.util.Objects.requireNonNull(Objects.java:233)
	at java.base/java.util.Arrays$ArrayList.<init>(Arrays.java:4234)
	at java.base/java.util.Arrays.asList(Arrays.java:4219)
	at ai.glog.execute.workers.TriageAndRemediationCallableWorker.setGeneralRemediation(TriageAndRemediationCallableWorker.java:162)
	at ai.glog.execute.workers.TriageAndRemediationCallableWorker.call(TriageAndRemediationCallableWorker.java:73)
	at ai.glog.execute.workers.TriageAndRemediationCallableWorker.call(TriageAndRemediationCallableWorker.java:31)
	at java.base/java.util.concurrent.FutureTask.run(FutureTask.java:317)
	at java.base/java.util.concurrent.ThreadPoolExecutor.runWorker(ThreadPoolExecutor.java:1144)
	at java.base/java.util.concurrent.ThreadPoolExecutor$Worker.run(ThreadPoolExecutor.java:642)
	at java.base/java.lang.Thread.run(Thread.java:1623)

Oct 06, 2025 5:13:18 PM ai.glog.execute.workers.TriageAndRemediationCallableWorker isFalsePositive
SEVERE: {
  "ruleId" : "DS154189",
  "ruleIndex" : null,
  "rule" : null,
  "kind" : "FAIL",
  "level" : "WARNING",
  "message" : {
    "text" : "Banned C function detected",
    "markdown" : null,
    "id" : null,
    "arguments" : null,
    "properties" : null
  },
  "analysisTarget" : null,
  "locations" : [ {
    "id" : null,
    "physicalLocation" : {
      "address" : null,
      "artifactLocation" : {
        "uri" : "rocm_smi/src/rocm_smi.cc",
        "uriBaseId" : null,
        "index" : null,
        "description" : null,
        "properties" : null
      },
      "region" : {
        "startLine" : 7463,
        "startColumn" : 12,
        "endLine" : 7463,
        "endColumn" : 18,
        "charOffset" : 229099,
        "charLength" : 6,
        "byteOffset" : null,
        "byteLength" : null,
        "snippet" : {
          "text" : "sscanf",
          "binary" : null,
          "rendered" : {
            "text" : "sscanf",
            "markdown" : "`sscanf`",
            "properties" : null
          },
          "properties" : null
        },
        "message" : null,
        "sourceLanguage" : "cpp",
        "properties" : null
      },
      "contextRegion" : null,
      "properties" : null
    },
    "logicalLocations" : null,
    "message" : null,
    "annotations" : null,
    "relationships" : null,
    "properties" : null
  } ],
  "guid" : null,
  "correlationGuid" : null,
  "occurrenceCount" : null,
  "partialFingerprints" : null,
  "fingerprints" : null,
  "stacks" : null,
  "codeFlows" : null,
  "graphs" : null,
  "graphTraversals" : null,
  "relatedLocations" : null,
  "suppressions" : null,
  "baselineState" : null,
  "rank" : null,
  "attachments" : null,
  "hostedViewerUri" : null,
  "workItemUris" : null,
  "provenance" : null,
  "fixes" : null,
  "taxa" : null,
  "webRequest" : null,
  "webResponse" : null,
  "properties" : {
    "DevSkimSeverity" : "Moderate",
    "DevSkimConfidence" : "High"
  }
}
java.util.NoSuchElementException: next on empty iterator
	at scala.collection.Iterator$$anon$19.next(Iterator.scala:973)
	at scala.collection.Iterator$$anon$19.next(Iterator.scala:971)
	at scala.collection.Iterator$$anon$6.next(Iterator.scala:492)
	at flatgraph.traversal.GenericSteps$.head$extension(Language.scala:80)
	at ai.glog.cpg.analysis.SinkAnalyzer$.getSink(SinkAnalyzer.scala:29)
	at ai.glog.cpg.analysis.SinkAnalyzer.getSink(SinkAnalyzer.scala)
	at ai.glog.reporting.Sarif.getSinkCpg(Sarif.java:187)
	at ai.glog.plugins.devskim.rules.resolve.DangerousCFunctionDetectedResolver.isFalsePositive(DangerousCFunctionDetectedResolver.java:22)
	at ai.glog.execute.workers.TriageAndRemediationCallableWorker.isFalsePositive(TriageAndRemediationCallableWorker.java:116)
	at ai.glog.execute.workers.TriageAndRemediationCallableWorker.call(TriageAndRemediationCallableWorker.java:66)
	at ai.glog.execute.workers.TriageAndRemediationCallableWorker.call(TriageAndRemediationCallableWorker.java:31)
	at java.base/java.util.concurrent.FutureTask.run(FutureTask.java:317)
	at java.base/java.util.concurrent.ThreadPoolExecutor.runWorker(ThreadPoolExecutor.java:1144)
	at java.base/java.util.concurrent.ThreadPoolExecutor$Worker.run(ThreadPoolExecutor.java:642)
	at java.base/java.lang.Thread.run(Thread.java:1623)

Oct 06, 2025 5:13:18 PM ai.glog.execute.workers.TriageAndRemediationCallableWorker isFalsePositive
SEVERE: next on empty iterator
java.util.NoSuchElementException: next on empty iterator
	at scala.collection.Iterator$$anon$19.next(Iterator.scala:973)
	at scala.collection.Iterator$$anon$19.next(Iterator.scala:971)
	at scala.collection.Iterator$$anon$6.next(Iterator.scala:492)
	at flatgraph.traversal.GenericSteps$.head$extension(Language.scala:80)
	at ai.glog.cpg.analysis.SinkAnalyzer$.getSink(SinkAnalyzer.scala:29)
	at ai.glog.cpg.analysis.SinkAnalyzer.getSink(SinkAnalyzer.scala)
	at ai.glog.reporting.Sarif.getSinkCpg(Sarif.java:187)
	at ai.glog.plugins.devskim.rules.resolve.DangerousCFunctionDetectedResolver.isFalsePositive(DangerousCFunctionDetectedResolver.java:22)
	at ai.glog.execute.workers.TriageAndRemediationCallableWorker.isFalsePositive(TriageAndRemediationCallableWorker.java:116)
	at ai.glog.execute.workers.TriageAndRemediationCallableWorker.call(TriageAndRemediationCallableWorker.java:66)
	at ai.glog.execute.workers.TriageAndRemediationCallableWorker.call(TriageAndRemediationCallableWorker.java:31)
	at java.base/java.util.concurrent.FutureTask.run(FutureTask.java:317)
	at java.base/java.util.concurrent.ThreadPoolExecutor.runWorker(ThreadPoolExecutor.java:1144)
	at java.base/java.util.concurrent.ThreadPoolExecutor$Worker.run(ThreadPoolExecutor.java:642)
	at java.base/java.lang.Thread.run(Thread.java:1623)

Oct 06, 2025 5:13:19 PM ai.glog.service.GlogService getFromGlog
SEVERE: java.lang.IllegalStateException: Expected BEGIN_ARRAY but was BEGIN_OBJECT at line 1 column 2 path $
{"detail":"Invalid token."}
com.google.gson.JsonSyntaxException: java.lang.IllegalStateException: Expected BEGIN_ARRAY but was BEGIN_OBJECT at line 1 column 2 path $
	at com.google.gson.Gson.fromJson(Gson.java:1003)
	at com.google.gson.Gson.fromJson(Gson.java:956)
	at com.google.gson.Gson.fromJson(Gson.java:905)
	at ai.glog.service.GlogService.getFromGlog(GlogService.java:174)
	at ai.glog.execute.workers.TriageAndRemediationCallableWorker.setGeneralRemediation(TriageAndRemediationCallableWorker.java:158)
	at ai.glog.execute.workers.TriageAndRemediationCallableWorker.call(TriageAndRemediationCallableWorker.java:73)
	at ai.glog.execute.workers.TriageAndRemediationCallableWorker.call(TriageAndRemediationCallableWorker.java:31)
	at java.base/java.util.concurrent.FutureTask.run(FutureTask.java:317)
	at java.base/java.util.concurrent.ThreadPoolExecutor.runWorker(ThreadPoolExecutor.java:1144)
	at java.base/java.util.concurrent.ThreadPoolExecutor$Worker.run(ThreadPoolExecutor.java:642)
	at java.base/java.lang.Thread.run(Thread.java:1623)
Caused by: java.lang.IllegalStateException: Expected BEGIN_ARRAY but was BEGIN_OBJECT at line 1 column 2 path $
	at com.google.gson.stream.JsonReader.beginArray(JsonReader.java:350)
	at com.google.gson.internal.bind.ArrayTypeAdapter.read(ArrayTypeAdapter.java:70)
	at com.google.gson.Gson.fromJson(Gson.java:991)
	... 10 more

Oct 06, 2025 5:13:19 PM ai.glog.execute.workers.TriageAndRemediationCallableWorker call
SEVERE: null
java.lang.NullPointerException
	at java.base/java.util.Objects.requireNonNull(Objects.java:233)
	at java.base/java.util.Arrays$ArrayList.<init>(Arrays.java:4234)
	at java.base/java.util.Arrays.asList(Arrays.java:4219)
	at ai.glog.execute.workers.TriageAndRemediationCallableWorker.setGeneralRemediation(TriageAndRemediationCallableWorker.java:162)
	at ai.glog.execute.workers.TriageAndRemediationCallableWorker.call(TriageAndRemediationCallableWorker.java:73)
	at ai.glog.execute.workers.TriageAndRemediationCallableWorker.call(TriageAndRemediationCallableWorker.java:31)
	at java.base/java.util.concurrent.FutureTask.run(FutureTask.java:317)
	at java.base/java.util.concurrent.ThreadPoolExecutor.runWorker(ThreadPoolExecutor.java:1144)
	at java.base/java.util.concurrent.ThreadPoolExecutor$Worker.run(ThreadPoolExecutor.java:642)
	at java.base/java.lang.Thread.run(Thread.java:1623)

Oct 06, 2025 5:13:19 PM ai.glog.execute.workers.TriageAndRemediationCallableWorker isFalsePositive
SEVERE: {
  "ruleId" : "DS154189",
  "ruleIndex" : null,
  "rule" : null,
  "kind" : "FAIL",
  "level" : "WARNING",
  "message" : {
    "text" : "Banned C function detected",
    "markdown" : null,
    "id" : null,
    "arguments" : null,
    "properties" : null
  },
  "analysisTarget" : null,
  "locations" : [ {
    "id" : null,
    "physicalLocation" : {
      "address" : null,
      "artifactLocation" : {
        "uri" : "rocm_smi/src/rocm_smi.cc",
        "uriBaseId" : null,
        "index" : null,
        "description" : null,
        "properties" : null
      },
      "region" : {
        "startLine" : 7437,
        "startColumn" : 12,
        "endLine" : 7437,
        "endColumn" : 18,
        "charOffset" : 227788,
        "charLength" : 6,
        "byteOffset" : null,
        "byteLength" : null,
        "snippet" : {
          "text" : "sscanf",
          "binary" : null,
          "rendered" : {
            "text" : "sscanf",
            "markdown" : "`sscanf`",
            "properties" : null
          },
          "properties" : null
        },
        "message" : null,
        "sourceLanguage" : "cpp",
        "properties" : null
      },
      "contextRegion" : null,
      "properties" : null
    },
    "logicalLocations" : null,
    "message" : null,
    "annotations" : null,
    "relationships" : null,
    "properties" : null
  } ],
  "guid" : null,
  "correlationGuid" : null,
  "occurrenceCount" : null,
  "partialFingerprints" : null,
  "fingerprints" : null,
  "stacks" : null,
  "codeFlows" : null,
  "graphs" : null,
  "graphTraversals" : null,
  "relatedLocations" : null,
  "suppressions" : null,
  "baselineState" : null,
  "rank" : null,
  "attachments" : null,
  "hostedViewerUri" : null,
  "workItemUris" : null,
  "provenance" : null,
  "fixes" : null,
  "taxa" : null,
  "webRequest" : null,
  "webResponse" : null,
  "properties" : {
    "DevSkimSeverity" : "Moderate",
    "DevSkimConfidence" : "High"
  }
}
java.util.NoSuchElementException: next on empty iterator
	at scala.collection.Iterator$$anon$19.next(Iterator.scala:973)
	at scala.collection.Iterator$$anon$19.next(Iterator.scala:971)
	at scala.collection.Iterator$$anon$6.next(Iterator.scala:492)
	at flatgraph.traversal.GenericSteps$.head$extension(Language.scala:80)
	at ai.glog.cpg.analysis.SinkAnalyzer$.getSink(SinkAnalyzer.scala:29)
	at ai.glog.cpg.analysis.SinkAnalyzer.getSink(SinkAnalyzer.scala)
	at ai.glog.reporting.Sarif.getSinkCpg(Sarif.java:187)
	at ai.glog.plugins.devskim.rules.resolve.DangerousCFunctionDetectedResolver.isFalsePositive(DangerousCFunctionDetectedResolver.java:22)
	at ai.glog.execute.workers.TriageAndRemediationCallableWorker.isFalsePositive(TriageAndRemediationCallableWorker.java:116)
	at ai.glog.execute.workers.TriageAndRemediationCallableWorker.call(TriageAndRemediationCallableWorker.java:66)
	at ai.glog.execute.workers.TriageAndRemediationCallableWorker.call(TriageAndRemediationCallableWorker.java:31)
	at java.base/java.util.concurrent.FutureTask.run(FutureTask.java:317)
	at java.base/java.util.concurrent.ThreadPoolExecutor.runWorker(ThreadPoolExecutor.java:1144)
	at java.base/java.util.concurrent.ThreadPoolExecutor$Worker.run(ThreadPoolExecutor.java:642)
	at java.base/java.lang.Thread.run(Thread.java:1623)

Oct 06, 2025 5:13:19 PM ai.glog.execute.workers.TriageAndRemediationCallableWorker isFalsePositive
SEVERE: next on empty iterator
java.util.NoSuchElementException: next on empty iterator
	at scala.collection.Iterator$$anon$19.next(Iterator.scala:973)
	at scala.collection.Iterator$$anon$19.next(Iterator.scala:971)
	at scala.collection.Iterator$$anon$6.next(Iterator.scala:492)
	at flatgraph.traversal.GenericSteps$.head$extension(Language.scala:80)
	at ai.glog.cpg.analysis.SinkAnalyzer$.getSink(SinkAnalyzer.scala:29)
	at ai.glog.cpg.analysis.SinkAnalyzer.getSink(SinkAnalyzer.scala)
	at ai.glog.reporting.Sarif.getSinkCpg(Sarif.java:187)
	at ai.glog.plugins.devskim.rules.resolve.DangerousCFunctionDetectedResolver.isFalsePositive(DangerousCFunctionDetectedResolver.java:22)
	at ai.glog.execute.workers.TriageAndRemediationCallableWorker.isFalsePositive(TriageAndRemediationCallableWorker.java:116)
	at ai.glog.execute.workers.TriageAndRemediationCallableWorker.call(TriageAndRemediationCallableWorker.java:66)
	at ai.glog.execute.workers.TriageAndRemediationCallableWorker.call(TriageAndRemediationCallableWorker.java:31)
	at java.base/java.util.concurrent.FutureTask.run(FutureTask.java:317)
	at java.base/java.util.concurrent.ThreadPoolExecutor.runWorker(ThreadPoolExecutor.java:1144)
	at java.base/java.util.concurrent.ThreadPoolExecutor$Worker.run(ThreadPoolExecutor.java:642)
	at java.base/java.lang.Thread.run(Thread.java:1623)

Oct 06, 2025 5:13:20 PM ai.glog.service.GlogService getFromGlog
SEVERE: java.lang.IllegalStateException: Expected BEGIN_ARRAY but was BEGIN_OBJECT at line 1 column 2 path $
{"detail":"Invalid token."}
com.google.gson.JsonSyntaxException: java.lang.IllegalStateException: Expected BEGIN_ARRAY but was BEGIN_OBJECT at line 1 column 2 path $
	at com.google.gson.Gson.fromJson(Gson.java:1003)
	at com.google.gson.Gson.fromJson(Gson.java:956)
	at com.google.gson.Gson.fromJson(Gson.java:905)
	at ai.glog.service.GlogService.getFromGlog(GlogService.java:174)
	at ai.glog.execute.workers.TriageAndRemediationCallableWorker.setGeneralRemediation(TriageAndRemediationCallableWorker.java:158)
	at ai.glog.execute.workers.TriageAndRemediationCallableWorker.call(TriageAndRemediationCallableWorker.java:73)
	at ai.glog.execute.workers.TriageAndRemediationCallableWorker.call(TriageAndRemediationCallableWorker.java:31)
	at java.base/java.util.concurrent.FutureTask.run(FutureTask.java:317)
	at java.base/java.util.concurrent.ThreadPoolExecutor.runWorker(ThreadPoolExecutor.java:1144)
	at java.base/java.util.concurrent.ThreadPoolExecutor$Worker.run(ThreadPoolExecutor.java:642)
	at java.base/java.lang.Thread.run(Thread.java:1623)
Caused by: java.lang.IllegalStateException: Expected BEGIN_ARRAY but was BEGIN_OBJECT at line 1 column 2 path $
	at com.google.gson.stream.JsonReader.beginArray(JsonReader.java:350)
	at com.google.gson.internal.bind.ArrayTypeAdapter.read(ArrayTypeAdapter.java:70)
	at com.google.gson.Gson.fromJson(Gson.java:991)
	... 10 more

Oct 06, 2025 5:13:20 PM ai.glog.execute.workers.TriageAndRemediationCallableWorker call
SEVERE: null
java.lang.NullPointerException
	at java.base/java.util.Objects.requireNonNull(Objects.java:233)
	at java.base/java.util.Arrays$ArrayList.<init>(Arrays.java:4234)
	at java.base/java.util.Arrays.asList(Arrays.java:4219)
	at ai.glog.execute.workers.TriageAndRemediationCallableWorker.setGeneralRemediation(TriageAndRemediationCallableWorker.java:162)
	at ai.glog.execute.workers.TriageAndRemediationCallableWorker.call(TriageAndRemediationCallableWorker.java:73)
	at ai.glog.execute.workers.TriageAndRemediationCallableWorker.call(TriageAndRemediationCallableWorker.java:31)
	at java.base/java.util.concurrent.FutureTask.run(FutureTask.java:317)
	at java.base/java.util.concurrent.ThreadPoolExecutor.runWorker(ThreadPoolExecutor.java:1144)
	at java.base/java.util.concurrent.ThreadPoolExecutor$Worker.run(ThreadPoolExecutor.java:642)
	at java.base/java.lang.Thread.run(Thread.java:1623)

Oct 06, 2025 5:13:20 PM ai.glog.service.GlogService getFromGlog
SEVERE: java.lang.IllegalStateException: Expected BEGIN_ARRAY but was BEGIN_OBJECT at line 1 column 2 path $
{"detail":"Invalid token."}
com.google.gson.JsonSyntaxException: java.lang.IllegalStateException: Expected BEGIN_ARRAY but was BEGIN_OBJECT at line 1 column 2 path $
	at com.google.gson.Gson.fromJson(Gson.java:1003)
	at com.google.gson.Gson.fromJson(Gson.java:956)
	at com.google.gson.Gson.fromJson(Gson.java:905)
	at ai.glog.service.GlogService.getFromGlog(GlogService.java:174)
	at ai.glog.execute.workers.TriageAndRemediationCallableWorker.setGeneralRemediation(TriageAndRemediationCallableWorker.java:158)
	at ai.glog.execute.workers.TriageAndRemediationCallableWorker.call(TriageAndRemediationCallableWorker.java:73)
	at ai.glog.execute.workers.TriageAndRemediationCallableWorker.call(TriageAndRemediationCallableWorker.java:31)
	at java.base/java.util.concurrent.FutureTask.run(FutureTask.java:317)
	at java.base/java.util.concurrent.ThreadPoolExecutor.runWorker(ThreadPoolExecutor.java:1144)
	at java.base/java.util.concurrent.ThreadPoolExecutor$Worker.run(ThreadPoolExecutor.java:642)
	at java.base/java.lang.Thread.run(Thread.java:1623)
Caused by: java.lang.IllegalStateException: Expected BEGIN_ARRAY but was BEGIN_OBJECT at line 1 column 2 path $
	at com.google.gson.stream.JsonReader.beginArray(JsonReader.java:350)
	at com.google.gson.internal.bind.ArrayTypeAdapter.read(ArrayTypeAdapter.java:70)
	at com.google.gson.Gson.fromJson(Gson.java:991)
	... 10 more

Oct 06, 2025 5:13:20 PM ai.glog.execute.workers.TriageAndRemediationCallableWorker call
SEVERE: null
java.lang.NullPointerException
	at java.base/java.util.Objects.requireNonNull(Objects.java:233)
	at java.base/java.util.Arrays$ArrayList.<init>(Arrays.java:4234)
	at java.base/java.util.Arrays.asList(Arrays.java:4219)
	at ai.glog.execute.workers.TriageAndRemediationCallableWorker.setGeneralRemediation(TriageAndRemediationCallableWorker.java:162)
	at ai.glog.execute.workers.TriageAndRemediationCallableWorker.call(TriageAndRemediationCallableWorker.java:73)
	at ai.glog.execute.workers.TriageAndRemediationCallableWorker.call(TriageAndRemediationCallableWorker.java:31)
	at java.base/java.util.concurrent.FutureTask.run(FutureTask.java:317)
	at java.base/java.util.concurrent.ThreadPoolExecutor.runWorker(ThreadPoolExecutor.java:1144)
	at java.base/java.util.concurrent.ThreadPoolExecutor$Worker.run(ThreadPoolExecutor.java:642)
	at java.base/java.lang.Thread.run(Thread.java:1623)

Oct 06, 2025 5:13:21 PM ai.glog.service.GlogService getFromGlog
SEVERE: java.lang.IllegalStateException: Expected BEGIN_ARRAY but was BEGIN_OBJECT at line 1 column 2 path $
{"detail":"Invalid token."}
com.google.gson.JsonSyntaxException: java.lang.IllegalStateException: Expected BEGIN_ARRAY but was BEGIN_OBJECT at line 1 column 2 path $
	at com.google.gson.Gson.fromJson(Gson.java:1003)
	at com.google.gson.Gson.fromJson(Gson.java:956)
	at com.google.gson.Gson.fromJson(Gson.java:905)
	at ai.glog.service.GlogService.getFromGlog(GlogService.java:174)
	at ai.glog.execute.workers.TriageAndRemediationCallableWorker.setGeneralRemediation(TriageAndRemediationCallableWorker.java:158)
	at ai.glog.execute.workers.TriageAndRemediationCallableWorker.call(TriageAndRemediationCallableWorker.java:73)
	at ai.glog.execute.workers.TriageAndRemediationCallableWorker.call(TriageAndRemediationCallableWorker.java:31)
	at java.base/java.util.concurrent.FutureTask.run(FutureTask.java:317)
	at java.base/java.util.concurrent.ThreadPoolExecutor.runWorker(ThreadPoolExecutor.java:1144)
	at java.base/java.util.concurrent.ThreadPoolExecutor$Worker.run(ThreadPoolExecutor.java:642)
	at java.base/java.lang.Thread.run(Thread.java:1623)
Caused by: java.lang.IllegalStateException: Expected BEGIN_ARRAY but was BEGIN_OBJECT at line 1 column 2 path $
	at com.google.gson.stream.JsonReader.beginArray(JsonReader.java:350)
	at com.google.gson.internal.bind.ArrayTypeAdapter.read(ArrayTypeAdapter.java:70)
	at com.google.gson.Gson.fromJson(Gson.java:991)
	... 10 more

Oct 06, 2025 5:13:21 PM ai.glog.execute.workers.TriageAndRemediationCallableWorker call
SEVERE: null
java.lang.NullPointerException
	at java.base/java.util.Objects.requireNonNull(Objects.java:233)
	at java.base/java.util.Arrays$ArrayList.<init>(Arrays.java:4234)
	at java.base/java.util.Arrays.asList(Arrays.java:4219)
	at ai.glog.execute.workers.TriageAndRemediationCallableWorker.setGeneralRemediation(TriageAndRemediationCallableWorker.java:162)
	at ai.glog.execute.workers.TriageAndRemediationCallableWorker.call(TriageAndRemediationCallableWorker.java:73)
	at ai.glog.execute.workers.TriageAndRemediationCallableWorker.call(TriageAndRemediationCallableWorker.java:31)
	at java.base/java.util.concurrent.FutureTask.run(FutureTask.java:317)
	at java.base/java.util.concurrent.ThreadPoolExecutor.runWorker(ThreadPoolExecutor.java:1144)
	at java.base/java.util.concurrent.ThreadPoolExecutor$Worker.run(ThreadPoolExecutor.java:642)
	at java.base/java.lang.Thread.run(Thread.java:1623)

Oct 06, 2025 5:13:22 PM ai.glog.execute.workers.TriageAndRemediationCallableWorker isFalsePositive
SEVERE: {
  "ruleId" : "DS154189",
  "ruleIndex" : null,
  "rule" : null,
  "kind" : "FAIL",
  "level" : "WARNING",
  "message" : {
    "text" : "Banned C function detected",
    "markdown" : null,
    "id" : null,
    "arguments" : null,
    "properties" : null
  },
  "analysisTarget" : null,
  "locations" : [ {
    "id" : null,
    "physicalLocation" : {
      "address" : null,
      "artifactLocation" : {
        "uri" : "rocm_smi/src/rocm_smi.cc",
        "uriBaseId" : null,
        "index" : null,
        "description" : null,
        "properties" : null
      },
      "region" : {
        "startLine" : 7391,
        "startColumn" : 12,
        "endLine" : 7391,
        "endColumn" : 18,
        "charOffset" : 225853,
        "charLength" : 6,
        "byteOffset" : null,
        "byteLength" : null,
        "snippet" : {
          "text" : "sscanf",
          "binary" : null,
          "rendered" : {
            "text" : "sscanf",
            "markdown" : "`sscanf`",
            "properties" : null
          },
          "properties" : null
        },
        "message" : null,
        "sourceLanguage" : "cpp",
        "properties" : null
      },
      "contextRegion" : null,
      "properties" : null
    },
    "logicalLocations" : null,
    "message" : null,
    "annotations" : null,
    "relationships" : null,
    "properties" : null
  } ],
  "guid" : null,
  "correlationGuid" : null,
  "occurrenceCount" : null,
  "partialFingerprints" : null,
  "fingerprints" : null,
  "stacks" : null,
  "codeFlows" : null,
  "graphs" : null,
  "graphTraversals" : null,
  "relatedLocations" : null,
  "suppressions" : null,
  "baselineState" : null,
  "rank" : null,
  "attachments" : null,
  "hostedViewerUri" : null,
  "workItemUris" : null,
  "provenance" : null,
  "fixes" : null,
  "taxa" : null,
  "webRequest" : null,
  "webResponse" : null,
  "properties" : {
    "DevSkimSeverity" : "Moderate",
    "DevSkimConfidence" : "High"
  }
}
java.util.NoSuchElementException: next on empty iterator
	at scala.collection.Iterator$$anon$19.next(Iterator.scala:973)
	at scala.collection.Iterator$$anon$19.next(Iterator.scala:971)
	at scala.collection.Iterator$$anon$6.next(Iterator.scala:492)
	at flatgraph.traversal.GenericSteps$.head$extension(Language.scala:80)
	at ai.glog.cpg.analysis.SinkAnalyzer$.getSink(SinkAnalyzer.scala:29)
	at ai.glog.cpg.analysis.SinkAnalyzer.getSink(SinkAnalyzer.scala)
	at ai.glog.reporting.Sarif.getSinkCpg(Sarif.java:187)
	at ai.glog.plugins.devskim.rules.resolve.DangerousCFunctionDetectedResolver.isFalsePositive(DangerousCFunctionDetectedResolver.java:22)
	at ai.glog.execute.workers.TriageAndRemediationCallableWorker.isFalsePositive(TriageAndRemediationCallableWorker.java:116)
	at ai.glog.execute.workers.TriageAndRemediationCallableWorker.call(TriageAndRemediationCallableWorker.java:66)
	at ai.glog.execute.workers.TriageAndRemediationCallableWorker.call(TriageAndRemediationCallableWorker.java:31)
	at java.base/java.util.concurrent.FutureTask.run(FutureTask.java:317)
	at java.base/java.util.concurrent.ThreadPoolExecutor.runWorker(ThreadPoolExecutor.java:1144)
	at java.base/java.util.concurrent.ThreadPoolExecutor$Worker.run(ThreadPoolExecutor.java:642)
	at java.base/java.lang.Thread.run(Thread.java:1623)

Oct 06, 2025 5:13:22 PM ai.glog.execute.workers.TriageAndRemediationCallableWorker isFalsePositive
SEVERE: next on empty iterator
java.util.NoSuchElementException: next on empty iterator
	at scala.collection.Iterator$$anon$19.next(Iterator.scala:973)
	at scala.collection.Iterator$$anon$19.next(Iterator.scala:971)
	at scala.collection.Iterator$$anon$6.next(Iterator.scala:492)
	at flatgraph.traversal.GenericSteps$.head$extension(Language.scala:80)
	at ai.glog.cpg.analysis.SinkAnalyzer$.getSink(SinkAnalyzer.scala:29)
	at ai.glog.cpg.analysis.SinkAnalyzer.getSink(SinkAnalyzer.scala)
	at ai.glog.reporting.Sarif.getSinkCpg(Sarif.java:187)
	at ai.glog.plugins.devskim.rules.resolve.DangerousCFunctionDetectedResolver.isFalsePositive(DangerousCFunctionDetectedResolver.java:22)
	at ai.glog.execute.workers.TriageAndRemediationCallableWorker.isFalsePositive(TriageAndRemediationCallableWorker.java:116)
	at ai.glog.execute.workers.TriageAndRemediationCallableWorker.call(TriageAndRemediationCallableWorker.java:66)
	at ai.glog.execute.workers.TriageAndRemediationCallableWorker.call(TriageAndRemediationCallableWorker.java:31)
	at java.base/java.util.concurrent.FutureTask.run(FutureTask.java:317)
	at java.base/java.util.concurrent.ThreadPoolExecutor.runWorker(ThreadPoolExecutor.java:1144)
	at java.base/java.util.concurrent.ThreadPoolExecutor$Worker.run(ThreadPoolExecutor.java:642)
	at java.base/java.lang.Thread.run(Thread.java:1623)

Oct 06, 2025 5:13:22 PM ai.glog.service.GlogService getFromGlog
SEVERE: java.lang.IllegalStateException: Expected BEGIN_ARRAY but was BEGIN_OBJECT at line 1 column 2 path $
{"detail":"Invalid token."}
com.google.gson.JsonSyntaxException: java.lang.IllegalStateException: Expected BEGIN_ARRAY but was BEGIN_OBJECT at line 1 column 2 path $
	at com.google.gson.Gson.fromJson(Gson.java:1003)
	at com.google.gson.Gson.fromJson(Gson.java:956)
	at com.google.gson.Gson.fromJson(Gson.java:905)
	at ai.glog.service.GlogService.getFromGlog(GlogService.java:174)
	at ai.glog.execute.workers.TriageAndRemediationCallableWorker.setGeneralRemediation(TriageAndRemediationCallableWorker.java:158)
	at ai.glog.execute.workers.TriageAndRemediationCallableWorker.call(TriageAndRemediationCallableWorker.java:73)
	at ai.glog.execute.workers.TriageAndRemediationCallableWorker.call(TriageAndRemediationCallableWorker.java:31)
	at java.base/java.util.concurrent.FutureTask.run(FutureTask.java:317)
	at java.base/java.util.concurrent.ThreadPoolExecutor.runWorker(ThreadPoolExecutor.java:1144)
	at java.base/java.util.concurrent.ThreadPoolExecutor$Worker.run(ThreadPoolExecutor.java:642)
	at java.base/java.lang.Thread.run(Thread.java:1623)
Caused by: java.lang.IllegalStateException: Expected BEGIN_ARRAY but was BEGIN_OBJECT at line 1 column 2 path $
	at com.google.gson.stream.JsonReader.beginArray(JsonReader.java:350)
	at com.google.gson.internal.bind.ArrayTypeAdapter.read(ArrayTypeAdapter.java:70)
	at com.google.gson.Gson.fromJson(Gson.java:991)
	... 10 more

Oct 06, 2025 5:13:22 PM ai.glog.execute.workers.TriageAndRemediationCallableWorker call
SEVERE: null
java.lang.NullPointerException
	at java.base/java.util.Objects.requireNonNull(Objects.java:233)
	at java.base/java.util.Arrays$ArrayList.<init>(Arrays.java:4234)
	at java.base/java.util.Arrays.asList(Arrays.java:4219)
	at ai.glog.execute.workers.TriageAndRemediationCallableWorker.setGeneralRemediation(TriageAndRemediationCallableWorker.java:162)
	at ai.glog.execute.workers.TriageAndRemediationCallableWorker.call(TriageAndRemediationCallableWorker.java:73)
	at ai.glog.execute.workers.TriageAndRemediationCallableWorker.call(TriageAndRemediationCallableWorker.java:31)
	at java.base/java.util.concurrent.FutureTask.run(FutureTask.java:317)
	at java.base/java.util.concurrent.ThreadPoolExecutor.runWorker(ThreadPoolExecutor.java:1144)
	at java.base/java.util.concurrent.ThreadPoolExecutor$Worker.run(ThreadPoolExecutor.java:642)
	at java.base/java.lang.Thread.run(Thread.java:1623)

Oct 06, 2025 5:13:23 PM ai.glog.service.GlogService getFromGlog
SEVERE: java.lang.IllegalStateException: Expected BEGIN_ARRAY but was BEGIN_OBJECT at line 1 column 2 path $
{"detail":"Invalid token."}
com.google.gson.JsonSyntaxException: java.lang.IllegalStateException: Expected BEGIN_ARRAY but was BEGIN_OBJECT at line 1 column 2 path $
	at com.google.gson.Gson.fromJson(Gson.java:1003)
	at com.google.gson.Gson.fromJson(Gson.java:956)
	at com.google.gson.Gson.fromJson(Gson.java:905)
	at ai.glog.service.GlogService.getFromGlog(GlogService.java:174)
	at ai.glog.execute.workers.TriageAndRemediationCallableWorker.setGeneralRemediation(TriageAndRemediationCallableWorker.java:158)
	at ai.glog.execute.workers.TriageAndRemediationCallableWorker.call(TriageAndRemediationCallableWorker.java:73)
	at ai.glog.execute.workers.TriageAndRemediationCallableWorker.call(TriageAndRemediationCallableWorker.java:31)
	at java.base/java.util.concurrent.FutureTask.run(FutureTask.java:317)
	at java.base/java.util.concurrent.ThreadPoolExecutor.runWorker(ThreadPoolExecutor.java:1144)
	at java.base/java.util.concurrent.ThreadPoolExecutor$Worker.run(ThreadPoolExecutor.java:642)
	at java.base/java.lang.Thread.run(Thread.java:1623)
Caused by: java.lang.IllegalStateException: Expected BEGIN_ARRAY but was BEGIN_OBJECT at line 1 column 2 path $
	at com.google.gson.stream.JsonReader.beginArray(JsonReader.java:350)
	at com.google.gson.internal.bind.ArrayTypeAdapter.read(ArrayTypeAdapter.java:70)
	at com.google.gson.Gson.fromJson(Gson.java:991)
	... 10 more

Oct 06, 2025 5:13:23 PM ai.glog.execute.workers.TriageAndRemediationCallableWorker call
SEVERE: null
java.lang.NullPointerException
	at java.base/java.util.Objects.requireNonNull(Objects.java:233)
	at java.base/java.util.Arrays$ArrayList.<init>(Arrays.java:4234)
	at java.base/java.util.Arrays.asList(Arrays.java:4219)
	at ai.glog.execute.workers.TriageAndRemediationCallableWorker.setGeneralRemediation(TriageAndRemediationCallableWorker.java:162)
	at ai.glog.execute.workers.TriageAndRemediationCallableWorker.call(TriageAndRemediationCallableWorker.java:73)
	at ai.glog.execute.workers.TriageAndRemediationCallableWorker.call(TriageAndRemediationCallableWorker.java:31)
	at java.base/java.util.concurrent.FutureTask.run(FutureTask.java:317)
	at java.base/java.util.concurrent.ThreadPoolExecutor.runWorker(ThreadPoolExecutor.java:1144)
	at java.base/java.util.concurrent.ThreadPoolExecutor$Worker.run(ThreadPoolExecutor.java:642)
	at java.base/java.lang.Thread.run(Thread.java:1623)

Oct 06, 2025 5:13:24 PM ai.glog.service.GlogService getFromGlog
SEVERE: java.lang.IllegalStateException: Expected BEGIN_ARRAY but was BEGIN_OBJECT at line 1 column 2 path $
{"detail":"Invalid token."}
com.google.gson.JsonSyntaxException: java.lang.IllegalStateException: Expected BEGIN_ARRAY but was BEGIN_OBJECT at line 1 column 2 path $
	at com.google.gson.Gson.fromJson(Gson.java:1003)
	at com.google.gson.Gson.fromJson(Gson.java:956)
	at com.google.gson.Gson.fromJson(Gson.java:905)
	at ai.glog.service.GlogService.getFromGlog(GlogService.java:174)
	at ai.glog.execute.workers.TriageAndRemediationCallableWorker.setGeneralRemediation(TriageAndRemediationCallableWorker.java:158)
	at ai.glog.execute.workers.TriageAndRemediationCallableWorker.call(TriageAndRemediationCallableWorker.java:73)
	at ai.glog.execute.workers.TriageAndRemediationCallableWorker.call(TriageAndRemediationCallableWorker.java:31)
	at java.base/java.util.concurrent.FutureTask.run(FutureTask.java:317)
	at java.base/java.util.concurrent.ThreadPoolExecutor.runWorker(ThreadPoolExecutor.java:1144)
	at java.base/java.util.concurrent.ThreadPoolExecutor$Worker.run(ThreadPoolExecutor.java:642)
	at java.base/java.lang.Thread.run(Thread.java:1623)
Caused by: java.lang.IllegalStateException: Expected BEGIN_ARRAY but was BEGIN_OBJECT at line 1 column 2 path $
	at com.google.gson.stream.JsonReader.beginArray(JsonReader.java:350)
	at com.google.gson.internal.bind.ArrayTypeAdapter.read(ArrayTypeAdapter.java:70)
	at com.google.gson.Gson.fromJson(Gson.java:991)
	... 10 more

Oct 06, 2025 5:13:24 PM ai.glog.execute.workers.TriageAndRemediationCallableWorker call
SEVERE: null
java.lang.NullPointerException
	at java.base/java.util.Objects.requireNonNull(Objects.java:233)
	at java.base/java.util.Arrays$ArrayList.<init>(Arrays.java:4234)
	at java.base/java.util.Arrays.asList(Arrays.java:4219)
	at ai.glog.execute.workers.TriageAndRemediationCallableWorker.setGeneralRemediation(TriageAndRemediationCallableWorker.java:162)
	at ai.glog.execute.workers.TriageAndRemediationCallableWorker.call(TriageAndRemediationCallableWorker.java:73)
	at ai.glog.execute.workers.TriageAndRemediationCallableWorker.call(TriageAndRemediationCallableWorker.java:31)
	at java.base/java.util.concurrent.FutureTask.run(FutureTask.java:317)
	at java.base/java.util.concurrent.ThreadPoolExecutor.runWorker(ThreadPoolExecutor.java:1144)
	at java.base/java.util.concurrent.ThreadPoolExecutor$Worker.run(ThreadPoolExecutor.java:642)
	at java.base/java.lang.Thread.run(Thread.java:1623)

Oct 06, 2025 5:13:25 PM ai.glog.service.GlogService getFromGlog
SEVERE: java.lang.IllegalStateException: Expected BEGIN_ARRAY but was BEGIN_OBJECT at line 1 column 2 path $
{"detail":"Invalid token."}
com.google.gson.JsonSyntaxException: java.lang.IllegalStateException: Expected BEGIN_ARRAY but was BEGIN_OBJECT at line 1 column 2 path $
	at com.google.gson.Gson.fromJson(Gson.java:1003)
	at com.google.gson.Gson.fromJson(Gson.java:956)
	at com.google.gson.Gson.fromJson(Gson.java:905)
	at ai.glog.service.GlogService.getFromGlog(GlogService.java:174)
	at ai.glog.execute.workers.TriageAndRemediationCallableWorker.setGeneralRemediation(TriageAndRemediationCallableWorker.java:158)
	at ai.glog.execute.workers.TriageAndRemediationCallableWorker.call(TriageAndRemediationCallableWorker.java:73)
	at ai.glog.execute.workers.TriageAndRemediationCallableWorker.call(TriageAndRemediationCallableWorker.java:31)
	at java.base/java.util.concurrent.FutureTask.run(FutureTask.java:317)
	at java.base/java.util.concurrent.ThreadPoolExecutor.runWorker(ThreadPoolExecutor.java:1144)
	at java.base/java.util.concurrent.ThreadPoolExecutor$Worker.run(ThreadPoolExecutor.java:642)
	at java.base/java.lang.Thread.run(Thread.java:1623)
Caused by: java.lang.IllegalStateException: Expected BEGIN_ARRAY but was BEGIN_OBJECT at line 1 column 2 path $
	at com.google.gson.stream.JsonReader.beginArray(JsonReader.java:350)
	at com.google.gson.internal.bind.ArrayTypeAdapter.read(ArrayTypeAdapter.java:70)
	at com.google.gson.Gson.fromJson(Gson.java:991)
	... 10 more

Oct 06, 2025 5:13:25 PM ai.glog.execute.workers.TriageAndRemediationCallableWorker call
SEVERE: null
java.lang.NullPointerException
	at java.base/java.util.Objects.requireNonNull(Objects.java:233)
	at java.base/java.util.Arrays$ArrayList.<init>(Arrays.java:4234)
	at java.base/java.util.Arrays.asList(Arrays.java:4219)
	at ai.glog.execute.workers.TriageAndRemediationCallableWorker.setGeneralRemediation(TriageAndRemediationCallableWorker.java:162)
	at ai.glog.execute.workers.TriageAndRemediationCallableWorker.call(TriageAndRemediationCallableWorker.java:73)
	at ai.glog.execute.workers.TriageAndRemediationCallableWorker.call(TriageAndRemediationCallableWorker.java:31)
	at java.base/java.util.concurrent.FutureTask.run(FutureTask.java:317)
	at java.base/java.util.concurrent.ThreadPoolExecutor.runWorker(ThreadPoolExecutor.java:1144)
	at java.base/java.util.concurrent.ThreadPoolExecutor$Worker.run(ThreadPoolExecutor.java:642)
	at java.base/java.lang.Thread.run(Thread.java:1623)

Oct 06, 2025 5:13:26 PM ai.glog.service.GlogService getFromGlog
SEVERE: java.lang.IllegalStateException: Expected BEGIN_ARRAY but was BEGIN_OBJECT at line 1 column 2 path $
{"detail":"Invalid token."}
com.google.gson.JsonSyntaxException: java.lang.IllegalStateException: Expected BEGIN_ARRAY but was BEGIN_OBJECT at line 1 column 2 path $
	at com.google.gson.Gson.fromJson(Gson.java:1003)
	at com.google.gson.Gson.fromJson(Gson.java:956)
	at com.google.gson.Gson.fromJson(Gson.java:905)
	at ai.glog.service.GlogService.getFromGlog(GlogService.java:174)
	at ai.glog.execute.workers.TriageAndRemediationCallableWorker.setGeneralRemediation(TriageAndRemediationCallableWorker.java:158)
	at ai.glog.execute.workers.TriageAndRemediationCallableWorker.call(TriageAndRemediationCallableWorker.java:73)
	at ai.glog.execute.workers.TriageAndRemediationCallableWorker.call(TriageAndRemediationCallableWorker.java:31)
	at java.base/java.util.concurrent.FutureTask.run(FutureTask.java:317)
	at java.base/java.util.concurrent.ThreadPoolExecutor.runWorker(ThreadPoolExecutor.java:1144)
	at java.base/java.util.concurrent.ThreadPoolExecutor$Worker.run(ThreadPoolExecutor.java:642)
	at java.base/java.lang.Thread.run(Thread.java:1623)
Caused by: java.lang.IllegalStateException: Expected BEGIN_ARRAY but was BEGIN_OBJECT at line 1 column 2 path $
	at com.google.gson.stream.JsonReader.beginArray(JsonReader.java:350)
	at com.google.gson.internal.bind.ArrayTypeAdapter.read(ArrayTypeAdapter.java:70)
	at com.google.gson.Gson.fromJson(Gson.java:991)
	... 10 more

Oct 06, 2025 5:13:26 PM ai.glog.execute.workers.TriageAndRemediationCallableWorker call
SEVERE: null
java.lang.NullPointerException
	at java.base/java.util.Objects.requireNonNull(Objects.java:233)
	at java.base/java.util.Arrays$ArrayList.<init>(Arrays.java:4234)
	at java.base/java.util.Arrays.asList(Arrays.java:4219)
	at ai.glog.execute.workers.TriageAndRemediationCallableWorker.setGeneralRemediation(TriageAndRemediationCallableWorker.java:162)
	at ai.glog.execute.workers.TriageAndRemediationCallableWorker.call(TriageAndRemediationCallableWorker.java:73)
	at ai.glog.execute.workers.TriageAndRemediationCallableWorker.call(TriageAndRemediationCallableWorker.java:31)
	at java.base/java.util.concurrent.FutureTask.run(FutureTask.java:317)
	at java.base/java.util.concurrent.ThreadPoolExecutor.runWorker(ThreadPoolExecutor.java:1144)
	at java.base/java.util.concurrent.ThreadPoolExecutor$Worker.run(ThreadPoolExecutor.java:642)
	at java.base/java.lang.Thread.run(Thread.java:1623)

Oct 06, 2025 5:13:47 PM ai.glog.service.GlogService getFromGlog
SEVERE: java.lang.IllegalStateException: Expected BEGIN_ARRAY but was BEGIN_OBJECT at line 1 column 2 path $
{"detail":"Invalid token."}
com.google.gson.JsonSyntaxException: java.lang.IllegalStateException: Expected BEGIN_ARRAY but was BEGIN_OBJECT at line 1 column 2 path $
	at com.google.gson.Gson.fromJson(Gson.java:1003)
	at com.google.gson.Gson.fromJson(Gson.java:956)
	at com.google.gson.Gson.fromJson(Gson.java:905)
	at ai.glog.service.GlogService.getFromGlog(GlogService.java:174)
	at ai.glog.execute.workers.TriageAndRemediationCallableWorker.setGeneralRemediation(TriageAndRemediationCallableWorker.java:158)
	at ai.glog.execute.workers.TriageAndRemediationCallableWorker.call(TriageAndRemediationCallableWorker.java:73)
	at ai.glog.execute.workers.TriageAndRemediationCallableWorker.call(TriageAndRemediationCallableWorker.java:31)
	at java.base/java.util.concurrent.FutureTask.run(FutureTask.java:317)
	at java.base/java.util.concurrent.ThreadPoolExecutor.runWorker(ThreadPoolExecutor.java:1144)
	at java.base/java.util.concurrent.ThreadPoolExecutor$Worker.run(ThreadPoolExecutor.java:642)
	at java.base/java.lang.Thread.run(Thread.java:1623)
Caused by: java.lang.IllegalStateException: Expected BEGIN_ARRAY but was BEGIN_OBJECT at line 1 column 2 path $
	at com.google.gson.stream.JsonReader.beginArray(JsonReader.java:350)
	at com.google.gson.internal.bind.ArrayTypeAdapter.read(ArrayTypeAdapter.java:70)
	at com.google.gson.Gson.fromJson(Gson.java:991)
	... 10 more

Oct 06, 2025 5:13:47 PM ai.glog.execute.workers.TriageAndRemediationCallableWorker call
SEVERE: null
java.lang.NullPointerException
	at java.base/java.util.Objects.requireNonNull(Objects.java:233)
	at java.base/java.util.Arrays$ArrayList.<init>(Arrays.java:4234)
	at java.base/java.util.Arrays.asList(Arrays.java:4219)
	at ai.glog.execute.workers.TriageAndRemediationCallableWorker.setGeneralRemediation(TriageAndRemediationCallableWorker.java:162)
	at ai.glog.execute.workers.TriageAndRemediationCallableWorker.call(TriageAndRemediationCallableWorker.java:73)
	at ai.glog.execute.workers.TriageAndRemediationCallableWorker.call(TriageAndRemediationCallableWorker.java:31)
	at java.base/java.util.concurrent.FutureTask.run(FutureTask.java:317)
	at java.base/java.util.concurrent.ThreadPoolExecutor.runWorker(ThreadPoolExecutor.java:1144)
	at java.base/java.util.concurrent.ThreadPoolExecutor$Worker.run(ThreadPoolExecutor.java:642)
	at java.base/java.lang.Thread.run(Thread.java:1623)

Oct 06, 2025 5:13:47 PM ai.glog.service.GlogService getFromGlog
SEVERE: java.lang.IllegalStateException: Expected BEGIN_ARRAY but was BEGIN_OBJECT at line 1 column 2 path $
{"detail":"Invalid token."}
com.google.gson.JsonSyntaxException: java.lang.IllegalStateException: Expected BEGIN_ARRAY but was BEGIN_OBJECT at line 1 column 2 path $
	at com.google.gson.Gson.fromJson(Gson.java:1003)
	at com.google.gson.Gson.fromJson(Gson.java:956)
	at com.google.gson.Gson.fromJson(Gson.java:905)
	at ai.glog.service.GlogService.getFromGlog(GlogService.java:174)
	at ai.glog.execute.workers.TriageAndRemediationCallableWorker.setGeneralRemediation(TriageAndRemediationCallableWorker.java:158)
	at ai.glog.execute.workers.TriageAndRemediationCallableWorker.call(TriageAndRemediationCallableWorker.java:73)
	at ai.glog.execute.workers.TriageAndRemediationCallableWorker.call(TriageAndRemediationCallableWorker.java:31)
	at java.base/java.util.concurrent.FutureTask.run(FutureTask.java:317)
	at java.base/java.util.concurrent.ThreadPoolExecutor.runWorker(ThreadPoolExecutor.java:1144)
	at java.base/java.util.concurrent.ThreadPoolExecutor$Worker.run(ThreadPoolExecutor.java:642)
	at java.base/java.lang.Thread.run(Thread.java:1623)
Caused by: java.lang.IllegalStateException: Expected BEGIN_ARRAY but was BEGIN_OBJECT at line 1 column 2 path $
	at com.google.gson.stream.JsonReader.beginArray(JsonReader.java:350)
	at com.google.gson.internal.bind.ArrayTypeAdapter.read(ArrayTypeAdapter.java:70)
	at com.google.gson.Gson.fromJson(Gson.java:991)
	... 10 more

Oct 06, 2025 5:13:47 PM ai.glog.execute.workers.TriageAndRemediationCallableWorker call
SEVERE: null
java.lang.NullPointerException
	at java.base/java.util.Objects.requireNonNull(Objects.java:233)
	at java.base/java.util.Arrays$ArrayList.<init>(Arrays.java:4234)
	at java.base/java.util.Arrays.asList(Arrays.java:4219)
	at ai.glog.execute.workers.TriageAndRemediationCallableWorker.setGeneralRemediation(TriageAndRemediationCallableWorker.java:162)
	at ai.glog.execute.workers.TriageAndRemediationCallableWorker.call(TriageAndRemediationCallableWorker.java:73)
	at ai.glog.execute.workers.TriageAndRemediationCallableWorker.call(TriageAndRemediationCallableWorker.java:31)
	at java.base/java.util.concurrent.FutureTask.run(FutureTask.java:317)
	at java.base/java.util.concurrent.ThreadPoolExecutor.runWorker(ThreadPoolExecutor.java:1144)
	at java.base/java.util.concurrent.ThreadPoolExecutor$Worker.run(ThreadPoolExecutor.java:642)
	at java.base/java.lang.Thread.run(Thread.java:1623)

Oct 06, 2025 5:13:48 PM ai.glog.service.GlogService getFromGlog
SEVERE: java.lang.IllegalStateException: Expected BEGIN_ARRAY but was BEGIN_OBJECT at line 1 column 2 path $
{"detail":"Invalid token."}
com.google.gson.JsonSyntaxException: java.lang.IllegalStateException: Expected BEGIN_ARRAY but was BEGIN_OBJECT at line 1 column 2 path $
	at com.google.gson.Gson.fromJson(Gson.java:1003)
	at com.google.gson.Gson.fromJson(Gson.java:956)
	at com.google.gson.Gson.fromJson(Gson.java:905)
	at ai.glog.service.GlogService.getFromGlog(GlogService.java:174)
	at ai.glog.execute.workers.TriageAndRemediationCallableWorker.setGeneralRemediation(TriageAndRemediationCallableWorker.java:158)
	at ai.glog.execute.workers.TriageAndRemediationCallableWorker.call(TriageAndRemediationCallableWorker.java:73)
	at ai.glog.execute.workers.TriageAndRemediationCallableWorker.call(TriageAndRemediationCallableWorker.java:31)
	at java.base/java.util.concurrent.FutureTask.run(FutureTask.java:317)
	at java.base/java.util.concurrent.ThreadPoolExecutor.runWorker(ThreadPoolExecutor.java:1144)
	at java.base/java.util.concurrent.ThreadPoolExecutor$Worker.run(ThreadPoolExecutor.java:642)
	at java.base/java.lang.Thread.run(Thread.java:1623)
Caused by: java.lang.IllegalStateException: Expected BEGIN_ARRAY but was BEGIN_OBJECT at line 1 column 2 path $
	at com.google.gson.stream.JsonReader.beginArray(JsonReader.java:350)
	at com.google.gson.internal.bind.ArrayTypeAdapter.read(ArrayTypeAdapter.java:70)
	at com.google.gson.Gson.fromJson(Gson.java:991)
	... 10 more

Oct 06, 2025 5:13:48 PM ai.glog.execute.workers.TriageAndRemediationCallableWorker call
SEVERE: null
java.lang.NullPointerException
	at java.base/java.util.Objects.requireNonNull(Objects.java:233)
	at java.base/java.util.Arrays$ArrayList.<init>(Arrays.java:4234)
	at java.base/java.util.Arrays.asList(Arrays.java:4219)
	at ai.glog.execute.workers.TriageAndRemediationCallableWorker.setGeneralRemediation(TriageAndRemediationCallableWorker.java:162)
	at ai.glog.execute.workers.TriageAndRemediationCallableWorker.call(TriageAndRemediationCallableWorker.java:73)
	at ai.glog.execute.workers.TriageAndRemediationCallableWorker.call(TriageAndRemediationCallableWorker.java:31)
	at java.base/java.util.concurrent.FutureTask.run(FutureTask.java:317)
	at java.base/java.util.concurrent.ThreadPoolExecutor.runWorker(ThreadPoolExecutor.java:1144)
	at java.base/java.util.concurrent.ThreadPoolExecutor$Worker.run(ThreadPoolExecutor.java:642)
	at java.base/java.lang.Thread.run(Thread.java:1623)

Oct 06, 2025 5:13:49 PM ai.glog.service.GlogService getFromGlog
SEVERE: java.lang.IllegalStateException: Expected BEGIN_ARRAY but was BEGIN_OBJECT at line 1 column 2 path $
{"detail":"Invalid token."}
com.google.gson.JsonSyntaxException: java.lang.IllegalStateException: Expected BEGIN_ARRAY but was BEGIN_OBJECT at line 1 column 2 path $
	at com.google.gson.Gson.fromJson(Gson.java:1003)
	at com.google.gson.Gson.fromJson(Gson.java:956)
	at com.google.gson.Gson.fromJson(Gson.java:905)
	at ai.glog.service.GlogService.getFromGlog(GlogService.java:174)
	at ai.glog.execute.workers.TriageAndRemediationCallableWorker.setGeneralRemediation(TriageAndRemediationCallableWorker.java:158)
	at ai.glog.execute.workers.TriageAndRemediationCallableWorker.call(TriageAndRemediationCallableWorker.java:73)
	at ai.glog.execute.workers.TriageAndRemediationCallableWorker.call(TriageAndRemediationCallableWorker.java:31)
	at java.base/java.util.concurrent.FutureTask.run(FutureTask.java:317)
	at java.base/java.util.concurrent.ThreadPoolExecutor.runWorker(ThreadPoolExecutor.java:1144)
	at java.base/java.util.concurrent.ThreadPoolExecutor$Worker.run(ThreadPoolExecutor.java:642)
	at java.base/java.lang.Thread.run(Thread.java:1623)
Caused by: java.lang.IllegalStateException: Expected BEGIN_ARRAY but was BEGIN_OBJECT at line 1 column 2 path $
	at com.google.gson.stream.JsonReader.beginArray(JsonReader.java:350)
	at com.google.gson.internal.bind.ArrayTypeAdapter.read(ArrayTypeAdapter.java:70)
	at com.google.gson.Gson.fromJson(Gson.java:991)
	... 10 more

Oct 06, 2025 5:13:49 PM ai.glog.execute.workers.TriageAndRemediationCallableWorker call
SEVERE: null
java.lang.NullPointerException
	at java.base/java.util.Objects.requireNonNull(Objects.java:233)
	at java.base/java.util.Arrays$ArrayList.<init>(Arrays.java:4234)
	at java.base/java.util.Arrays.asList(Arrays.java:4219)
	at ai.glog.execute.workers.TriageAndRemediationCallableWorker.setGeneralRemediation(TriageAndRemediationCallableWorker.java:162)
	at ai.glog.execute.workers.TriageAndRemediationCallableWorker.call(TriageAndRemediationCallableWorker.java:73)
	at ai.glog.execute.workers.TriageAndRemediationCallableWorker.call(TriageAndRemediationCallableWorker.java:31)
	at java.base/java.util.concurrent.FutureTask.run(FutureTask.java:317)
	at java.base/java.util.concurrent.ThreadPoolExecutor.runWorker(ThreadPoolExecutor.java:1144)
	at java.base/java.util.concurrent.ThreadPoolExecutor$Worker.run(ThreadPoolExecutor.java:642)
	at java.base/java.lang.Thread.run(Thread.java:1623)

Oct 06, 2025 5:13:50 PM ai.glog.service.GlogService getFromGlog
SEVERE: java.lang.IllegalStateException: Expected BEGIN_ARRAY but was BEGIN_OBJECT at line 1 column 2 path $
{"detail":"Invalid token."}
com.google.gson.JsonSyntaxException: java.lang.IllegalStateException: Expected BEGIN_ARRAY but was BEGIN_OBJECT at line 1 column 2 path $
	at com.google.gson.Gson.fromJson(Gson.java:1003)
	at com.google.gson.Gson.fromJson(Gson.java:956)
	at com.google.gson.Gson.fromJson(Gson.java:905)
	at ai.glog.service.GlogService.getFromGlog(GlogService.java:174)
	at ai.glog.execute.workers.TriageAndRemediationCallableWorker.setGeneralRemediation(TriageAndRemediationCallableWorker.java:158)
	at ai.glog.execute.workers.TriageAndRemediationCallableWorker.call(TriageAndRemediationCallableWorker.java:73)
	at ai.glog.execute.workers.TriageAndRemediationCallableWorker.call(TriageAndRemediationCallableWorker.java:31)
	at java.base/java.util.concurrent.FutureTask.run(FutureTask.java:317)
	at java.base/java.util.concurrent.ThreadPoolExecutor.runWorker(ThreadPoolExecutor.java:1144)
	at java.base/java.util.concurrent.ThreadPoolExecutor$Worker.run(ThreadPoolExecutor.java:642)
	at java.base/java.lang.Thread.run(Thread.java:1623)
Caused by: java.lang.IllegalStateException: Expected BEGIN_ARRAY but was BEGIN_OBJECT at line 1 column 2 path $
	at com.google.gson.stream.JsonReader.beginArray(JsonReader.java:350)
	at com.google.gson.internal.bind.ArrayTypeAdapter.read(ArrayTypeAdapter.java:70)
	at com.google.gson.Gson.fromJson(Gson.java:991)
	... 10 more

Oct 06, 2025 5:13:50 PM ai.glog.execute.workers.TriageAndRemediationCallableWorker call
SEVERE: null
java.lang.NullPointerException
	at java.base/java.util.Objects.requireNonNull(Objects.java:233)
	at java.base/java.util.Arrays$ArrayList.<init>(Arrays.java:4234)
	at java.base/java.util.Arrays.asList(Arrays.java:4219)
	at ai.glog.execute.workers.TriageAndRemediationCallableWorker.setGeneralRemediation(TriageAndRemediationCallableWorker.java:162)
	at ai.glog.execute.workers.TriageAndRemediationCallableWorker.call(TriageAndRemediationCallableWorker.java:73)
	at ai.glog.execute.workers.TriageAndRemediationCallableWorker.call(TriageAndRemediationCallableWorker.java:31)
	at java.base/java.util.concurrent.FutureTask.run(FutureTask.java:317)
	at java.base/java.util.concurrent.ThreadPoolExecutor.runWorker(ThreadPoolExecutor.java:1144)
	at java.base/java.util.concurrent.ThreadPoolExecutor$Worker.run(ThreadPoolExecutor.java:642)
	at java.base/java.lang.Thread.run(Thread.java:1623)

Oct 06, 2025 5:13:51 PM ai.glog.service.GlogService getFromGlog
SEVERE: java.lang.IllegalStateException: Expected BEGIN_ARRAY but was BEGIN_OBJECT at line 1 column 2 path $
{"detail":"Invalid token."}
com.google.gson.JsonSyntaxException: java.lang.IllegalStateException: Expected BEGIN_ARRAY but was BEGIN_OBJECT at line 1 column 2 path $
	at com.google.gson.Gson.fromJson(Gson.java:1003)
	at com.google.gson.Gson.fromJson(Gson.java:956)
	at com.google.gson.Gson.fromJson(Gson.java:905)
	at ai.glog.service.GlogService.getFromGlog(GlogService.java:174)
	at ai.glog.execute.workers.TriageAndRemediationCallableWorker.setGeneralRemediation(TriageAndRemediationCallableWorker.java:158)
	at ai.glog.execute.workers.TriageAndRemediationCallableWorker.call(TriageAndRemediationCallableWorker.java:73)
	at ai.glog.execute.workers.TriageAndRemediationCallableWorker.call(TriageAndRemediationCallableWorker.java:31)
	at java.base/java.util.concurrent.FutureTask.run(FutureTask.java:317)
	at java.base/java.util.concurrent.ThreadPoolExecutor.runWorker(ThreadPoolExecutor.java:1144)
	at java.base/java.util.concurrent.ThreadPoolExecutor$Worker.run(ThreadPoolExecutor.java:642)
	at java.base/java.lang.Thread.run(Thread.java:1623)
Caused by: java.lang.IllegalStateException: Expected BEGIN_ARRAY but was BEGIN_OBJECT at line 1 column 2 path $
	at com.google.gson.stream.JsonReader.beginArray(JsonReader.java:350)
	at com.google.gson.internal.bind.ArrayTypeAdapter.read(ArrayTypeAdapter.java:70)
	at com.google.gson.Gson.fromJson(Gson.java:991)
	... 10 more

Oct 06, 2025 5:13:51 PM ai.glog.execute.workers.TriageAndRemediationCallableWorker call
SEVERE: null
java.lang.NullPointerException
	at java.base/java.util.Objects.requireNonNull(Objects.java:233)
	at java.base/java.util.Arrays$ArrayList.<init>(Arrays.java:4234)
	at java.base/java.util.Arrays.asList(Arrays.java:4219)
	at ai.glog.execute.workers.TriageAndRemediationCallableWorker.setGeneralRemediation(TriageAndRemediationCallableWorker.java:162)
	at ai.glog.execute.workers.TriageAndRemediationCallableWorker.call(TriageAndRemediationCallableWorker.java:73)
	at ai.glog.execute.workers.TriageAndRemediationCallableWorker.call(TriageAndRemediationCallableWorker.java:31)
	at java.base/java.util.concurrent.FutureTask.run(FutureTask.java:317)
	at java.base/java.util.concurrent.ThreadPoolExecutor.runWorker(ThreadPoolExecutor.java:1144)
	at java.base/java.util.concurrent.ThreadPoolExecutor$Worker.run(ThreadPoolExecutor.java:642)
	at java.base/java.lang.Thread.run(Thread.java:1623)

Oct 06, 2025 5:13:52 PM ai.glog.service.GlogService getFromGlog
SEVERE: java.lang.IllegalStateException: Expected BEGIN_ARRAY but was BEGIN_OBJECT at line 1 column 2 path $
{"detail":"Invalid token."}
com.google.gson.JsonSyntaxException: java.lang.IllegalStateException: Expected BEGIN_ARRAY but was BEGIN_OBJECT at line 1 column 2 path $
	at com.google.gson.Gson.fromJson(Gson.java:1003)
	at com.google.gson.Gson.fromJson(Gson.java:956)
	at com.google.gson.Gson.fromJson(Gson.java:905)
	at ai.glog.service.GlogService.getFromGlog(GlogService.java:174)
	at ai.glog.execute.workers.TriageAndRemediationCallableWorker.setGeneralRemediation(TriageAndRemediationCallableWorker.java:158)
	at ai.glog.execute.workers.TriageAndRemediationCallableWorker.call(TriageAndRemediationCallableWorker.java:73)
	at ai.glog.execute.workers.TriageAndRemediationCallableWorker.call(TriageAndRemediationCallableWorker.java:31)
	at java.base/java.util.concurrent.FutureTask.run(FutureTask.java:317)
	at java.base/java.util.concurrent.ThreadPoolExecutor.runWorker(ThreadPoolExecutor.java:1144)
	at java.base/java.util.concurrent.ThreadPoolExecutor$Worker.run(ThreadPoolExecutor.java:642)
	at java.base/java.lang.Thread.run(Thread.java:1623)
Caused by: java.lang.IllegalStateException: Expected BEGIN_ARRAY but was BEGIN_OBJECT at line 1 column 2 path $
	at com.google.gson.stream.JsonReader.beginArray(JsonReader.java:350)
	at com.google.gson.internal.bind.ArrayTypeAdapter.read(ArrayTypeAdapter.java:70)
	at com.google.gson.Gson.fromJson(Gson.java:991)
	... 10 more

Oct 06, 2025 5:13:52 PM ai.glog.execute.workers.TriageAndRemediationCallableWorker call
SEVERE: null
java.lang.NullPointerException
	at java.base/java.util.Objects.requireNonNull(Objects.java:233)
	at java.base/java.util.Arrays$ArrayList.<init>(Arrays.java:4234)
	at java.base/java.util.Arrays.asList(Arrays.java:4219)
	at ai.glog.execute.workers.TriageAndRemediationCallableWorker.setGeneralRemediation(TriageAndRemediationCallableWorker.java:162)
	at ai.glog.execute.workers.TriageAndRemediationCallableWorker.call(TriageAndRemediationCallableWorker.java:73)
	at ai.glog.execute.workers.TriageAndRemediationCallableWorker.call(TriageAndRemediationCallableWorker.java:31)
	at java.base/java.util.concurrent.FutureTask.run(FutureTask.java:317)
	at java.base/java.util.concurrent.ThreadPoolExecutor.runWorker(ThreadPoolExecutor.java:1144)
	at java.base/java.util.concurrent.ThreadPoolExecutor$Worker.run(ThreadPoolExecutor.java:642)
	at java.base/java.lang.Thread.run(Thread.java:1623)

Oct 06, 2025 5:13:52 PM ai.glog.service.GlogService getFromGlog
SEVERE: java.lang.IllegalStateException: Expected BEGIN_ARRAY but was BEGIN_OBJECT at line 1 column 2 path $
{"detail":"Invalid token."}
com.google.gson.JsonSyntaxException: java.lang.IllegalStateException: Expected BEGIN_ARRAY but was BEGIN_OBJECT at line 1 column 2 path $
	at com.google.gson.Gson.fromJson(Gson.java:1003)
	at com.google.gson.Gson.fromJson(Gson.java:956)
	at com.google.gson.Gson.fromJson(Gson.java:905)
	at ai.glog.service.GlogService.getFromGlog(GlogService.java:174)
	at ai.glog.execute.workers.TriageAndRemediationCallableWorker.setGeneralRemediation(TriageAndRemediationCallableWorker.java:158)
	at ai.glog.execute.workers.TriageAndRemediationCallableWorker.call(TriageAndRemediationCallableWorker.java:73)
	at ai.glog.execute.workers.TriageAndRemediationCallableWorker.call(TriageAndRemediationCallableWorker.java:31)
	at java.base/java.util.concurrent.FutureTask.run(FutureTask.java:317)
	at java.base/java.util.concurrent.ThreadPoolExecutor.runWorker(ThreadPoolExecutor.java:1144)
	at java.base/java.util.concurrent.ThreadPoolExecutor$Worker.run(ThreadPoolExecutor.java:642)
	at java.base/java.lang.Thread.run(Thread.java:1623)
Caused by: java.lang.IllegalStateException: Expected BEGIN_ARRAY but was BEGIN_OBJECT at line 1 column 2 path $
	at com.google.gson.stream.JsonReader.beginArray(JsonReader.java:350)
	at com.google.gson.internal.bind.ArrayTypeAdapter.read(ArrayTypeAdapter.java:70)
	at com.google.gson.Gson.fromJson(Gson.java:991)
	... 10 more

Oct 06, 2025 5:13:52 PM ai.glog.execute.workers.TriageAndRemediationCallableWorker call
SEVERE: null
java.lang.NullPointerException
	at java.base/java.util.Objects.requireNonNull(Objects.java:233)
	at java.base/java.util.Arrays$ArrayList.<init>(Arrays.java:4234)
	at java.base/java.util.Arrays.asList(Arrays.java:4219)
	at ai.glog.execute.workers.TriageAndRemediationCallableWorker.setGeneralRemediation(TriageAndRemediationCallableWorker.java:162)
	at ai.glog.execute.workers.TriageAndRemediationCallableWorker.call(TriageAndRemediationCallableWorker.java:73)
	at ai.glog.execute.workers.TriageAndRemediationCallableWorker.call(TriageAndRemediationCallableWorker.java:31)
	at java.base/java.util.concurrent.FutureTask.run(FutureTask.java:317)
	at java.base/java.util.concurrent.ThreadPoolExecutor.runWorker(ThreadPoolExecutor.java:1144)
	at java.base/java.util.concurrent.ThreadPoolExecutor$Worker.run(ThreadPoolExecutor.java:642)
	at java.base/java.lang.Thread.run(Thread.java:1623)

Oct 06, 2025 5:13:54 PM ai.glog.service.GlogService getFromGlog
SEVERE: java.lang.IllegalStateException: Expected BEGIN_ARRAY but was BEGIN_OBJECT at line 1 column 2 path $
{"detail":"Invalid token."}
com.google.gson.JsonSyntaxException: java.lang.IllegalStateException: Expected BEGIN_ARRAY but was BEGIN_OBJECT at line 1 column 2 path $
	at com.google.gson.Gson.fromJson(Gson.java:1003)
	at com.google.gson.Gson.fromJson(Gson.java:956)
	at com.google.gson.Gson.fromJson(Gson.java:905)
	at ai.glog.service.GlogService.getFromGlog(GlogService.java:174)
	at ai.glog.execute.workers.TriageAndRemediationCallableWorker.setGeneralRemediation(TriageAndRemediationCallableWorker.java:158)
	at ai.glog.execute.workers.TriageAndRemediationCallableWorker.call(TriageAndRemediationCallableWorker.java:73)
	at ai.glog.execute.workers.TriageAndRemediationCallableWorker.call(TriageAndRemediationCallableWorker.java:31)
	at java.base/java.util.concurrent.FutureTask.run(FutureTask.java:317)
	at java.base/java.util.concurrent.ThreadPoolExecutor.runWorker(ThreadPoolExecutor.java:1144)
	at java.base/java.util.concurrent.ThreadPoolExecutor$Worker.run(ThreadPoolExecutor.java:642)
	at java.base/java.lang.Thread.run(Thread.java:1623)
Caused by: java.lang.IllegalStateException: Expected BEGIN_ARRAY but was BEGIN_OBJECT at line 1 column 2 path $
	at com.google.gson.stream.JsonReader.beginArray(JsonReader.java:350)
	at com.google.gson.internal.bind.ArrayTypeAdapter.read(ArrayTypeAdapter.java:70)
	at com.google.gson.Gson.fromJson(Gson.java:991)
	... 10 more

Oct 06, 2025 5:13:54 PM ai.glog.execute.workers.TriageAndRemediationCallableWorker call
SEVERE: null
java.lang.NullPointerException
	at java.base/java.util.Objects.requireNonNull(Objects.java:233)
	at java.base/java.util.Arrays$ArrayList.<init>(Arrays.java:4234)
	at java.base/java.util.Arrays.asList(Arrays.java:4219)
	at ai.glog.execute.workers.TriageAndRemediationCallableWorker.setGeneralRemediation(TriageAndRemediationCallableWorker.java:162)
	at ai.glog.execute.workers.TriageAndRemediationCallableWorker.call(TriageAndRemediationCallableWorker.java:73)
	at ai.glog.execute.workers.TriageAndRemediationCallableWorker.call(TriageAndRemediationCallableWorker.java:31)
	at java.base/java.util.concurrent.FutureTask.run(FutureTask.java:317)
	at java.base/java.util.concurrent.ThreadPoolExecutor.runWorker(ThreadPoolExecutor.java:1144)
	at java.base/java.util.concurrent.ThreadPoolExecutor$Worker.run(ThreadPoolExecutor.java:642)
	at java.base/java.lang.Thread.run(Thread.java:1623)

Oct 06, 2025 5:13:54 PM ai.glog.service.GlogService getFromGlog
SEVERE: java.lang.IllegalStateException: Expected BEGIN_ARRAY but was BEGIN_OBJECT at line 1 column 2 path $
{"detail":"Invalid token."}
com.google.gson.JsonSyntaxException: java.lang.IllegalStateException: Expected BEGIN_ARRAY but was BEGIN_OBJECT at line 1 column 2 path $
	at com.google.gson.Gson.fromJson(Gson.java:1003)
	at com.google.gson.Gson.fromJson(Gson.java:956)
	at com.google.gson.Gson.fromJson(Gson.java:905)
	at ai.glog.service.GlogService.getFromGlog(GlogService.java:174)
	at ai.glog.execute.workers.TriageAndRemediationCallableWorker.setGeneralRemediation(TriageAndRemediationCallableWorker.java:158)
	at ai.glog.execute.workers.TriageAndRemediationCallableWorker.call(TriageAndRemediationCallableWorker.java:73)
	at ai.glog.execute.workers.TriageAndRemediationCallableWorker.call(TriageAndRemediationCallableWorker.java:31)
	at java.base/java.util.concurrent.FutureTask.run(FutureTask.java:317)
	at java.base/java.util.concurrent.ThreadPoolExecutor.runWorker(ThreadPoolExecutor.java:1144)
	at java.base/java.util.concurrent.ThreadPoolExecutor$Worker.run(ThreadPoolExecutor.java:642)
	at java.base/java.lang.Thread.run(Thread.java:1623)
Caused by: java.lang.IllegalStateException: Expected BEGIN_ARRAY but was BEGIN_OBJECT at line 1 column 2 path $
	at com.google.gson.stream.JsonReader.beginArray(JsonReader.java:350)
	at com.google.gson.internal.bind.ArrayTypeAdapter.read(ArrayTypeAdapter.java:70)
	at com.google.gson.Gson.fromJson(Gson.java:991)
	... 10 more

Oct 06, 2025 5:13:54 PM ai.glog.execute.workers.TriageAndRemediationCallableWorker call
SEVERE: null
java.lang.NullPointerException
	at java.base/java.util.Objects.requireNonNull(Objects.java:233)
	at java.base/java.util.Arrays$ArrayList.<init>(Arrays.java:4234)
	at java.base/java.util.Arrays.asList(Arrays.java:4219)
	at ai.glog.execute.workers.TriageAndRemediationCallableWorker.setGeneralRemediation(TriageAndRemediationCallableWorker.java:162)
	at ai.glog.execute.workers.TriageAndRemediationCallableWorker.call(TriageAndRemediationCallableWorker.java:73)
	at ai.glog.execute.workers.TriageAndRemediationCallableWorker.call(TriageAndRemediationCallableWorker.java:31)
	at java.base/java.util.concurrent.FutureTask.run(FutureTask.java:317)
	at java.base/java.util.concurrent.ThreadPoolExecutor.runWorker(ThreadPoolExecutor.java:1144)
	at java.base/java.util.concurrent.ThreadPoolExecutor$Worker.run(ThreadPoolExecutor.java:642)
	at java.base/java.lang.Thread.run(Thread.java:1623)

Oct 06, 2025 5:14:24 PM ai.glog.service.GlogService getFromGlog
SEVERE: java.lang.IllegalStateException: Expected BEGIN_ARRAY but was BEGIN_OBJECT at line 1 column 2 path $
{"detail":"Invalid token."}
com.google.gson.JsonSyntaxException: java.lang.IllegalStateException: Expected BEGIN_ARRAY but was BEGIN_OBJECT at line 1 column 2 path $
	at com.google.gson.Gson.fromJson(Gson.java:1003)
	at com.google.gson.Gson.fromJson(Gson.java:956)
	at com.google.gson.Gson.fromJson(Gson.java:905)
	at ai.glog.service.GlogService.getFromGlog(GlogService.java:174)
	at ai.glog.execute.workers.TriageAndRemediationCallableWorker.setGeneralRemediation(TriageAndRemediationCallableWorker.java:158)
	at ai.glog.execute.workers.TriageAndRemediationCallableWorker.call(TriageAndRemediationCallableWorker.java:73)
	at ai.glog.execute.workers.TriageAndRemediationCallableWorker.call(TriageAndRemediationCallableWorker.java:31)
	at java.base/java.util.concurrent.FutureTask.run(FutureTask.java:317)
	at java.base/java.util.concurrent.ThreadPoolExecutor.runWorker(ThreadPoolExecutor.java:1144)
	at java.base/java.util.concurrent.ThreadPoolExecutor$Worker.run(ThreadPoolExecutor.java:642)
	at java.base/java.lang.Thread.run(Thread.java:1623)
Caused by: java.lang.IllegalStateException: Expected BEGIN_ARRAY but was BEGIN_OBJECT at line 1 column 2 path $
	at com.google.gson.stream.JsonReader.beginArray(JsonReader.java:350)
	at com.google.gson.internal.bind.ArrayTypeAdapter.read(ArrayTypeAdapter.java:70)
	at com.google.gson.Gson.fromJson(Gson.java:991)
	... 10 more

Oct 06, 2025 5:14:24 PM ai.glog.execute.workers.TriageAndRemediationCallableWorker call
SEVERE: null
java.lang.NullPointerException
	at java.base/java.util.Objects.requireNonNull(Objects.java:233)
	at java.base/java.util.Arrays$ArrayList.<init>(Arrays.java:4234)
	at java.base/java.util.Arrays.asList(Arrays.java:4219)
	at ai.glog.execute.workers.TriageAndRemediationCallableWorker.setGeneralRemediation(TriageAndRemediationCallableWorker.java:162)
	at ai.glog.execute.workers.TriageAndRemediationCallableWorker.call(TriageAndRemediationCallableWorker.java:73)
	at ai.glog.execute.workers.TriageAndRemediationCallableWorker.call(TriageAndRemediationCallableWorker.java:31)
	at java.base/java.util.concurrent.FutureTask.run(FutureTask.java:317)
	at java.base/java.util.concurrent.ThreadPoolExecutor.runWorker(ThreadPoolExecutor.java:1144)
	at java.base/java.util.concurrent.ThreadPoolExecutor$Worker.run(ThreadPoolExecutor.java:642)
	at java.base/java.lang.Thread.run(Thread.java:1623)

Oct 06, 2025 5:14:25 PM ai.glog.service.GlogService getFromGlog
SEVERE: java.lang.IllegalStateException: Expected BEGIN_ARRAY but was BEGIN_OBJECT at line 1 column 2 path $
{"detail":"Invalid token."}
com.google.gson.JsonSyntaxException: java.lang.IllegalStateException: Expected BEGIN_ARRAY but was BEGIN_OBJECT at line 1 column 2 path $
	at com.google.gson.Gson.fromJson(Gson.java:1003)
	at com.google.gson.Gson.fromJson(Gson.java:956)
	at com.google.gson.Gson.fromJson(Gson.java:905)
	at ai.glog.service.GlogService.getFromGlog(GlogService.java:174)
	at ai.glog.execute.workers.TriageAndRemediationCallableWorker.setGeneralRemediation(TriageAndRemediationCallableWorker.java:158)
	at ai.glog.execute.workers.TriageAndRemediationCallableWorker.call(TriageAndRemediationCallableWorker.java:73)
	at ai.glog.execute.workers.TriageAndRemediationCallableWorker.call(TriageAndRemediationCallableWorker.java:31)
	at java.base/java.util.concurrent.FutureTask.run(FutureTask.java:317)
	at java.base/java.util.concurrent.ThreadPoolExecutor.runWorker(ThreadPoolExecutor.java:1144)
	at java.base/java.util.concurrent.ThreadPoolExecutor$Worker.run(ThreadPoolExecutor.java:642)
	at java.base/java.lang.Thread.run(Thread.java:1623)
Caused by: java.lang.IllegalStateException: Expected BEGIN_ARRAY but was BEGIN_OBJECT at line 1 column 2 path $
	at com.google.gson.stream.JsonReader.beginArray(JsonReader.java:350)
	at com.google.gson.internal.bind.ArrayTypeAdapter.read(ArrayTypeAdapter.java:70)
	at com.google.gson.Gson.fromJson(Gson.java:991)
	... 10 more

Oct 06, 2025 5:14:25 PM ai.glog.execute.workers.TriageAndRemediationCallableWorker call
SEVERE: null
java.lang.NullPointerException
	at java.base/java.util.Objects.requireNonNull(Objects.java:233)
	at java.base/java.util.Arrays$ArrayList.<init>(Arrays.java:4234)
	at java.base/java.util.Arrays.asList(Arrays.java:4219)
	at ai.glog.execute.workers.TriageAndRemediationCallableWorker.setGeneralRemediation(TriageAndRemediationCallableWorker.java:162)
	at ai.glog.execute.workers.TriageAndRemediationCallableWorker.call(TriageAndRemediationCallableWorker.java:73)
	at ai.glog.execute.workers.TriageAndRemediationCallableWorker.call(TriageAndRemediationCallableWorker.java:31)
	at java.base/java.util.concurrent.FutureTask.run(FutureTask.java:317)
	at java.base/java.util.concurrent.ThreadPoolExecutor.runWorker(ThreadPoolExecutor.java:1144)
	at java.base/java.util.concurrent.ThreadPoolExecutor$Worker.run(ThreadPoolExecutor.java:642)
	at java.base/java.lang.Thread.run(Thread.java:1623)

Oct 06, 2025 5:14:26 PM ai.glog.service.GlogService getFromGlog
SEVERE: java.lang.IllegalStateException: Expected BEGIN_ARRAY but was BEGIN_OBJECT at line 1 column 2 path $
{"detail":"Invalid token."}
com.google.gson.JsonSyntaxException: java.lang.IllegalStateException: Expected BEGIN_ARRAY but was BEGIN_OBJECT at line 1 column 2 path $
	at com.google.gson.Gson.fromJson(Gson.java:1003)
	at com.google.gson.Gson.fromJson(Gson.java:956)
	at com.google.gson.Gson.fromJson(Gson.java:905)
	at ai.glog.service.GlogService.getFromGlog(GlogService.java:174)
	at ai.glog.execute.workers.TriageAndRemediationCallableWorker.setGeneralRemediation(TriageAndRemediationCallableWorker.java:158)
	at ai.glog.execute.workers.TriageAndRemediationCallableWorker.call(TriageAndRemediationCallableWorker.java:73)
	at ai.glog.execute.workers.TriageAndRemediationCallableWorker.call(TriageAndRemediationCallableWorker.java:31)
	at java.base/java.util.concurrent.FutureTask.run(FutureTask.java:317)
	at java.base/java.util.concurrent.ThreadPoolExecutor.runWorker(ThreadPoolExecutor.java:1144)
	at java.base/java.util.concurrent.ThreadPoolExecutor$Worker.run(ThreadPoolExecutor.java:642)
	at java.base/java.lang.Thread.run(Thread.java:1623)
Caused by: java.lang.IllegalStateException: Expected BEGIN_ARRAY but was BEGIN_OBJECT at line 1 column 2 path $
	at com.google.gson.stream.JsonReader.beginArray(JsonReader.java:350)
	at com.google.gson.internal.bind.ArrayTypeAdapter.read(ArrayTypeAdapter.java:70)
	at com.google.gson.Gson.fromJson(Gson.java:991)
	... 10 more

Oct 06, 2025 5:14:26 PM ai.glog.execute.workers.TriageAndRemediationCallableWorker call
SEVERE: null
java.lang.NullPointerException
	at java.base/java.util.Objects.requireNonNull(Objects.java:233)
	at java.base/java.util.Arrays$ArrayList.<init>(Arrays.java:4234)
	at java.base/java.util.Arrays.asList(Arrays.java:4219)
	at ai.glog.execute.workers.TriageAndRemediationCallableWorker.setGeneralRemediation(TriageAndRemediationCallableWorker.java:162)
	at ai.glog.execute.workers.TriageAndRemediationCallableWorker.call(TriageAndRemediationCallableWorker.java:73)
	at ai.glog.execute.workers.TriageAndRemediationCallableWorker.call(TriageAndRemediationCallableWorker.java:31)
	at java.base/java.util.concurrent.FutureTask.run(FutureTask.java:317)
	at java.base/java.util.concurrent.ThreadPoolExecutor.runWorker(ThreadPoolExecutor.java:1144)
	at java.base/java.util.concurrent.ThreadPoolExecutor$Worker.run(ThreadPoolExecutor.java:642)
	at java.base/java.lang.Thread.run(Thread.java:1623)

Oct 06, 2025 5:14:27 PM ai.glog.service.GlogService getFromGlog
SEVERE: java.lang.IllegalStateException: Expected BEGIN_ARRAY but was BEGIN_OBJECT at line 1 column 2 path $
{"detail":"Invalid token."}
com.google.gson.JsonSyntaxException: java.lang.IllegalStateException: Expected BEGIN_ARRAY but was BEGIN_OBJECT at line 1 column 2 path $
	at com.google.gson.Gson.fromJson(Gson.java:1003)
	at com.google.gson.Gson.fromJson(Gson.java:956)
	at com.google.gson.Gson.fromJson(Gson.java:905)
	at ai.glog.service.GlogService.getFromGlog(GlogService.java:174)
	at ai.glog.execute.workers.TriageAndRemediationCallableWorker.setGeneralRemediation(TriageAndRemediationCallableWorker.java:158)
	at ai.glog.execute.workers.TriageAndRemediationCallableWorker.call(TriageAndRemediationCallableWorker.java:73)
	at ai.glog.execute.workers.TriageAndRemediationCallableWorker.call(TriageAndRemediationCallableWorker.java:31)
	at java.base/java.util.concurrent.FutureTask.run(FutureTask.java:317)
	at java.base/java.util.concurrent.ThreadPoolExecutor.runWorker(ThreadPoolExecutor.java:1144)
	at java.base/java.util.concurrent.ThreadPoolExecutor$Worker.run(ThreadPoolExecutor.java:642)
	at java.base/java.lang.Thread.run(Thread.java:1623)
Caused by: java.lang.IllegalStateException: Expected BEGIN_ARRAY but was BEGIN_OBJECT at line 1 column 2 path $
	at com.google.gson.stream.JsonReader.beginArray(JsonReader.java:350)
	at com.google.gson.internal.bind.ArrayTypeAdapter.read(ArrayTypeAdapter.java:70)
	at com.google.gson.Gson.fromJson(Gson.java:991)
	... 10 more

Oct 06, 2025 5:14:27 PM ai.glog.execute.workers.TriageAndRemediationCallableWorker call
SEVERE: null
java.lang.NullPointerException
	at java.base/java.util.Objects.requireNonNull(Objects.java:233)
	at java.base/java.util.Arrays$ArrayList.<init>(Arrays.java:4234)
	at java.base/java.util.Arrays.asList(Arrays.java:4219)
	at ai.glog.execute.workers.TriageAndRemediationCallableWorker.setGeneralRemediation(TriageAndRemediationCallableWorker.java:162)
	at ai.glog.execute.workers.TriageAndRemediationCallableWorker.call(TriageAndRemediationCallableWorker.java:73)
	at ai.glog.execute.workers.TriageAndRemediationCallableWorker.call(TriageAndRemediationCallableWorker.java:31)
	at java.base/java.util.concurrent.FutureTask.run(FutureTask.java:317)
	at java.base/java.util.concurrent.ThreadPoolExecutor.runWorker(ThreadPoolExecutor.java:1144)
	at java.base/java.util.concurrent.ThreadPoolExecutor$Worker.run(ThreadPoolExecutor.java:642)
	at java.base/java.lang.Thread.run(Thread.java:1623)

Oct 06, 2025 5:14:27 PM ai.glog.service.GlogService getFromGlog
SEVERE: java.lang.IllegalStateException: Expected BEGIN_ARRAY but was BEGIN_OBJECT at line 1 column 2 path $
{"detail":"Invalid token."}
com.google.gson.JsonSyntaxException: java.lang.IllegalStateException: Expected BEGIN_ARRAY but was BEGIN_OBJECT at line 1 column 2 path $
	at com.google.gson.Gson.fromJson(Gson.java:1003)
	at com.google.gson.Gson.fromJson(Gson.java:956)
	at com.google.gson.Gson.fromJson(Gson.java:905)
	at ai.glog.service.GlogService.getFromGlog(GlogService.java:174)
	at ai.glog.execute.workers.TriageAndRemediationCallableWorker.setGeneralRemediation(TriageAndRemediationCallableWorker.java:158)
	at ai.glog.execute.workers.TriageAndRemediationCallableWorker.call(TriageAndRemediationCallableWorker.java:73)
	at ai.glog.execute.workers.TriageAndRemediationCallableWorker.call(TriageAndRemediationCallableWorker.java:31)
	at java.base/java.util.concurrent.FutureTask.run(FutureTask.java:317)
	at java.base/java.util.concurrent.ThreadPoolExecutor.runWorker(ThreadPoolExecutor.java:1144)
	at java.base/java.util.concurrent.ThreadPoolExecutor$Worker.run(ThreadPoolExecutor.java:642)
	at java.base/java.lang.Thread.run(Thread.java:1623)
Caused by: java.lang.IllegalStateException: Expected BEGIN_ARRAY but was BEGIN_OBJECT at line 1 column 2 path $
	at com.google.gson.stream.JsonReader.beginArray(JsonReader.java:350)
	at com.google.gson.internal.bind.ArrayTypeAdapter.read(ArrayTypeAdapter.java:70)
	at com.google.gson.Gson.fromJson(Gson.java:991)
	... 10 more

Oct 06, 2025 5:14:27 PM ai.glog.execute.workers.TriageAndRemediationCallableWorker call
SEVERE: null
java.lang.NullPointerException
	at java.base/java.util.Objects.requireNonNull(Objects.java:233)
	at java.base/java.util.Arrays$ArrayList.<init>(Arrays.java:4234)
	at java.base/java.util.Arrays.asList(Arrays.java:4219)
	at ai.glog.execute.workers.TriageAndRemediationCallableWorker.setGeneralRemediation(TriageAndRemediationCallableWorker.java:162)
	at ai.glog.execute.workers.TriageAndRemediationCallableWorker.call(TriageAndRemediationCallableWorker.java:73)
	at ai.glog.execute.workers.TriageAndRemediationCallableWorker.call(TriageAndRemediationCallableWorker.java:31)
	at java.base/java.util.concurrent.FutureTask.run(FutureTask.java:317)
	at java.base/java.util.concurrent.ThreadPoolExecutor.runWorker(ThreadPoolExecutor.java:1144)
	at java.base/java.util.concurrent.ThreadPoolExecutor$Worker.run(ThreadPoolExecutor.java:642)
	at java.base/java.lang.Thread.run(Thread.java:1623)

Oct 06, 2025 5:14:28 PM ai.glog.service.GlogService getFromGlog
SEVERE: java.lang.IllegalStateException: Expected BEGIN_ARRAY but was BEGIN_OBJECT at line 1 column 2 path $
{"detail":"Invalid token."}
com.google.gson.JsonSyntaxException: java.lang.IllegalStateException: Expected BEGIN_ARRAY but was BEGIN_OBJECT at line 1 column 2 path $
	at com.google.gson.Gson.fromJson(Gson.java:1003)
	at com.google.gson.Gson.fromJson(Gson.java:956)
	at com.google.gson.Gson.fromJson(Gson.java:905)
	at ai.glog.service.GlogService.getFromGlog(GlogService.java:174)
	at ai.glog.execute.workers.TriageAndRemediationCallableWorker.setGeneralRemediation(TriageAndRemediationCallableWorker.java:158)
	at ai.glog.execute.workers.TriageAndRemediationCallableWorker.call(TriageAndRemediationCallableWorker.java:73)
	at ai.glog.execute.workers.TriageAndRemediationCallableWorker.call(TriageAndRemediationCallableWorker.java:31)
	at java.base/java.util.concurrent.FutureTask.run(FutureTask.java:317)
	at java.base/java.util.concurrent.ThreadPoolExecutor.runWorker(ThreadPoolExecutor.java:1144)
	at java.base/java.util.concurrent.ThreadPoolExecutor$Worker.run(ThreadPoolExecutor.java:642)
	at java.base/java.lang.Thread.run(Thread.java:1623)
Caused by: java.lang.IllegalStateException: Expected BEGIN_ARRAY but was BEGIN_OBJECT at line 1 column 2 path $
	at com.google.gson.stream.JsonReader.beginArray(JsonReader.java:350)
	at com.google.gson.internal.bind.ArrayTypeAdapter.read(ArrayTypeAdapter.java:70)
	at com.google.gson.Gson.fromJson(Gson.java:991)
	... 10 more

Oct 06, 2025 5:14:28 PM ai.glog.execute.workers.TriageAndRemediationCallableWorker call
SEVERE: null
java.lang.NullPointerException
	at java.base/java.util.Objects.requireNonNull(Objects.java:233)
	at java.base/java.util.Arrays$ArrayList.<init>(Arrays.java:4234)
	at java.base/java.util.Arrays.asList(Arrays.java:4219)
	at ai.glog.execute.workers.TriageAndRemediationCallableWorker.setGeneralRemediation(TriageAndRemediationCallableWorker.java:162)
	at ai.glog.execute.workers.TriageAndRemediationCallableWorker.call(TriageAndRemediationCallableWorker.java:73)
	at ai.glog.execute.workers.TriageAndRemediationCallableWorker.call(TriageAndRemediationCallableWorker.java:31)
	at java.base/java.util.concurrent.FutureTask.run(FutureTask.java:317)
	at java.base/java.util.concurrent.ThreadPoolExecutor.runWorker(ThreadPoolExecutor.java:1144)
	at java.base/java.util.concurrent.ThreadPoolExecutor$Worker.run(ThreadPoolExecutor.java:642)
	at java.base/java.lang.Thread.run(Thread.java:1623)

Oct 06, 2025 5:14:29 PM ai.glog.service.GlogService getFromGlog
SEVERE: java.lang.IllegalStateException: Expected BEGIN_ARRAY but was BEGIN_OBJECT at line 1 column 2 path $
{"detail":"Invalid token."}
com.google.gson.JsonSyntaxException: java.lang.IllegalStateException: Expected BEGIN_ARRAY but was BEGIN_OBJECT at line 1 column 2 path $
	at com.google.gson.Gson.fromJson(Gson.java:1003)
	at com.google.gson.Gson.fromJson(Gson.java:956)
	at com.google.gson.Gson.fromJson(Gson.java:905)
	at ai.glog.service.GlogService.getFromGlog(GlogService.java:174)
	at ai.glog.execute.workers.TriageAndRemediationCallableWorker.setGeneralRemediation(TriageAndRemediationCallableWorker.java:158)
	at ai.glog.execute.workers.TriageAndRemediationCallableWorker.call(TriageAndRemediationCallableWorker.java:73)
	at ai.glog.execute.workers.TriageAndRemediationCallableWorker.call(TriageAndRemediationCallableWorker.java:31)
	at java.base/java.util.concurrent.FutureTask.run(FutureTask.java:317)
	at java.base/java.util.concurrent.ThreadPoolExecutor.runWorker(ThreadPoolExecutor.java:1144)
	at java.base/java.util.concurrent.ThreadPoolExecutor$Worker.run(ThreadPoolExecutor.java:642)
	at java.base/java.lang.Thread.run(Thread.java:1623)
Caused by: java.lang.IllegalStateException: Expected BEGIN_ARRAY but was BEGIN_OBJECT at line 1 column 2 path $
	at com.google.gson.stream.JsonReader.beginArray(JsonReader.java:350)
	at com.google.gson.internal.bind.ArrayTypeAdapter.read(ArrayTypeAdapter.java:70)
	at com.google.gson.Gson.fromJson(Gson.java:991)
	... 10 more

Oct 06, 2025 5:14:29 PM ai.glog.execute.workers.TriageAndRemediationCallableWorker call
SEVERE: null
java.lang.NullPointerException
	at java.base/java.util.Objects.requireNonNull(Objects.java:233)
	at java.base/java.util.Arrays$ArrayList.<init>(Arrays.java:4234)
	at java.base/java.util.Arrays.asList(Arrays.java:4219)
	at ai.glog.execute.workers.TriageAndRemediationCallableWorker.setGeneralRemediation(TriageAndRemediationCallableWorker.java:162)
	at ai.glog.execute.workers.TriageAndRemediationCallableWorker.call(TriageAndRemediationCallableWorker.java:73)
	at ai.glog.execute.workers.TriageAndRemediationCallableWorker.call(TriageAndRemediationCallableWorker.java:31)
	at java.base/java.util.concurrent.FutureTask.run(FutureTask.java:317)
	at java.base/java.util.concurrent.ThreadPoolExecutor.runWorker(ThreadPoolExecutor.java:1144)
	at java.base/java.util.concurrent.ThreadPoolExecutor$Worker.run(ThreadPoolExecutor.java:642)
	at java.base/java.lang.Thread.run(Thread.java:1623)

Oct 06, 2025 5:14:30 PM ai.glog.service.GlogService getFromGlog
SEVERE: java.lang.IllegalStateException: Expected BEGIN_ARRAY but was BEGIN_OBJECT at line 1 column 2 path $
{"detail":"Invalid token."}
com.google.gson.JsonSyntaxException: java.lang.IllegalStateException: Expected BEGIN_ARRAY but was BEGIN_OBJECT at line 1 column 2 path $
	at com.google.gson.Gson.fromJson(Gson.java:1003)
	at com.google.gson.Gson.fromJson(Gson.java:956)
	at com.google.gson.Gson.fromJson(Gson.java:905)
	at ai.glog.service.GlogService.getFromGlog(GlogService.java:174)
	at ai.glog.execute.workers.TriageAndRemediationCallableWorker.setGeneralRemediation(TriageAndRemediationCallableWorker.java:158)
	at ai.glog.execute.workers.TriageAndRemediationCallableWorker.call(TriageAndRemediationCallableWorker.java:73)
	at ai.glog.execute.workers.TriageAndRemediationCallableWorker.call(TriageAndRemediationCallableWorker.java:31)
	at java.base/java.util.concurrent.FutureTask.run(FutureTask.java:317)
	at java.base/java.util.concurrent.ThreadPoolExecutor.runWorker(ThreadPoolExecutor.java:1144)
	at java.base/java.util.concurrent.ThreadPoolExecutor$Worker.run(ThreadPoolExecutor.java:642)
	at java.base/java.lang.Thread.run(Thread.java:1623)
Caused by: java.lang.IllegalStateException: Expected BEGIN_ARRAY but was BEGIN_OBJECT at line 1 column 2 path $
	at com.google.gson.stream.JsonReader.beginArray(JsonReader.java:350)
	at com.google.gson.internal.bind.ArrayTypeAdapter.read(ArrayTypeAdapter.java:70)
	at com.google.gson.Gson.fromJson(Gson.java:991)
	... 10 more

Oct 06, 2025 5:14:30 PM ai.glog.execute.workers.TriageAndRemediationCallableWorker call
SEVERE: null
java.lang.NullPointerException
	at java.base/java.util.Objects.requireNonNull(Objects.java:233)
	at java.base/java.util.Arrays$ArrayList.<init>(Arrays.java:4234)
	at java.base/java.util.Arrays.asList(Arrays.java:4219)
	at ai.glog.execute.workers.TriageAndRemediationCallableWorker.setGeneralRemediation(TriageAndRemediationCallableWorker.java:162)
	at ai.glog.execute.workers.TriageAndRemediationCallableWorker.call(TriageAndRemediationCallableWorker.java:73)
	at ai.glog.execute.workers.TriageAndRemediationCallableWorker.call(TriageAndRemediationCallableWorker.java:31)
	at java.base/java.util.concurrent.FutureTask.run(FutureTask.java:317)
	at java.base/java.util.concurrent.ThreadPoolExecutor.runWorker(ThreadPoolExecutor.java:1144)
	at java.base/java.util.concurrent.ThreadPoolExecutor$Worker.run(ThreadPoolExecutor.java:642)
	at java.base/java.lang.Thread.run(Thread.java:1623)

Oct 06, 2025 5:14:31 PM ai.glog.service.GlogService getFromGlog
SEVERE: java.lang.IllegalStateException: Expected BEGIN_ARRAY but was BEGIN_OBJECT at line 1 column 2 path $
{"detail":"Invalid token."}
com.google.gson.JsonSyntaxException: java.lang.IllegalStateException: Expected BEGIN_ARRAY but was BEGIN_OBJECT at line 1 column 2 path $
	at com.google.gson.Gson.fromJson(Gson.java:1003)
	at com.google.gson.Gson.fromJson(Gson.java:956)
	at com.google.gson.Gson.fromJson(Gson.java:905)
	at ai.glog.service.GlogService.getFromGlog(GlogService.java:174)
	at ai.glog.execute.workers.TriageAndRemediationCallableWorker.setGeneralRemediation(TriageAndRemediationCallableWorker.java:158)
	at ai.glog.execute.workers.TriageAndRemediationCallableWorker.call(TriageAndRemediationCallableWorker.java:73)
	at ai.glog.execute.workers.TriageAndRemediationCallableWorker.call(TriageAndRemediationCallableWorker.java:31)
	at java.base/java.util.concurrent.FutureTask.run(FutureTask.java:317)
	at java.base/java.util.concurrent.ThreadPoolExecutor.runWorker(ThreadPoolExecutor.java:1144)
	at java.base/java.util.concurrent.ThreadPoolExecutor$Worker.run(ThreadPoolExecutor.java:642)
	at java.base/java.lang.Thread.run(Thread.java:1623)
Caused by: java.lang.IllegalStateException: Expected BEGIN_ARRAY but was BEGIN_OBJECT at line 1 column 2 path $
	at com.google.gson.stream.JsonReader.beginArray(JsonReader.java:350)
	at com.google.gson.internal.bind.ArrayTypeAdapter.read(ArrayTypeAdapter.java:70)
	at com.google.gson.Gson.fromJson(Gson.java:991)
	... 10 more

Oct 06, 2025 5:14:31 PM ai.glog.execute.workers.TriageAndRemediationCallableWorker call
SEVERE: null
java.lang.NullPointerException
	at java.base/java.util.Objects.requireNonNull(Objects.java:233)
	at java.base/java.util.Arrays$ArrayList.<init>(Arrays.java:4234)
	at java.base/java.util.Arrays.asList(Arrays.java:4219)
	at ai.glog.execute.workers.TriageAndRemediationCallableWorker.setGeneralRemediation(TriageAndRemediationCallableWorker.java:162)
	at ai.glog.execute.workers.TriageAndRemediationCallableWorker.call(TriageAndRemediationCallableWorker.java:73)
	at ai.glog.execute.workers.TriageAndRemediationCallableWorker.call(TriageAndRemediationCallableWorker.java:31)
	at java.base/java.util.concurrent.FutureTask.run(FutureTask.java:317)
	at java.base/java.util.concurrent.ThreadPoolExecutor.runWorker(ThreadPoolExecutor.java:1144)
	at java.base/java.util.concurrent.ThreadPoolExecutor$Worker.run(ThreadPoolExecutor.java:642)
	at java.base/java.lang.Thread.run(Thread.java:1623)

Oct 06, 2025 5:14:33 PM ai.glog.service.GlogService getFromGlog
SEVERE: java.lang.IllegalStateException: Expected BEGIN_ARRAY but was BEGIN_OBJECT at line 1 column 2 path $
{"detail":"Invalid token."}
com.google.gson.JsonSyntaxException: java.lang.IllegalStateException: Expected BEGIN_ARRAY but was BEGIN_OBJECT at line 1 column 2 path $
	at com.google.gson.Gson.fromJson(Gson.java:1003)
	at com.google.gson.Gson.fromJson(Gson.java:956)
	at com.google.gson.Gson.fromJson(Gson.java:905)
	at ai.glog.service.GlogService.getFromGlog(GlogService.java:174)
	at ai.glog.execute.workers.TriageAndRemediationCallableWorker.setGeneralRemediation(TriageAndRemediationCallableWorker.java:158)
	at ai.glog.execute.workers.TriageAndRemediationCallableWorker.call(TriageAndRemediationCallableWorker.java:73)
	at ai.glog.execute.workers.TriageAndRemediationCallableWorker.call(TriageAndRemediationCallableWorker.java:31)
	at java.base/java.util.concurrent.FutureTask.run(FutureTask.java:317)
	at java.base/java.util.concurrent.ThreadPoolExecutor.runWorker(ThreadPoolExecutor.java:1144)
	at java.base/java.util.concurrent.ThreadPoolExecutor$Worker.run(ThreadPoolExecutor.java:642)
	at java.base/java.lang.Thread.run(Thread.java:1623)
Caused by: java.lang.IllegalStateException: Expected BEGIN_ARRAY but was BEGIN_OBJECT at line 1 column 2 path $
	at com.google.gson.stream.JsonReader.beginArray(JsonReader.java:350)
	at com.google.gson.internal.bind.ArrayTypeAdapter.read(ArrayTypeAdapter.java:70)
	at com.google.gson.Gson.fromJson(Gson.java:991)
	... 10 more

Oct 06, 2025 5:14:33 PM ai.glog.execute.workers.TriageAndRemediationCallableWorker call
SEVERE: null
java.lang.NullPointerException
	at java.base/java.util.Objects.requireNonNull(Objects.java:233)
	at java.base/java.util.Arrays$ArrayList.<init>(Arrays.java:4234)
	at java.base/java.util.Arrays.asList(Arrays.java:4219)
	at ai.glog.execute.workers.TriageAndRemediationCallableWorker.setGeneralRemediation(TriageAndRemediationCallableWorker.java:162)
	at ai.glog.execute.workers.TriageAndRemediationCallableWorker.call(TriageAndRemediationCallableWorker.java:73)
	at ai.glog.execute.workers.TriageAndRemediationCallableWorker.call(TriageAndRemediationCallableWorker.java:31)
	at java.base/java.util.concurrent.FutureTask.run(FutureTask.java:317)
	at java.base/java.util.concurrent.ThreadPoolExecutor.runWorker(ThreadPoolExecutor.java:1144)
	at java.base/java.util.concurrent.ThreadPoolExecutor$Worker.run(ThreadPoolExecutor.java:642)
	at java.base/java.lang.Thread.run(Thread.java:1623)

Oct 06, 2025 5:14:35 PM ai.glog.service.GlogService getFromGlog
SEVERE: java.lang.IllegalStateException: Expected BEGIN_ARRAY but was BEGIN_OBJECT at line 1 column 2 path $
{"detail":"Invalid token."}
com.google.gson.JsonSyntaxException: java.lang.IllegalStateException: Expected BEGIN_ARRAY but was BEGIN_OBJECT at line 1 column 2 path $
	at com.google.gson.Gson.fromJson(Gson.java:1003)
	at com.google.gson.Gson.fromJson(Gson.java:956)
	at com.google.gson.Gson.fromJson(Gson.java:905)
	at ai.glog.service.GlogService.getFromGlog(GlogService.java:174)
	at ai.glog.execute.workers.TriageAndRemediationCallableWorker.setGeneralRemediation(TriageAndRemediationCallableWorker.java:158)
	at ai.glog.execute.workers.TriageAndRemediationCallableWorker.call(TriageAndRemediationCallableWorker.java:73)
	at ai.glog.execute.workers.TriageAndRemediationCallableWorker.call(TriageAndRemediationCallableWorker.java:31)
	at java.base/java.util.concurrent.FutureTask.run(FutureTask.java:317)
	at java.base/java.util.concurrent.ThreadPoolExecutor.runWorker(ThreadPoolExecutor.java:1144)
	at java.base/java.util.concurrent.ThreadPoolExecutor$Worker.run(ThreadPoolExecutor.java:642)
	at java.base/java.lang.Thread.run(Thread.java:1623)
Caused by: java.lang.IllegalStateException: Expected BEGIN_ARRAY but was BEGIN_OBJECT at line 1 column 2 path $
	at com.google.gson.stream.JsonReader.beginArray(JsonReader.java:350)
	at com.google.gson.internal.bind.ArrayTypeAdapter.read(ArrayTypeAdapter.java:70)
	at com.google.gson.Gson.fromJson(Gson.java:991)
	... 10 more

Oct 06, 2025 5:14:35 PM ai.glog.execute.workers.TriageAndRemediationCallableWorker call
SEVERE: null
java.lang.NullPointerException
	at java.base/java.util.Objects.requireNonNull(Objects.java:233)
	at java.base/java.util.Arrays$ArrayList.<init>(Arrays.java:4234)
	at java.base/java.util.Arrays.asList(Arrays.java:4219)
	at ai.glog.execute.workers.TriageAndRemediationCallableWorker.setGeneralRemediation(TriageAndRemediationCallableWorker.java:162)
	at ai.glog.execute.workers.TriageAndRemediationCallableWorker.call(TriageAndRemediationCallableWorker.java:73)
	at ai.glog.execute.workers.TriageAndRemediationCallableWorker.call(TriageAndRemediationCallableWorker.java:31)
	at java.base/java.util.concurrent.FutureTask.run(FutureTask.java:317)
	at java.base/java.util.concurrent.ThreadPoolExecutor.runWorker(ThreadPoolExecutor.java:1144)
	at java.base/java.util.concurrent.ThreadPoolExecutor$Worker.run(ThreadPoolExecutor.java:642)
	at java.base/java.lang.Thread.run(Thread.java:1623)

Oct 06, 2025 5:14:36 PM ai.glog.service.GlogService getFromGlog
SEVERE: java.lang.IllegalStateException: Expected BEGIN_ARRAY but was BEGIN_OBJECT at line 1 column 2 path $
{"detail":"Invalid token."}
com.google.gson.JsonSyntaxException: java.lang.IllegalStateException: Expected BEGIN_ARRAY but was BEGIN_OBJECT at line 1 column 2 path $
	at com.google.gson.Gson.fromJson(Gson.java:1003)
	at com.google.gson.Gson.fromJson(Gson.java:956)
	at com.google.gson.Gson.fromJson(Gson.java:905)
	at ai.glog.service.GlogService.getFromGlog(GlogService.java:174)
	at ai.glog.execute.workers.TriageAndRemediationCallableWorker.setGeneralRemediation(TriageAndRemediationCallableWorker.java:158)
	at ai.glog.execute.workers.TriageAndRemediationCallableWorker.call(TriageAndRemediationCallableWorker.java:73)
	at ai.glog.execute.workers.TriageAndRemediationCallableWorker.call(TriageAndRemediationCallableWorker.java:31)
	at java.base/java.util.concurrent.FutureTask.run(FutureTask.java:317)
	at java.base/java.util.concurrent.ThreadPoolExecutor.runWorker(ThreadPoolExecutor.java:1144)
	at java.base/java.util.concurrent.ThreadPoolExecutor$Worker.run(ThreadPoolExecutor.java:642)
	at java.base/java.lang.Thread.run(Thread.java:1623)
Caused by: java.lang.IllegalStateException: Expected BEGIN_ARRAY but was BEGIN_OBJECT at line 1 column 2 path $
	at com.google.gson.stream.JsonReader.beginArray(JsonReader.java:350)
	at com.google.gson.internal.bind.ArrayTypeAdapter.read(ArrayTypeAdapter.java:70)
	at com.google.gson.Gson.fromJson(Gson.java:991)
	... 10 more

Oct 06, 2025 5:14:36 PM ai.glog.execute.workers.TriageAndRemediationCallableWorker call
SEVERE: null
java.lang.NullPointerException
	at java.base/java.util.Objects.requireNonNull(Objects.java:233)
	at java.base/java.util.Arrays$ArrayList.<init>(Arrays.java:4234)
	at java.base/java.util.Arrays.asList(Arrays.java:4219)
	at ai.glog.execute.workers.TriageAndRemediationCallableWorker.setGeneralRemediation(TriageAndRemediationCallableWorker.java:162)
	at ai.glog.execute.workers.TriageAndRemediationCallableWorker.call(TriageAndRemediationCallableWorker.java:73)
	at ai.glog.execute.workers.TriageAndRemediationCallableWorker.call(TriageAndRemediationCallableWorker.java:31)
	at java.base/java.util.concurrent.FutureTask.run(FutureTask.java:317)
	at java.base/java.util.concurrent.ThreadPoolExecutor.runWorker(ThreadPoolExecutor.java:1144)
	at java.base/java.util.concurrent.ThreadPoolExecutor$Worker.run(ThreadPoolExecutor.java:642)
	at java.base/java.lang.Thread.run(Thread.java:1623)

Oct 06, 2025 5:14:36 PM ai.glog.service.GlogService getFromGlog
SEVERE: java.lang.IllegalStateException: Expected BEGIN_ARRAY but was BEGIN_OBJECT at line 1 column 2 path $
{"detail":"Invalid token."}
com.google.gson.JsonSyntaxException: java.lang.IllegalStateException: Expected BEGIN_ARRAY but was BEGIN_OBJECT at line 1 column 2 path $
	at com.google.gson.Gson.fromJson(Gson.java:1003)
	at com.google.gson.Gson.fromJson(Gson.java:956)
	at com.google.gson.Gson.fromJson(Gson.java:905)
	at ai.glog.service.GlogService.getFromGlog(GlogService.java:174)
	at ai.glog.execute.workers.TriageAndRemediationCallableWorker.setGeneralRemediation(TriageAndRemediationCallableWorker.java:158)
	at ai.glog.execute.workers.TriageAndRemediationCallableWorker.call(TriageAndRemediationCallableWorker.java:73)
	at ai.glog.execute.workers.TriageAndRemediationCallableWorker.call(TriageAndRemediationCallableWorker.java:31)
	at java.base/java.util.concurrent.FutureTask.run(FutureTask.java:317)
	at java.base/java.util.concurrent.ThreadPoolExecutor.runWorker(ThreadPoolExecutor.java:1144)
	at java.base/java.util.concurrent.ThreadPoolExecutor$Worker.run(ThreadPoolExecutor.java:642)
	at java.base/java.lang.Thread.run(Thread.java:1623)
Caused by: java.lang.IllegalStateException: Expected BEGIN_ARRAY but was BEGIN_OBJECT at line 1 column 2 path $
	at com.google.gson.stream.JsonReader.beginArray(JsonReader.java:350)
	at com.google.gson.internal.bind.ArrayTypeAdapter.read(ArrayTypeAdapter.java:70)
	at com.google.gson.Gson.fromJson(Gson.java:991)
	... 10 more

Oct 06, 2025 5:14:36 PM ai.glog.execute.workers.TriageAndRemediationCallableWorker call
SEVERE: null
java.lang.NullPointerException
	at java.base/java.util.Objects.requireNonNull(Objects.java:233)
	at java.base/java.util.Arrays$ArrayList.<init>(Arrays.java:4234)
	at java.base/java.util.Arrays.asList(Arrays.java:4219)
	at ai.glog.execute.workers.TriageAndRemediationCallableWorker.setGeneralRemediation(TriageAndRemediationCallableWorker.java:162)
	at ai.glog.execute.workers.TriageAndRemediationCallableWorker.call(TriageAndRemediationCallableWorker.java:73)
	at ai.glog.execute.workers.TriageAndRemediationCallableWorker.call(TriageAndRemediationCallableWorker.java:31)
	at java.base/java.util.concurrent.FutureTask.run(FutureTask.java:317)
	at java.base/java.util.concurrent.ThreadPoolExecutor.runWorker(ThreadPoolExecutor.java:1144)
	at java.base/java.util.concurrent.ThreadPoolExecutor$Worker.run(ThreadPoolExecutor.java:642)
	at java.base/java.lang.Thread.run(Thread.java:1623)

Oct 06, 2025 5:14:37 PM ai.glog.service.GlogService getFromGlog
SEVERE: java.lang.IllegalStateException: Expected BEGIN_ARRAY but was BEGIN_OBJECT at line 1 column 2 path $
{"detail":"Invalid token."}
com.google.gson.JsonSyntaxException: java.lang.IllegalStateException: Expected BEGIN_ARRAY but was BEGIN_OBJECT at line 1 column 2 path $
	at com.google.gson.Gson.fromJson(Gson.java:1003)
	at com.google.gson.Gson.fromJson(Gson.java:956)
	at com.google.gson.Gson.fromJson(Gson.java:905)
	at ai.glog.service.GlogService.getFromGlog(GlogService.java:174)
	at ai.glog.execute.workers.TriageAndRemediationCallableWorker.setGeneralRemediation(TriageAndRemediationCallableWorker.java:158)
	at ai.glog.execute.workers.TriageAndRemediationCallableWorker.call(TriageAndRemediationCallableWorker.java:73)
	at ai.glog.execute.workers.TriageAndRemediationCallableWorker.call(TriageAndRemediationCallableWorker.java:31)
	at java.base/java.util.concurrent.FutureTask.run(FutureTask.java:317)
	at java.base/java.util.concurrent.ThreadPoolExecutor.runWorker(ThreadPoolExecutor.java:1144)
	at java.base/java.util.concurrent.ThreadPoolExecutor$Worker.run(ThreadPoolExecutor.java:642)
	at java.base/java.lang.Thread.run(Thread.java:1623)
Caused by: java.lang.IllegalStateException: Expected BEGIN_ARRAY but was BEGIN_OBJECT at line 1 column 2 path $
	at com.google.gson.stream.JsonReader.beginArray(JsonReader.java:350)
	at com.google.gson.internal.bind.ArrayTypeAdapter.read(ArrayTypeAdapter.java:70)
	at com.google.gson.Gson.fromJson(Gson.java:991)
	... 10 more

Oct 06, 2025 5:14:37 PM ai.glog.execute.workers.TriageAndRemediationCallableWorker call
SEVERE: null
java.lang.NullPointerException
	at java.base/java.util.Objects.requireNonNull(Objects.java:233)
	at java.base/java.util.Arrays$ArrayList.<init>(Arrays.java:4234)
	at java.base/java.util.Arrays.asList(Arrays.java:4219)
	at ai.glog.execute.workers.TriageAndRemediationCallableWorker.setGeneralRemediation(TriageAndRemediationCallableWorker.java:162)
	at ai.glog.execute.workers.TriageAndRemediationCallableWorker.call(TriageAndRemediationCallableWorker.java:73)
	at ai.glog.execute.workers.TriageAndRemediationCallableWorker.call(TriageAndRemediationCallableWorker.java:31)
	at java.base/java.util.concurrent.FutureTask.run(FutureTask.java:317)
	at java.base/java.util.concurrent.ThreadPoolExecutor.runWorker(ThreadPoolExecutor.java:1144)
	at java.base/java.util.concurrent.ThreadPoolExecutor$Worker.run(ThreadPoolExecutor.java:642)
	at java.base/java.lang.Thread.run(Thread.java:1623)

Oct 06, 2025 5:14:38 PM ai.glog.service.GlogService getFromGlog
SEVERE: java.lang.IllegalStateException: Expected BEGIN_ARRAY but was BEGIN_OBJECT at line 1 column 2 path $
{"detail":"Invalid token."}
com.google.gson.JsonSyntaxException: java.lang.IllegalStateException: Expected BEGIN_ARRAY but was BEGIN_OBJECT at line 1 column 2 path $
	at com.google.gson.Gson.fromJson(Gson.java:1003)
	at com.google.gson.Gson.fromJson(Gson.java:956)
	at com.google.gson.Gson.fromJson(Gson.java:905)
	at ai.glog.service.GlogService.getFromGlog(GlogService.java:174)
	at ai.glog.execute.workers.TriageAndRemediationCallableWorker.setGeneralRemediation(TriageAndRemediationCallableWorker.java:158)
	at ai.glog.execute.workers.TriageAndRemediationCallableWorker.call(TriageAndRemediationCallableWorker.java:73)
	at ai.glog.execute.workers.TriageAndRemediationCallableWorker.call(TriageAndRemediationCallableWorker.java:31)
	at java.base/java.util.concurrent.FutureTask.run(FutureTask.java:317)
	at java.base/java.util.concurrent.ThreadPoolExecutor.runWorker(ThreadPoolExecutor.java:1144)
	at java.base/java.util.concurrent.ThreadPoolExecutor$Worker.run(ThreadPoolExecutor.java:642)
	at java.base/java.lang.Thread.run(Thread.java:1623)
Caused by: java.lang.IllegalStateException: Expected BEGIN_ARRAY but was BEGIN_OBJECT at line 1 column 2 path $
	at com.google.gson.stream.JsonReader.beginArray(JsonReader.java:350)
	at com.google.gson.internal.bind.ArrayTypeAdapter.read(ArrayTypeAdapter.java:70)
	at com.google.gson.Gson.fromJson(Gson.java:991)
	... 10 more

Oct 06, 2025 5:14:38 PM ai.glog.execute.workers.TriageAndRemediationCallableWorker call
SEVERE: null
java.lang.NullPointerException
	at java.base/java.util.Objects.requireNonNull(Objects.java:233)
	at java.base/java.util.Arrays$ArrayList.<init>(Arrays.java:4234)
	at java.base/java.util.Arrays.asList(Arrays.java:4219)
	at ai.glog.execute.workers.TriageAndRemediationCallableWorker.setGeneralRemediation(TriageAndRemediationCallableWorker.java:162)
	at ai.glog.execute.workers.TriageAndRemediationCallableWorker.call(TriageAndRemediationCallableWorker.java:73)
	at ai.glog.execute.workers.TriageAndRemediationCallableWorker.call(TriageAndRemediationCallableWorker.java:31)
	at java.base/java.util.concurrent.FutureTask.run(FutureTask.java:317)
	at java.base/java.util.concurrent.ThreadPoolExecutor.runWorker(ThreadPoolExecutor.java:1144)
	at java.base/java.util.concurrent.ThreadPoolExecutor$Worker.run(ThreadPoolExecutor.java:642)
	at java.base/java.lang.Thread.run(Thread.java:1623)

Oct 06, 2025 5:14:39 PM ai.glog.service.GlogService getFromGlog
SEVERE: java.lang.IllegalStateException: Expected BEGIN_ARRAY but was BEGIN_OBJECT at line 1 column 2 path $
{"detail":"Invalid token."}
com.google.gson.JsonSyntaxException: java.lang.IllegalStateException: Expected BEGIN_ARRAY but was BEGIN_OBJECT at line 1 column 2 path $
	at com.google.gson.Gson.fromJson(Gson.java:1003)
	at com.google.gson.Gson.fromJson(Gson.java:956)
	at com.google.gson.Gson.fromJson(Gson.java:905)
	at ai.glog.service.GlogService.getFromGlog(GlogService.java:174)
	at ai.glog.execute.workers.TriageAndRemediationCallableWorker.setGeneralRemediation(TriageAndRemediationCallableWorker.java:158)
	at ai.glog.execute.workers.TriageAndRemediationCallableWorker.call(TriageAndRemediationCallableWorker.java:73)
	at ai.glog.execute.workers.TriageAndRemediationCallableWorker.call(TriageAndRemediationCallableWorker.java:31)
	at java.base/java.util.concurrent.FutureTask.run(FutureTask.java:317)
	at java.base/java.util.concurrent.ThreadPoolExecutor.runWorker(ThreadPoolExecutor.java:1144)
	at java.base/java.util.concurrent.ThreadPoolExecutor$Worker.run(ThreadPoolExecutor.java:642)
	at java.base/java.lang.Thread.run(Thread.java:1623)
Caused by: java.lang.IllegalStateException: Expected BEGIN_ARRAY but was BEGIN_OBJECT at line 1 column 2 path $
	at com.google.gson.stream.JsonReader.beginArray(JsonReader.java:350)
	at com.google.gson.internal.bind.ArrayTypeAdapter.read(ArrayTypeAdapter.java:70)
	at com.google.gson.Gson.fromJson(Gson.java:991)
	... 10 more

Oct 06, 2025 5:14:39 PM ai.glog.execute.workers.TriageAndRemediationCallableWorker call
SEVERE: null
java.lang.NullPointerException
	at java.base/java.util.Objects.requireNonNull(Objects.java:233)
	at java.base/java.util.Arrays$ArrayList.<init>(Arrays.java:4234)
	at java.base/java.util.Arrays.asList(Arrays.java:4219)
	at ai.glog.execute.workers.TriageAndRemediationCallableWorker.setGeneralRemediation(TriageAndRemediationCallableWorker.java:162)
	at ai.glog.execute.workers.TriageAndRemediationCallableWorker.call(TriageAndRemediationCallableWorker.java:73)
	at ai.glog.execute.workers.TriageAndRemediationCallableWorker.call(TriageAndRemediationCallableWorker.java:31)
	at java.base/java.util.concurrent.FutureTask.run(FutureTask.java:317)
	at java.base/java.util.concurrent.ThreadPoolExecutor.runWorker(ThreadPoolExecutor.java:1144)
	at java.base/java.util.concurrent.ThreadPoolExecutor$Worker.run(ThreadPoolExecutor.java:642)
	at java.base/java.lang.Thread.run(Thread.java:1623)

Oct 06, 2025 5:14:39 PM ai.glog.service.GlogService getFromGlog
SEVERE: java.lang.IllegalStateException: Expected BEGIN_ARRAY but was BEGIN_OBJECT at line 1 column 2 path $
{"detail":"Invalid token."}
com.google.gson.JsonSyntaxException: java.lang.IllegalStateException: Expected BEGIN_ARRAY but was BEGIN_OBJECT at line 1 column 2 path $
	at com.google.gson.Gson.fromJson(Gson.java:1003)
	at com.google.gson.Gson.fromJson(Gson.java:956)
	at com.google.gson.Gson.fromJson(Gson.java:905)
	at ai.glog.service.GlogService.getFromGlog(GlogService.java:174)
	at ai.glog.execute.workers.TriageAndRemediationCallableWorker.setGeneralRemediation(TriageAndRemediationCallableWorker.java:158)
	at ai.glog.execute.workers.TriageAndRemediationCallableWorker.call(TriageAndRemediationCallableWorker.java:73)
	at ai.glog.execute.workers.TriageAndRemediationCallableWorker.call(TriageAndRemediationCallableWorker.java:31)
	at java.base/java.util.concurrent.FutureTask.run(FutureTask.java:317)
	at java.base/java.util.concurrent.ThreadPoolExecutor.runWorker(ThreadPoolExecutor.java:1144)
	at java.base/java.util.concurrent.ThreadPoolExecutor$Worker.run(ThreadPoolExecutor.java:642)
	at java.base/java.lang.Thread.run(Thread.java:1623)
Caused by: java.lang.IllegalStateException: Expected BEGIN_ARRAY but was BEGIN_OBJECT at line 1 column 2 path $
	at com.google.gson.stream.JsonReader.beginArray(JsonReader.java:350)
	at com.google.gson.internal.bind.ArrayTypeAdapter.read(ArrayTypeAdapter.java:70)
	at com.google.gson.Gson.fromJson(Gson.java:991)
	... 10 more

Oct 06, 2025 5:14:39 PM ai.glog.execute.workers.TriageAndRemediationCallableWorker call
SEVERE: null
java.lang.NullPointerException
	at java.base/java.util.Objects.requireNonNull(Objects.java:233)
	at java.base/java.util.Arrays$ArrayList.<init>(Arrays.java:4234)
	at java.base/java.util.Arrays.asList(Arrays.java:4219)
	at ai.glog.execute.workers.TriageAndRemediationCallableWorker.setGeneralRemediation(TriageAndRemediationCallableWorker.java:162)
	at ai.glog.execute.workers.TriageAndRemediationCallableWorker.call(TriageAndRemediationCallableWorker.java:73)
	at ai.glog.execute.workers.TriageAndRemediationCallableWorker.call(TriageAndRemediationCallableWorker.java:31)
	at java.base/java.util.concurrent.FutureTask.run(FutureTask.java:317)
	at java.base/java.util.concurrent.ThreadPoolExecutor.runWorker(ThreadPoolExecutor.java:1144)
	at java.base/java.util.concurrent.ThreadPoolExecutor$Worker.run(ThreadPoolExecutor.java:642)
	at java.base/java.lang.Thread.run(Thread.java:1623)

Oct 06, 2025 5:14:40 PM ai.glog.service.GlogService getFromGlog
SEVERE: java.lang.IllegalStateException: Expected BEGIN_ARRAY but was BEGIN_OBJECT at line 1 column 2 path $
{"detail":"Invalid token."}
com.google.gson.JsonSyntaxException: java.lang.IllegalStateException: Expected BEGIN_ARRAY but was BEGIN_OBJECT at line 1 column 2 path $
	at com.google.gson.Gson.fromJson(Gson.java:1003)
	at com.google.gson.Gson.fromJson(Gson.java:956)
	at com.google.gson.Gson.fromJson(Gson.java:905)
	at ai.glog.service.GlogService.getFromGlog(GlogService.java:174)
	at ai.glog.execute.workers.TriageAndRemediationCallableWorker.setGeneralRemediation(TriageAndRemediationCallableWorker.java:158)
	at ai.glog.execute.workers.TriageAndRemediationCallableWorker.call(TriageAndRemediationCallableWorker.java:73)
	at ai.glog.execute.workers.TriageAndRemediationCallableWorker.call(TriageAndRemediationCallableWorker.java:31)
	at java.base/java.util.concurrent.FutureTask.run(FutureTask.java:317)
	at java.base/java.util.concurrent.ThreadPoolExecutor.runWorker(ThreadPoolExecutor.java:1144)
	at java.base/java.util.concurrent.ThreadPoolExecutor$Worker.run(ThreadPoolExecutor.java:642)
	at java.base/java.lang.Thread.run(Thread.java:1623)
Caused by: java.lang.IllegalStateException: Expected BEGIN_ARRAY but was BEGIN_OBJECT at line 1 column 2 path $
	at com.google.gson.stream.JsonReader.beginArray(JsonReader.java:350)
	at com.google.gson.internal.bind.ArrayTypeAdapter.read(ArrayTypeAdapter.java:70)
	at com.google.gson.Gson.fromJson(Gson.java:991)
	... 10 more

Oct 06, 2025 5:14:40 PM ai.glog.execute.workers.TriageAndRemediationCallableWorker call
SEVERE: null
java.lang.NullPointerException
	at java.base/java.util.Objects.requireNonNull(Objects.java:233)
	at java.base/java.util.Arrays$ArrayList.<init>(Arrays.java:4234)
	at java.base/java.util.Arrays.asList(Arrays.java:4219)
	at ai.glog.execute.workers.TriageAndRemediationCallableWorker.setGeneralRemediation(TriageAndRemediationCallableWorker.java:162)
	at ai.glog.execute.workers.TriageAndRemediationCallableWorker.call(TriageAndRemediationCallableWorker.java:73)
	at ai.glog.execute.workers.TriageAndRemediationCallableWorker.call(TriageAndRemediationCallableWorker.java:31)
	at java.base/java.util.concurrent.FutureTask.run(FutureTask.java:317)
	at java.base/java.util.concurrent.ThreadPoolExecutor.runWorker(ThreadPoolExecutor.java:1144)
	at java.base/java.util.concurrent.ThreadPoolExecutor$Worker.run(ThreadPoolExecutor.java:642)
	at java.base/java.lang.Thread.run(Thread.java:1623)

Oct 06, 2025 5:14:41 PM ai.glog.service.GlogService getFromGlog
SEVERE: java.lang.IllegalStateException: Expected BEGIN_ARRAY but was BEGIN_OBJECT at line 1 column 2 path $
{"detail":"Invalid token."}
com.google.gson.JsonSyntaxException: java.lang.IllegalStateException: Expected BEGIN_ARRAY but was BEGIN_OBJECT at line 1 column 2 path $
	at com.google.gson.Gson.fromJson(Gson.java:1003)
	at com.google.gson.Gson.fromJson(Gson.java:956)
	at com.google.gson.Gson.fromJson(Gson.java:905)
	at ai.glog.service.GlogService.getFromGlog(GlogService.java:174)
	at ai.glog.execute.workers.TriageAndRemediationCallableWorker.setGeneralRemediation(TriageAndRemediationCallableWorker.java:158)
	at ai.glog.execute.workers.TriageAndRemediationCallableWorker.call(TriageAndRemediationCallableWorker.java:73)
	at ai.glog.execute.workers.TriageAndRemediationCallableWorker.call(TriageAndRemediationCallableWorker.java:31)
	at java.base/java.util.concurrent.FutureTask.run(FutureTask.java:317)
	at java.base/java.util.concurrent.ThreadPoolExecutor.runWorker(ThreadPoolExecutor.java:1144)
	at java.base/java.util.concurrent.ThreadPoolExecutor$Worker.run(ThreadPoolExecutor.java:642)
	at java.base/java.lang.Thread.run(Thread.java:1623)
Caused by: java.lang.IllegalStateException: Expected BEGIN_ARRAY but was BEGIN_OBJECT at line 1 column 2 path $
	at com.google.gson.stream.JsonReader.beginArray(JsonReader.java:350)
	at com.google.gson.internal.bind.ArrayTypeAdapter.read(ArrayTypeAdapter.java:70)
	at com.google.gson.Gson.fromJson(Gson.java:991)
	... 10 more

Oct 06, 2025 5:14:41 PM ai.glog.execute.workers.TriageAndRemediationCallableWorker call
SEVERE: null
java.lang.NullPointerException
	at java.base/java.util.Objects.requireNonNull(Objects.java:233)
	at java.base/java.util.Arrays$ArrayList.<init>(Arrays.java:4234)
	at java.base/java.util.Arrays.asList(Arrays.java:4219)
	at ai.glog.execute.workers.TriageAndRemediationCallableWorker.setGeneralRemediation(TriageAndRemediationCallableWorker.java:162)
	at ai.glog.execute.workers.TriageAndRemediationCallableWorker.call(TriageAndRemediationCallableWorker.java:73)
	at ai.glog.execute.workers.TriageAndRemediationCallableWorker.call(TriageAndRemediationCallableWorker.java:31)
	at java.base/java.util.concurrent.FutureTask.run(FutureTask.java:317)
	at java.base/java.util.concurrent.ThreadPoolExecutor.runWorker(ThreadPoolExecutor.java:1144)
	at java.base/java.util.concurrent.ThreadPoolExecutor$Worker.run(ThreadPoolExecutor.java:642)
	at java.base/java.lang.Thread.run(Thread.java:1623)

Oct 06, 2025 5:14:42 PM ai.glog.service.GlogService getFromGlog
SEVERE: java.lang.IllegalStateException: Expected BEGIN_ARRAY but was BEGIN_OBJECT at line 1 column 2 path $
{"detail":"Invalid token."}
com.google.gson.JsonSyntaxException: java.lang.IllegalStateException: Expected BEGIN_ARRAY but was BEGIN_OBJECT at line 1 column 2 path $
	at com.google.gson.Gson.fromJson(Gson.java:1003)
	at com.google.gson.Gson.fromJson(Gson.java:956)
	at com.google.gson.Gson.fromJson(Gson.java:905)
	at ai.glog.service.GlogService.getFromGlog(GlogService.java:174)
	at ai.glog.execute.workers.TriageAndRemediationCallableWorker.setGeneralRemediation(TriageAndRemediationCallableWorker.java:158)
	at ai.glog.execute.workers.TriageAndRemediationCallableWorker.call(TriageAndRemediationCallableWorker.java:73)
	at ai.glog.execute.workers.TriageAndRemediationCallableWorker.call(TriageAndRemediationCallableWorker.java:31)
	at java.base/java.util.concurrent.FutureTask.run(FutureTask.java:317)
	at java.base/java.util.concurrent.ThreadPoolExecutor.runWorker(ThreadPoolExecutor.java:1144)
	at java.base/java.util.concurrent.ThreadPoolExecutor$Worker.run(ThreadPoolExecutor.java:642)
	at java.base/java.lang.Thread.run(Thread.java:1623)
Caused by: java.lang.IllegalStateException: Expected BEGIN_ARRAY but was BEGIN_OBJECT at line 1 column 2 path $
	at com.google.gson.stream.JsonReader.beginArray(JsonReader.java:350)
	at com.google.gson.internal.bind.ArrayTypeAdapter.read(ArrayTypeAdapter.java:70)
	at com.google.gson.Gson.fromJson(Gson.java:991)
	... 10 more

Oct 06, 2025 5:14:42 PM ai.glog.execute.workers.TriageAndRemediationCallableWorker call
SEVERE: null
java.lang.NullPointerException
	at java.base/java.util.Objects.requireNonNull(Objects.java:233)
	at java.base/java.util.Arrays$ArrayList.<init>(Arrays.java:4234)
	at java.base/java.util.Arrays.asList(Arrays.java:4219)
	at ai.glog.execute.workers.TriageAndRemediationCallableWorker.setGeneralRemediation(TriageAndRemediationCallableWorker.java:162)
	at ai.glog.execute.workers.TriageAndRemediationCallableWorker.call(TriageAndRemediationCallableWorker.java:73)
	at ai.glog.execute.workers.TriageAndRemediationCallableWorker.call(TriageAndRemediationCallableWorker.java:31)
	at java.base/java.util.concurrent.FutureTask.run(FutureTask.java:317)
	at java.base/java.util.concurrent.ThreadPoolExecutor.runWorker(ThreadPoolExecutor.java:1144)
	at java.base/java.util.concurrent.ThreadPoolExecutor$Worker.run(ThreadPoolExecutor.java:642)
	at java.base/java.lang.Thread.run(Thread.java:1623)

Oct 06, 2025 5:14:42 PM ai.glog.service.GlogService getFromGlog
SEVERE: java.lang.IllegalStateException: Expected BEGIN_ARRAY but was BEGIN_OBJECT at line 1 column 2 path $
{"detail":"Invalid token."}
com.google.gson.JsonSyntaxException: java.lang.IllegalStateException: Expected BEGIN_ARRAY but was BEGIN_OBJECT at line 1 column 2 path $
	at com.google.gson.Gson.fromJson(Gson.java:1003)
	at com.google.gson.Gson.fromJson(Gson.java:956)
	at com.google.gson.Gson.fromJson(Gson.java:905)
	at ai.glog.service.GlogService.getFromGlog(GlogService.java:174)
	at ai.glog.execute.workers.TriageAndRemediationCallableWorker.setGeneralRemediation(TriageAndRemediationCallableWorker.java:158)
	at ai.glog.execute.workers.TriageAndRemediationCallableWorker.call(TriageAndRemediationCallableWorker.java:73)
	at ai.glog.execute.workers.TriageAndRemediationCallableWorker.call(TriageAndRemediationCallableWorker.java:31)
	at java.base/java.util.concurrent.FutureTask.run(FutureTask.java:317)
	at java.base/java.util.concurrent.ThreadPoolExecutor.runWorker(ThreadPoolExecutor.java:1144)
	at java.base/java.util.concurrent.ThreadPoolExecutor$Worker.run(ThreadPoolExecutor.java:642)
	at java.base/java.lang.Thread.run(Thread.java:1623)
Caused by: java.lang.IllegalStateException: Expected BEGIN_ARRAY but was BEGIN_OBJECT at line 1 column 2 path $
	at com.google.gson.stream.JsonReader.beginArray(JsonReader.java:350)
	at com.google.gson.internal.bind.ArrayTypeAdapter.read(ArrayTypeAdapter.java:70)
	at com.google.gson.Gson.fromJson(Gson.java:991)
	... 10 more

Oct 06, 2025 5:14:42 PM ai.glog.execute.workers.TriageAndRemediationCallableWorker call
SEVERE: null
java.lang.NullPointerException
	at java.base/java.util.Objects.requireNonNull(Objects.java:233)
	at java.base/java.util.Arrays$ArrayList.<init>(Arrays.java:4234)
	at java.base/java.util.Arrays.asList(Arrays.java:4219)
	at ai.glog.execute.workers.TriageAndRemediationCallableWorker.setGeneralRemediation(TriageAndRemediationCallableWorker.java:162)
	at ai.glog.execute.workers.TriageAndRemediationCallableWorker.call(TriageAndRemediationCallableWorker.java:73)
	at ai.glog.execute.workers.TriageAndRemediationCallableWorker.call(TriageAndRemediationCallableWorker.java:31)
	at java.base/java.util.concurrent.FutureTask.run(FutureTask.java:317)
	at java.base/java.util.concurrent.ThreadPoolExecutor.runWorker(ThreadPoolExecutor.java:1144)
	at java.base/java.util.concurrent.ThreadPoolExecutor$Worker.run(ThreadPoolExecutor.java:642)
	at java.base/java.lang.Thread.run(Thread.java:1623)

Oct 06, 2025 5:14:43 PM ai.glog.service.GlogService getFromGlog
SEVERE: java.lang.IllegalStateException: Expected BEGIN_ARRAY but was BEGIN_OBJECT at line 1 column 2 path $
{"detail":"Invalid token."}
com.google.gson.JsonSyntaxException: java.lang.IllegalStateException: Expected BEGIN_ARRAY but was BEGIN_OBJECT at line 1 column 2 path $
	at com.google.gson.Gson.fromJson(Gson.java:1003)
	at com.google.gson.Gson.fromJson(Gson.java:956)
	at com.google.gson.Gson.fromJson(Gson.java:905)
	at ai.glog.service.GlogService.getFromGlog(GlogService.java:174)
	at ai.glog.execute.workers.TriageAndRemediationCallableWorker.setGeneralRemediation(TriageAndRemediationCallableWorker.java:158)
	at ai.glog.execute.workers.TriageAndRemediationCallableWorker.call(TriageAndRemediationCallableWorker.java:73)
	at ai.glog.execute.workers.TriageAndRemediationCallableWorker.call(TriageAndRemediationCallableWorker.java:31)
	at java.base/java.util.concurrent.FutureTask.run(FutureTask.java:317)
	at java.base/java.util.concurrent.ThreadPoolExecutor.runWorker(ThreadPoolExecutor.java:1144)
	at java.base/java.util.concurrent.ThreadPoolExecutor$Worker.run(ThreadPoolExecutor.java:642)
	at java.base/java.lang.Thread.run(Thread.java:1623)
Caused by: java.lang.IllegalStateException: Expected BEGIN_ARRAY but was BEGIN_OBJECT at line 1 column 2 path $
	at com.google.gson.stream.JsonReader.beginArray(JsonReader.java:350)
	at com.google.gson.internal.bind.ArrayTypeAdapter.read(ArrayTypeAdapter.java:70)
	at com.google.gson.Gson.fromJson(Gson.java:991)
	... 10 more

Oct 06, 2025 5:14:43 PM ai.glog.execute.workers.TriageAndRemediationCallableWorker call
SEVERE: null
java.lang.NullPointerException
	at java.base/java.util.Objects.requireNonNull(Objects.java:233)
	at java.base/java.util.Arrays$ArrayList.<init>(Arrays.java:4234)
	at java.base/java.util.Arrays.asList(Arrays.java:4219)
	at ai.glog.execute.workers.TriageAndRemediationCallableWorker.setGeneralRemediation(TriageAndRemediationCallableWorker.java:162)
	at ai.glog.execute.workers.TriageAndRemediationCallableWorker.call(TriageAndRemediationCallableWorker.java:73)
	at ai.glog.execute.workers.TriageAndRemediationCallableWorker.call(TriageAndRemediationCallableWorker.java:31)
	at java.base/java.util.concurrent.FutureTask.run(FutureTask.java:317)
	at java.base/java.util.concurrent.ThreadPoolExecutor.runWorker(ThreadPoolExecutor.java:1144)
	at java.base/java.util.concurrent.ThreadPoolExecutor$Worker.run(ThreadPoolExecutor.java:642)
	at java.base/java.lang.Thread.run(Thread.java:1623)

Oct 06, 2025 5:14:44 PM ai.glog.service.GlogService getFromGlog
SEVERE: java.lang.IllegalStateException: Expected BEGIN_ARRAY but was BEGIN_OBJECT at line 1 column 2 path $
{"detail":"Invalid token."}
com.google.gson.JsonSyntaxException: java.lang.IllegalStateException: Expected BEGIN_ARRAY but was BEGIN_OBJECT at line 1 column 2 path $
	at com.google.gson.Gson.fromJson(Gson.java:1003)
	at com.google.gson.Gson.fromJson(Gson.java:956)
	at com.google.gson.Gson.fromJson(Gson.java:905)
	at ai.glog.service.GlogService.getFromGlog(GlogService.java:174)
	at ai.glog.execute.workers.TriageAndRemediationCallableWorker.setGeneralRemediation(TriageAndRemediationCallableWorker.java:158)
	at ai.glog.execute.workers.TriageAndRemediationCallableWorker.call(TriageAndRemediationCallableWorker.java:73)
	at ai.glog.execute.workers.TriageAndRemediationCallableWorker.call(TriageAndRemediationCallableWorker.java:31)
	at java.base/java.util.concurrent.FutureTask.run(FutureTask.java:317)
	at java.base/java.util.concurrent.ThreadPoolExecutor.runWorker(ThreadPoolExecutor.java:1144)
	at java.base/java.util.concurrent.ThreadPoolExecutor$Worker.run(ThreadPoolExecutor.java:642)
	at java.base/java.lang.Thread.run(Thread.java:1623)
Caused by: java.lang.IllegalStateException: Expected BEGIN_ARRAY but was BEGIN_OBJECT at line 1 column 2 path $
	at com.google.gson.stream.JsonReader.beginArray(JsonReader.java:350)
	at com.google.gson.internal.bind.ArrayTypeAdapter.read(ArrayTypeAdapter.java:70)
	at com.google.gson.Gson.fromJson(Gson.java:991)
	... 10 more

Oct 06, 2025 5:14:44 PM ai.glog.execute.workers.TriageAndRemediationCallableWorker call
SEVERE: null
java.lang.NullPointerException
	at java.base/java.util.Objects.requireNonNull(Objects.java:233)
	at java.base/java.util.Arrays$ArrayList.<init>(Arrays.java:4234)
	at java.base/java.util.Arrays.asList(Arrays.java:4219)
	at ai.glog.execute.workers.TriageAndRemediationCallableWorker.setGeneralRemediation(TriageAndRemediationCallableWorker.java:162)
	at ai.glog.execute.workers.TriageAndRemediationCallableWorker.call(TriageAndRemediationCallableWorker.java:73)
	at ai.glog.execute.workers.TriageAndRemediationCallableWorker.call(TriageAndRemediationCallableWorker.java:31)
	at java.base/java.util.concurrent.FutureTask.run(FutureTask.java:317)
	at java.base/java.util.concurrent.ThreadPoolExecutor.runWorker(ThreadPoolExecutor.java:1144)
	at java.base/java.util.concurrent.ThreadPoolExecutor$Worker.run(ThreadPoolExecutor.java:642)
	at java.base/java.lang.Thread.run(Thread.java:1623)

Oct 06, 2025 5:14:44 PM ai.glog.execute.workers.TriageAndRemediationCallableWorker isFalsePositive
SEVERE: {
  "ruleId" : "DS154189",
  "ruleIndex" : null,
  "rule" : null,
  "kind" : "FAIL",
  "level" : "WARNING",
  "message" : {
    "text" : "Banned C function detected",
    "markdown" : null,
    "id" : null,
    "arguments" : null,
    "properties" : null
  },
  "analysisTarget" : null,
  "locations" : [ {
    "id" : null,
    "physicalLocation" : {
      "address" : null,
      "artifactLocation" : {
        "uri" : "rocm_smi/include/rocm_smi/rocm_smi_utils.h",
        "uriBaseId" : null,
        "index" : null,
        "description" : null,
        "properties" : null
      },
      "region" : {
        "startLine" : 53,
        "startColumn" : 4,
        "endLine" : 53,
        "endColumn" : 11,
        "charOffset" : 1810,
        "charLength" : 7,
        "byteOffset" : null,
        "byteLength" : null,
        "snippet" : {
          "text" : "fprintf",
          "binary" : null,
          "rendered" : {
            "text" : "fprintf",
            "markdown" : "`fprintf`",
            "properties" : null
          },
          "properties" : null
        },
        "message" : null,
        "sourceLanguage" : "c",
        "properties" : null
      },
      "contextRegion" : null,
      "properties" : null
    },
    "logicalLocations" : null,
    "message" : null,
    "annotations" : null,
    "relationships" : null,
    "properties" : null
  } ],
  "guid" : null,
  "correlationGuid" : null,
  "occurrenceCount" : null,
  "partialFingerprints" : null,
  "fingerprints" : null,
  "stacks" : null,
  "codeFlows" : null,
  "graphs" : null,
  "graphTraversals" : null,
  "relatedLocations" : null,
  "suppressions" : null,
  "baselineState" : null,
  "rank" : null,
  "attachments" : null,
  "hostedViewerUri" : null,
  "workItemUris" : null,
  "provenance" : null,
  "fixes" : null,
  "taxa" : null,
  "webRequest" : null,
  "webResponse" : null,
  "properties" : {
    "DevSkimSeverity" : "Moderate",
    "DevSkimConfidence" : "High"
  }
}
java.util.NoSuchElementException: next on empty iterator
	at scala.collection.Iterator$$anon$19.next(Iterator.scala:973)
	at scala.collection.Iterator$$anon$19.next(Iterator.scala:971)
	at scala.collection.Iterator$$anon$6.next(Iterator.scala:492)
	at flatgraph.traversal.GenericSteps$.head$extension(Language.scala:80)
	at ai.glog.cpg.analysis.SinkAnalyzer$.getSink(SinkAnalyzer.scala:29)
	at ai.glog.cpg.analysis.SinkAnalyzer.getSink(SinkAnalyzer.scala)
	at ai.glog.reporting.Sarif.getSinkCpg(Sarif.java:187)
	at ai.glog.plugins.devskim.rules.resolve.DangerousCFunctionDetectedResolver.isFalsePositive(DangerousCFunctionDetectedResolver.java:22)
	at ai.glog.execute.workers.TriageAndRemediationCallableWorker.isFalsePositive(TriageAndRemediationCallableWorker.java:116)
	at ai.glog.execute.workers.TriageAndRemediationCallableWorker.call(TriageAndRemediationCallableWorker.java:66)
	at ai.glog.execute.workers.TriageAndRemediationCallableWorker.call(TriageAndRemediationCallableWorker.java:31)
	at java.base/java.util.concurrent.FutureTask.run(FutureTask.java:317)
	at java.base/java.util.concurrent.ThreadPoolExecutor.runWorker(ThreadPoolExecutor.java:1144)
	at java.base/java.util.concurrent.ThreadPoolExecutor$Worker.run(ThreadPoolExecutor.java:642)
	at java.base/java.lang.Thread.run(Thread.java:1623)

Oct 06, 2025 5:14:44 PM ai.glog.execute.workers.TriageAndRemediationCallableWorker isFalsePositive
SEVERE: next on empty iterator
java.util.NoSuchElementException: next on empty iterator
	at scala.collection.Iterator$$anon$19.next(Iterator.scala:973)
	at scala.collection.Iterator$$anon$19.next(Iterator.scala:971)
	at scala.collection.Iterator$$anon$6.next(Iterator.scala:492)
	at flatgraph.traversal.GenericSteps$.head$extension(Language.scala:80)
	at ai.glog.cpg.analysis.SinkAnalyzer$.getSink(SinkAnalyzer.scala:29)
	at ai.glog.cpg.analysis.SinkAnalyzer.getSink(SinkAnalyzer.scala)
	at ai.glog.reporting.Sarif.getSinkCpg(Sarif.java:187)
	at ai.glog.plugins.devskim.rules.resolve.DangerousCFunctionDetectedResolver.isFalsePositive(DangerousCFunctionDetectedResolver.java:22)
	at ai.glog.execute.workers.TriageAndRemediationCallableWorker.isFalsePositive(TriageAndRemediationCallableWorker.java:116)
	at ai.glog.execute.workers.TriageAndRemediationCallableWorker.call(TriageAndRemediationCallableWorker.java:66)
	at ai.glog.execute.workers.TriageAndRemediationCallableWorker.call(TriageAndRemediationCallableWorker.java:31)
	at java.base/java.util.concurrent.FutureTask.run(FutureTask.java:317)
	at java.base/java.util.concurrent.ThreadPoolExecutor.runWorker(ThreadPoolExecutor.java:1144)
	at java.base/java.util.concurrent.ThreadPoolExecutor$Worker.run(ThreadPoolExecutor.java:642)
	at java.base/java.lang.Thread.run(Thread.java:1623)

Oct 06, 2025 5:14:45 PM ai.glog.service.GlogService getFromGlog
SEVERE: java.lang.IllegalStateException: Expected BEGIN_ARRAY but was BEGIN_OBJECT at line 1 column 2 path $
{"detail":"Invalid token."}
com.google.gson.JsonSyntaxException: java.lang.IllegalStateException: Expected BEGIN_ARRAY but was BEGIN_OBJECT at line 1 column 2 path $
	at com.google.gson.Gson.fromJson(Gson.java:1003)
	at com.google.gson.Gson.fromJson(Gson.java:956)
	at com.google.gson.Gson.fromJson(Gson.java:905)
	at ai.glog.service.GlogService.getFromGlog(GlogService.java:174)
	at ai.glog.execute.workers.TriageAndRemediationCallableWorker.setGeneralRemediation(TriageAndRemediationCallableWorker.java:158)
	at ai.glog.execute.workers.TriageAndRemediationCallableWorker.call(TriageAndRemediationCallableWorker.java:73)
	at ai.glog.execute.workers.TriageAndRemediationCallableWorker.call(TriageAndRemediationCallableWorker.java:31)
	at java.base/java.util.concurrent.FutureTask.run(FutureTask.java:317)
	at java.base/java.util.concurrent.ThreadPoolExecutor.runWorker(ThreadPoolExecutor.java:1144)
	at java.base/java.util.concurrent.ThreadPoolExecutor$Worker.run(ThreadPoolExecutor.java:642)
	at java.base/java.lang.Thread.run(Thread.java:1623)
Caused by: java.lang.IllegalStateException: Expected BEGIN_ARRAY but was BEGIN_OBJECT at line 1 column 2 path $
	at com.google.gson.stream.JsonReader.beginArray(JsonReader.java:350)
	at com.google.gson.internal.bind.ArrayTypeAdapter.read(ArrayTypeAdapter.java:70)
	at com.google.gson.Gson.fromJson(Gson.java:991)
	... 10 more

Oct 06, 2025 5:14:45 PM ai.glog.execute.workers.TriageAndRemediationCallableWorker call
SEVERE: null
java.lang.NullPointerException
	at java.base/java.util.Objects.requireNonNull(Objects.java:233)
	at java.base/java.util.Arrays$ArrayList.<init>(Arrays.java:4234)
	at java.base/java.util.Arrays.asList(Arrays.java:4219)
	at ai.glog.execute.workers.TriageAndRemediationCallableWorker.setGeneralRemediation(TriageAndRemediationCallableWorker.java:162)
	at ai.glog.execute.workers.TriageAndRemediationCallableWorker.call(TriageAndRemediationCallableWorker.java:73)
	at ai.glog.execute.workers.TriageAndRemediationCallableWorker.call(TriageAndRemediationCallableWorker.java:31)
	at java.base/java.util.concurrent.FutureTask.run(FutureTask.java:317)
	at java.base/java.util.concurrent.ThreadPoolExecutor.runWorker(ThreadPoolExecutor.java:1144)
	at java.base/java.util.concurrent.ThreadPoolExecutor$Worker.run(ThreadPoolExecutor.java:642)
	at java.base/java.lang.Thread.run(Thread.java:1623)

Oct 06, 2025 5:14:56 PM ai.glog.service.GlogService getFromGlog
SEVERE: java.lang.IllegalStateException: Expected BEGIN_ARRAY but was BEGIN_OBJECT at line 1 column 2 path $
{"detail":"Invalid token."}
com.google.gson.JsonSyntaxException: java.lang.IllegalStateException: Expected BEGIN_ARRAY but was BEGIN_OBJECT at line 1 column 2 path $
	at com.google.gson.Gson.fromJson(Gson.java:1003)
	at com.google.gson.Gson.fromJson(Gson.java:956)
	at com.google.gson.Gson.fromJson(Gson.java:905)
	at ai.glog.service.GlogService.getFromGlog(GlogService.java:174)
	at ai.glog.execute.workers.TriageAndRemediationCallableWorker.setGeneralRemediation(TriageAndRemediationCallableWorker.java:158)
	at ai.glog.execute.workers.TriageAndRemediationCallableWorker.call(TriageAndRemediationCallableWorker.java:73)
	at ai.glog.execute.workers.TriageAndRemediationCallableWorker.call(TriageAndRemediationCallableWorker.java:31)
	at java.base/java.util.concurrent.FutureTask.run(FutureTask.java:317)
	at java.base/java.util.concurrent.ThreadPoolExecutor.runWorker(ThreadPoolExecutor.java:1144)
	at java.base/java.util.concurrent.ThreadPoolExecutor$Worker.run(ThreadPoolExecutor.java:642)
	at java.base/java.lang.Thread.run(Thread.java:1623)
Caused by: java.lang.IllegalStateException: Expected BEGIN_ARRAY but was BEGIN_OBJECT at line 1 column 2 path $
	at com.google.gson.stream.JsonReader.beginArray(JsonReader.java:350)
	at com.google.gson.internal.bind.ArrayTypeAdapter.read(ArrayTypeAdapter.java:70)
	at com.google.gson.Gson.fromJson(Gson.java:991)
	... 10 more

Oct 06, 2025 5:14:56 PM ai.glog.execute.workers.TriageAndRemediationCallableWorker call
SEVERE: null
java.lang.NullPointerException
	at java.base/java.util.Objects.requireNonNull(Objects.java:233)
	at java.base/java.util.Arrays$ArrayList.<init>(Arrays.java:4234)
	at java.base/java.util.Arrays.asList(Arrays.java:4219)
	at ai.glog.execute.workers.TriageAndRemediationCallableWorker.setGeneralRemediation(TriageAndRemediationCallableWorker.java:162)
	at ai.glog.execute.workers.TriageAndRemediationCallableWorker.call(TriageAndRemediationCallableWorker.java:73)
	at ai.glog.execute.workers.TriageAndRemediationCallableWorker.call(TriageAndRemediationCallableWorker.java:31)
	at java.base/java.util.concurrent.FutureTask.run(FutureTask.java:317)
	at java.base/java.util.concurrent.ThreadPoolExecutor.runWorker(ThreadPoolExecutor.java:1144)
	at java.base/java.util.concurrent.ThreadPoolExecutor$Worker.run(ThreadPoolExecutor.java:642)
	at java.base/java.lang.Thread.run(Thread.java:1623)

Oct 06, 2025 5:14:57 PM ai.glog.service.GlogService getFromGlog
SEVERE: java.lang.IllegalStateException: Expected BEGIN_ARRAY but was BEGIN_OBJECT at line 1 column 2 path $
{"detail":"Invalid token."}
com.google.gson.JsonSyntaxException: java.lang.IllegalStateException: Expected BEGIN_ARRAY but was BEGIN_OBJECT at line 1 column 2 path $
	at com.google.gson.Gson.fromJson(Gson.java:1003)
	at com.google.gson.Gson.fromJson(Gson.java:956)
	at com.google.gson.Gson.fromJson(Gson.java:905)
	at ai.glog.service.GlogService.getFromGlog(GlogService.java:174)
	at ai.glog.execute.workers.TriageAndRemediationCallableWorker.setGeneralRemediation(TriageAndRemediationCallableWorker.java:158)
	at ai.glog.execute.workers.TriageAndRemediationCallableWorker.call(TriageAndRemediationCallableWorker.java:73)
	at ai.glog.execute.workers.TriageAndRemediationCallableWorker.call(TriageAndRemediationCallableWorker.java:31)
	at java.base/java.util.concurrent.FutureTask.run(FutureTask.java:317)
	at java.base/java.util.concurrent.ThreadPoolExecutor.runWorker(ThreadPoolExecutor.java:1144)
	at java.base/java.util.concurrent.ThreadPoolExecutor$Worker.run(ThreadPoolExecutor.java:642)
	at java.base/java.lang.Thread.run(Thread.java:1623)
Caused by: java.lang.IllegalStateException: Expected BEGIN_ARRAY but was BEGIN_OBJECT at line 1 column 2 path $
	at com.google.gson.stream.JsonReader.beginArray(JsonReader.java:350)
	at com.google.gson.internal.bind.ArrayTypeAdapter.read(ArrayTypeAdapter.java:70)
	at com.google.gson.Gson.fromJson(Gson.java:991)
	... 10 more

Oct 06, 2025 5:14:57 PM ai.glog.execute.workers.TriageAndRemediationCallableWorker call
SEVERE: null
java.lang.NullPointerException
	at java.base/java.util.Objects.requireNonNull(Objects.java:233)
	at java.base/java.util.Arrays$ArrayList.<init>(Arrays.java:4234)
	at java.base/java.util.Arrays.asList(Arrays.java:4219)
	at ai.glog.execute.workers.TriageAndRemediationCallableWorker.setGeneralRemediation(TriageAndRemediationCallableWorker.java:162)
	at ai.glog.execute.workers.TriageAndRemediationCallableWorker.call(TriageAndRemediationCallableWorker.java:73)
	at ai.glog.execute.workers.TriageAndRemediationCallableWorker.call(TriageAndRemediationCallableWorker.java:31)
	at java.base/java.util.concurrent.FutureTask.run(FutureTask.java:317)
	at java.base/java.util.concurrent.ThreadPoolExecutor.runWorker(ThreadPoolExecutor.java:1144)
	at java.base/java.util.concurrent.ThreadPoolExecutor$Worker.run(ThreadPoolExecutor.java:642)
	at java.base/java.lang.Thread.run(Thread.java:1623)

Oct 06, 2025 5:14:57 PM ai.glog.service.GlogService getFromGlog
SEVERE: java.lang.IllegalStateException: Expected BEGIN_ARRAY but was BEGIN_OBJECT at line 1 column 2 path $
{"detail":"Invalid token."}
com.google.gson.JsonSyntaxException: java.lang.IllegalStateException: Expected BEGIN_ARRAY but was BEGIN_OBJECT at line 1 column 2 path $
	at com.google.gson.Gson.fromJson(Gson.java:1003)
	at com.google.gson.Gson.fromJson(Gson.java:956)
	at com.google.gson.Gson.fromJson(Gson.java:905)
	at ai.glog.service.GlogService.getFromGlog(GlogService.java:174)
	at ai.glog.execute.workers.TriageAndRemediationCallableWorker.setGeneralRemediation(TriageAndRemediationCallableWorker.java:158)
	at ai.glog.execute.workers.TriageAndRemediationCallableWorker.call(TriageAndRemediationCallableWorker.java:73)
	at ai.glog.execute.workers.TriageAndRemediationCallableWorker.call(TriageAndRemediationCallableWorker.java:31)
	at java.base/java.util.concurrent.FutureTask.run(FutureTask.java:317)
	at java.base/java.util.concurrent.ThreadPoolExecutor.runWorker(ThreadPoolExecutor.java:1144)
	at java.base/java.util.concurrent.ThreadPoolExecutor$Worker.run(ThreadPoolExecutor.java:642)
	at java.base/java.lang.Thread.run(Thread.java:1623)
Caused by: java.lang.IllegalStateException: Expected BEGIN_ARRAY but was BEGIN_OBJECT at line 1 column 2 path $
	at com.google.gson.stream.JsonReader.beginArray(JsonReader.java:350)
	at com.google.gson.internal.bind.ArrayTypeAdapter.read(ArrayTypeAdapter.java:70)
	at com.google.gson.Gson.fromJson(Gson.java:991)
	... 10 more

Oct 06, 2025 5:14:57 PM ai.glog.execute.workers.TriageAndRemediationCallableWorker call
SEVERE: null
java.lang.NullPointerException
	at java.base/java.util.Objects.requireNonNull(Objects.java:233)
	at java.base/java.util.Arrays$ArrayList.<init>(Arrays.java:4234)
	at java.base/java.util.Arrays.asList(Arrays.java:4219)
	at ai.glog.execute.workers.TriageAndRemediationCallableWorker.setGeneralRemediation(TriageAndRemediationCallableWorker.java:162)
	at ai.glog.execute.workers.TriageAndRemediationCallableWorker.call(TriageAndRemediationCallableWorker.java:73)
	at ai.glog.execute.workers.TriageAndRemediationCallableWorker.call(TriageAndRemediationCallableWorker.java:31)
	at java.base/java.util.concurrent.FutureTask.run(FutureTask.java:317)
	at java.base/java.util.concurrent.ThreadPoolExecutor.runWorker(ThreadPoolExecutor.java:1144)
	at java.base/java.util.concurrent.ThreadPoolExecutor$Worker.run(ThreadPoolExecutor.java:642)
	at java.base/java.lang.Thread.run(Thread.java:1623)

Oct 06, 2025 5:14:57 PM ai.glog.service.GlogService getFromGlog
SEVERE: java.lang.IllegalStateException: Expected BEGIN_ARRAY but was BEGIN_OBJECT at line 1 column 2 path $
{"detail":"Invalid token."}
com.google.gson.JsonSyntaxException: java.lang.IllegalStateException: Expected BEGIN_ARRAY but was BEGIN_OBJECT at line 1 column 2 path $
	at com.google.gson.Gson.fromJson(Gson.java:1003)
	at com.google.gson.Gson.fromJson(Gson.java:956)
	at com.google.gson.Gson.fromJson(Gson.java:905)
	at ai.glog.service.GlogService.getFromGlog(GlogService.java:174)
	at ai.glog.execute.workers.TriageAndRemediationCallableWorker.setGeneralRemediation(TriageAndRemediationCallableWorker.java:158)
	at ai.glog.execute.workers.TriageAndRemediationCallableWorker.call(TriageAndRemediationCallableWorker.java:73)
	at ai.glog.execute.workers.TriageAndRemediationCallableWorker.call(TriageAndRemediationCallableWorker.java:31)
	at java.base/java.util.concurrent.FutureTask.run(FutureTask.java:317)
	at java.base/java.util.concurrent.ThreadPoolExecutor.runWorker(ThreadPoolExecutor.java:1144)
	at java.base/java.util.concurrent.ThreadPoolExecutor$Worker.run(ThreadPoolExecutor.java:642)
	at java.base/java.lang.Thread.run(Thread.java:1623)
Caused by: java.lang.IllegalStateException: Expected BEGIN_ARRAY but was BEGIN_OBJECT at line 1 column 2 path $
	at com.google.gson.stream.JsonReader.beginArray(JsonReader.java:350)
	at com.google.gson.internal.bind.ArrayTypeAdapter.read(ArrayTypeAdapter.java:70)
	at com.google.gson.Gson.fromJson(Gson.java:991)
	... 10 more

Oct 06, 2025 5:14:57 PM ai.glog.execute.workers.TriageAndRemediationCallableWorker call
SEVERE: null
java.lang.NullPointerException
	at java.base/java.util.Objects.requireNonNull(Objects.java:233)
	at java.base/java.util.Arrays$ArrayList.<init>(Arrays.java:4234)
	at java.base/java.util.Arrays.asList(Arrays.java:4219)
	at ai.glog.execute.workers.TriageAndRemediationCallableWorker.setGeneralRemediation(TriageAndRemediationCallableWorker.java:162)
	at ai.glog.execute.workers.TriageAndRemediationCallableWorker.call(TriageAndRemediationCallableWorker.java:73)
	at ai.glog.execute.workers.TriageAndRemediationCallableWorker.call(TriageAndRemediationCallableWorker.java:31)
	at java.base/java.util.concurrent.FutureTask.run(FutureTask.java:317)
	at java.base/java.util.concurrent.ThreadPoolExecutor.runWorker(ThreadPoolExecutor.java:1144)
	at java.base/java.util.concurrent.ThreadPoolExecutor$Worker.run(ThreadPoolExecutor.java:642)
	at java.base/java.lang.Thread.run(Thread.java:1623)

Oct 06, 2025 5:14:57 PM ai.glog.service.GlogService getFromGlog
SEVERE: java.lang.IllegalStateException: Expected BEGIN_ARRAY but was BEGIN_OBJECT at line 1 column 2 path $
{"detail":"Invalid token."}
com.google.gson.JsonSyntaxException: java.lang.IllegalStateException: Expected BEGIN_ARRAY but was BEGIN_OBJECT at line 1 column 2 path $
	at com.google.gson.Gson.fromJson(Gson.java:1003)
	at com.google.gson.Gson.fromJson(Gson.java:956)
	at com.google.gson.Gson.fromJson(Gson.java:905)
	at ai.glog.service.GlogService.getFromGlog(GlogService.java:174)
	at ai.glog.execute.workers.TriageAndRemediationCallableWorker.setGeneralRemediation(TriageAndRemediationCallableWorker.java:158)
	at ai.glog.execute.workers.TriageAndRemediationCallableWorker.call(TriageAndRemediationCallableWorker.java:73)
	at ai.glog.execute.workers.TriageAndRemediationCallableWorker.call(TriageAndRemediationCallableWorker.java:31)
	at java.base/java.util.concurrent.FutureTask.run(FutureTask.java:317)
	at java.base/java.util.concurrent.ThreadPoolExecutor.runWorker(ThreadPoolExecutor.java:1144)
	at java.base/java.util.concurrent.ThreadPoolExecutor$Worker.run(ThreadPoolExecutor.java:642)
	at java.base/java.lang.Thread.run(Thread.java:1623)
Caused by: java.lang.IllegalStateException: Expected BEGIN_ARRAY but was BEGIN_OBJECT at line 1 column 2 path $
	at com.google.gson.stream.JsonReader.beginArray(JsonReader.java:350)
	at com.google.gson.internal.bind.ArrayTypeAdapter.read(ArrayTypeAdapter.java:70)
	at com.google.gson.Gson.fromJson(Gson.java:991)
	... 10 more

Oct 06, 2025 5:14:57 PM ai.glog.execute.workers.TriageAndRemediationCallableWorker call
SEVERE: null
java.lang.NullPointerException
	at java.base/java.util.Objects.requireNonNull(Objects.java:233)
	at java.base/java.util.Arrays$ArrayList.<init>(Arrays.java:4234)
	at java.base/java.util.Arrays.asList(Arrays.java:4219)
	at ai.glog.execute.workers.TriageAndRemediationCallableWorker.setGeneralRemediation(TriageAndRemediationCallableWorker.java:162)
	at ai.glog.execute.workers.TriageAndRemediationCallableWorker.call(TriageAndRemediationCallableWorker.java:73)
	at ai.glog.execute.workers.TriageAndRemediationCallableWorker.call(TriageAndRemediationCallableWorker.java:31)
	at java.base/java.util.concurrent.FutureTask.run(FutureTask.java:317)
	at java.base/java.util.concurrent.ThreadPoolExecutor.runWorker(ThreadPoolExecutor.java:1144)
	at java.base/java.util.concurrent.ThreadPoolExecutor$Worker.run(ThreadPoolExecutor.java:642)
	at java.base/java.lang.Thread.run(Thread.java:1623)

Oct 06, 2025 5:14:58 PM ai.glog.service.GlogService getFromGlog
SEVERE: java.lang.IllegalStateException: Expected BEGIN_ARRAY but was BEGIN_OBJECT at line 1 column 2 path $
{"detail":"Invalid token."}
com.google.gson.JsonSyntaxException: java.lang.IllegalStateException: Expected BEGIN_ARRAY but was BEGIN_OBJECT at line 1 column 2 path $
	at com.google.gson.Gson.fromJson(Gson.java:1003)
	at com.google.gson.Gson.fromJson(Gson.java:956)
	at com.google.gson.Gson.fromJson(Gson.java:905)
	at ai.glog.service.GlogService.getFromGlog(GlogService.java:174)
	at ai.glog.execute.workers.TriageAndRemediationCallableWorker.setGeneralRemediation(TriageAndRemediationCallableWorker.java:158)
	at ai.glog.execute.workers.TriageAndRemediationCallableWorker.call(TriageAndRemediationCallableWorker.java:73)
	at ai.glog.execute.workers.TriageAndRemediationCallableWorker.call(TriageAndRemediationCallableWorker.java:31)
	at java.base/java.util.concurrent.FutureTask.run(FutureTask.java:317)
	at java.base/java.util.concurrent.ThreadPoolExecutor.runWorker(ThreadPoolExecutor.java:1144)
	at java.base/java.util.concurrent.ThreadPoolExecutor$Worker.run(ThreadPoolExecutor.java:642)
	at java.base/java.lang.Thread.run(Thread.java:1623)
Caused by: java.lang.IllegalStateException: Expected BEGIN_ARRAY but was BEGIN_OBJECT at line 1 column 2 path $
	at com.google.gson.stream.JsonReader.beginArray(JsonReader.java:350)
	at com.google.gson.internal.bind.ArrayTypeAdapter.read(ArrayTypeAdapter.java:70)
	at com.google.gson.Gson.fromJson(Gson.java:991)
	... 10 more

Oct 06, 2025 5:14:58 PM ai.glog.execute.workers.TriageAndRemediationCallableWorker call
SEVERE: null
java.lang.NullPointerException
	at java.base/java.util.Objects.requireNonNull(Objects.java:233)
	at java.base/java.util.Arrays$ArrayList.<init>(Arrays.java:4234)
	at java.base/java.util.Arrays.asList(Arrays.java:4219)
	at ai.glog.execute.workers.TriageAndRemediationCallableWorker.setGeneralRemediation(TriageAndRemediationCallableWorker.java:162)
	at ai.glog.execute.workers.TriageAndRemediationCallableWorker.call(TriageAndRemediationCallableWorker.java:73)
	at ai.glog.execute.workers.TriageAndRemediationCallableWorker.call(TriageAndRemediationCallableWorker.java:31)
	at java.base/java.util.concurrent.FutureTask.run(FutureTask.java:317)
	at java.base/java.util.concurrent.ThreadPoolExecutor.runWorker(ThreadPoolExecutor.java:1144)
	at java.base/java.util.concurrent.ThreadPoolExecutor$Worker.run(ThreadPoolExecutor.java:642)
	at java.base/java.lang.Thread.run(Thread.java:1623)

Oct 06, 2025 5:14:58 PM ai.glog.execute.workers.TriageAndRemediationCallableWorker isFalsePositive
SEVERE: {
  "ruleId" : "DS154189",
  "ruleIndex" : null,
  "rule" : null,
  "kind" : "FAIL",
  "level" : "WARNING",
  "message" : {
    "text" : "Banned C function detected",
    "markdown" : null,
    "id" : null,
    "arguments" : null,
    "properties" : null
  },
  "analysisTarget" : null,
  "locations" : [ {
    "id" : null,
    "physicalLocation" : {
      "address" : null,
      "artifactLocation" : {
        "uri" : "src/amd_smi/fdinfo.cc",
        "uriBaseId" : null,
        "index" : null,
        "description" : null,
        "properties" : null
      },
      "region" : {
        "startLine" : 179,
        "startColumn" : 18,
        "endLine" : 179,
        "endColumn" : 24,
        "charOffset" : 6455,
        "charLength" : 6,
        "byteOffset" : null,
        "byteLength" : null,
        "snippet" : {
          "text" : "sscanf",
          "binary" : null,
          "rendered" : {
            "text" : "sscanf",
            "markdown" : "`sscanf`",
            "properties" : null
          },
          "properties" : null
        },
        "message" : null,
        "sourceLanguage" : "cpp",
        "properties" : null
      },
      "contextRegion" : null,
      "properties" : null
    },
    "logicalLocations" : null,
    "message" : null,
    "annotations" : null,
    "relationships" : null,
    "properties" : null
  } ],
  "guid" : null,
  "correlationGuid" : null,
  "occurrenceCount" : null,
  "partialFingerprints" : null,
  "fingerprints" : null,
  "stacks" : null,
  "codeFlows" : null,
  "graphs" : null,
  "graphTraversals" : null,
  "relatedLocations" : null,
  "suppressions" : null,
  "baselineState" : null,
  "rank" : null,
  "attachments" : null,
  "hostedViewerUri" : null,
  "workItemUris" : null,
  "provenance" : null,
  "fixes" : null,
  "taxa" : null,
  "webRequest" : null,
  "webResponse" : null,
  "properties" : {
    "DevSkimSeverity" : "Moderate",
    "DevSkimConfidence" : "High"
  }
}
java.util.NoSuchElementException: next on empty iterator
	at scala.collection.Iterator$$anon$19.next(Iterator.scala:973)
	at scala.collection.Iterator$$anon$19.next(Iterator.scala:971)
	at scala.collection.Iterator$$anon$6.next(Iterator.scala:492)
	at flatgraph.traversal.GenericSteps$.head$extension(Language.scala:80)
	at ai.glog.cpg.analysis.SinkAnalyzer$.getSink(SinkAnalyzer.scala:29)
	at ai.glog.cpg.analysis.SinkAnalyzer.getSink(SinkAnalyzer.scala)
	at ai.glog.reporting.Sarif.getSinkCpg(Sarif.java:187)
	at ai.glog.plugins.devskim.rules.resolve.DangerousCFunctionDetectedResolver.isFalsePositive(DangerousCFunctionDetectedResolver.java:22)
	at ai.glog.execute.workers.TriageAndRemediationCallableWorker.isFalsePositive(TriageAndRemediationCallableWorker.java:116)
	at ai.glog.execute.workers.TriageAndRemediationCallableWorker.call(TriageAndRemediationCallableWorker.java:66)
	at ai.glog.execute.workers.TriageAndRemediationCallableWorker.call(TriageAndRemediationCallableWorker.java:31)
	at java.base/java.util.concurrent.FutureTask.run(FutureTask.java:317)
	at java.base/java.util.concurrent.ThreadPoolExecutor.runWorker(ThreadPoolExecutor.java:1144)
	at java.base/java.util.concurrent.ThreadPoolExecutor$Worker.run(ThreadPoolExecutor.java:642)
	at java.base/java.lang.Thread.run(Thread.java:1623)

Oct 06, 2025 5:14:58 PM ai.glog.execute.workers.TriageAndRemediationCallableWorker isFalsePositive
SEVERE: next on empty iterator
java.util.NoSuchElementException: next on empty iterator
	at scala.collection.Iterator$$anon$19.next(Iterator.scala:973)
	at scala.collection.Iterator$$anon$19.next(Iterator.scala:971)
	at scala.collection.Iterator$$anon$6.next(Iterator.scala:492)
	at flatgraph.traversal.GenericSteps$.head$extension(Language.scala:80)
	at ai.glog.cpg.analysis.SinkAnalyzer$.getSink(SinkAnalyzer.scala:29)
	at ai.glog.cpg.analysis.SinkAnalyzer.getSink(SinkAnalyzer.scala)
	at ai.glog.reporting.Sarif.getSinkCpg(Sarif.java:187)
	at ai.glog.plugins.devskim.rules.resolve.DangerousCFunctionDetectedResolver.isFalsePositive(DangerousCFunctionDetectedResolver.java:22)
	at ai.glog.execute.workers.TriageAndRemediationCallableWorker.isFalsePositive(TriageAndRemediationCallableWorker.java:116)
	at ai.glog.execute.workers.TriageAndRemediationCallableWorker.call(TriageAndRemediationCallableWorker.java:66)
	at ai.glog.execute.workers.TriageAndRemediationCallableWorker.call(TriageAndRemediationCallableWorker.java:31)
	at java.base/java.util.concurrent.FutureTask.run(FutureTask.java:317)
	at java.base/java.util.concurrent.ThreadPoolExecutor.runWorker(ThreadPoolExecutor.java:1144)
	at java.base/java.util.concurrent.ThreadPoolExecutor$Worker.run(ThreadPoolExecutor.java:642)
	at java.base/java.lang.Thread.run(Thread.java:1623)

Oct 06, 2025 5:14:59 PM ai.glog.service.GlogService getFromGlog
SEVERE: java.lang.IllegalStateException: Expected BEGIN_ARRAY but was BEGIN_OBJECT at line 1 column 2 path $
{"detail":"Invalid token."}
com.google.gson.JsonSyntaxException: java.lang.IllegalStateException: Expected BEGIN_ARRAY but was BEGIN_OBJECT at line 1 column 2 path $
	at com.google.gson.Gson.fromJson(Gson.java:1003)
	at com.google.gson.Gson.fromJson(Gson.java:956)
	at com.google.gson.Gson.fromJson(Gson.java:905)
	at ai.glog.service.GlogService.getFromGlog(GlogService.java:174)
	at ai.glog.execute.workers.TriageAndRemediationCallableWorker.setGeneralRemediation(TriageAndRemediationCallableWorker.java:158)
	at ai.glog.execute.workers.TriageAndRemediationCallableWorker.call(TriageAndRemediationCallableWorker.java:73)
	at ai.glog.execute.workers.TriageAndRemediationCallableWorker.call(TriageAndRemediationCallableWorker.java:31)
	at java.base/java.util.concurrent.FutureTask.run(FutureTask.java:317)
	at java.base/java.util.concurrent.ThreadPoolExecutor.runWorker(ThreadPoolExecutor.java:1144)
	at java.base/java.util.concurrent.ThreadPoolExecutor$Worker.run(ThreadPoolExecutor.java:642)
	at java.base/java.lang.Thread.run(Thread.java:1623)
Caused by: java.lang.IllegalStateException: Expected BEGIN_ARRAY but was BEGIN_OBJECT at line 1 column 2 path $
	at com.google.gson.stream.JsonReader.beginArray(JsonReader.java:350)
	at com.google.gson.internal.bind.ArrayTypeAdapter.read(ArrayTypeAdapter.java:70)
	at com.google.gson.Gson.fromJson(Gson.java:991)
	... 10 more

Oct 06, 2025 5:14:59 PM ai.glog.execute.workers.TriageAndRemediationCallableWorker call
SEVERE: null
java.lang.NullPointerException
	at java.base/java.util.Objects.requireNonNull(Objects.java:233)
	at java.base/java.util.Arrays$ArrayList.<init>(Arrays.java:4234)
	at java.base/java.util.Arrays.asList(Arrays.java:4219)
	at ai.glog.execute.workers.TriageAndRemediationCallableWorker.setGeneralRemediation(TriageAndRemediationCallableWorker.java:162)
	at ai.glog.execute.workers.TriageAndRemediationCallableWorker.call(TriageAndRemediationCallableWorker.java:73)
	at ai.glog.execute.workers.TriageAndRemediationCallableWorker.call(TriageAndRemediationCallableWorker.java:31)
	at java.base/java.util.concurrent.FutureTask.run(FutureTask.java:317)
	at java.base/java.util.concurrent.ThreadPoolExecutor.runWorker(ThreadPoolExecutor.java:1144)
	at java.base/java.util.concurrent.ThreadPoolExecutor$Worker.run(ThreadPoolExecutor.java:642)
	at java.base/java.lang.Thread.run(Thread.java:1623)

Oct 06, 2025 5:14:59 PM ai.glog.execute.workers.TriageAndRemediationCallableWorker isFalsePositive
SEVERE: {
  "ruleId" : "DS154189",
  "ruleIndex" : null,
  "rule" : null,
  "kind" : "FAIL",
  "level" : "WARNING",
  "message" : {
    "text" : "Banned C function detected",
    "markdown" : null,
    "id" : null,
    "arguments" : null,
    "properties" : null
  },
  "analysisTarget" : null,
  "locations" : [ {
    "id" : null,
    "physicalLocation" : {
      "address" : null,
      "artifactLocation" : {
        "uri" : "src/amd_smi/fdinfo.cc",
        "uriBaseId" : null,
        "index" : null,
        "description" : null,
        "properties" : null
      },
      "region" : {
        "startLine" : 175,
        "startColumn" : 18,
        "endLine" : 175,
        "endColumn" : 24,
        "charOffset" : 6198,
        "charLength" : 6,
        "byteOffset" : null,
        "byteLength" : null,
        "snippet" : {
          "text" : "sscanf",
          "binary" : null,
          "rendered" : {
            "text" : "sscanf",
            "markdown" : "`sscanf`",
            "properties" : null
          },
          "properties" : null
        },
        "message" : null,
        "sourceLanguage" : "cpp",
        "properties" : null
      },
      "contextRegion" : null,
      "properties" : null
    },
    "logicalLocations" : null,
    "message" : null,
    "annotations" : null,
    "relationships" : null,
    "properties" : null
  } ],
  "guid" : null,
  "correlationGuid" : null,
  "occurrenceCount" : null,
  "partialFingerprints" : null,
  "fingerprints" : null,
  "stacks" : null,
  "codeFlows" : null,
  "graphs" : null,
  "graphTraversals" : null,
  "relatedLocations" : null,
  "suppressions" : null,
  "baselineState" : null,
  "rank" : null,
  "attachments" : null,
  "hostedViewerUri" : null,
  "workItemUris" : null,
  "provenance" : null,
  "fixes" : null,
  "taxa" : null,
  "webRequest" : null,
  "webResponse" : null,
  "properties" : {
    "DevSkimSeverity" : "Moderate",
    "DevSkimConfidence" : "High"
  }
}
java.util.NoSuchElementException: next on empty iterator
	at scala.collection.Iterator$$anon$19.next(Iterator.scala:973)
	at scala.collection.Iterator$$anon$19.next(Iterator.scala:971)
	at scala.collection.Iterator$$anon$6.next(Iterator.scala:492)
	at flatgraph.traversal.GenericSteps$.head$extension(Language.scala:80)
	at ai.glog.cpg.analysis.SinkAnalyzer$.getSink(SinkAnalyzer.scala:29)
	at ai.glog.cpg.analysis.SinkAnalyzer.getSink(SinkAnalyzer.scala)
	at ai.glog.reporting.Sarif.getSinkCpg(Sarif.java:187)
	at ai.glog.plugins.devskim.rules.resolve.DangerousCFunctionDetectedResolver.isFalsePositive(DangerousCFunctionDetectedResolver.java:22)
	at ai.glog.execute.workers.TriageAndRemediationCallableWorker.isFalsePositive(TriageAndRemediationCallableWorker.java:116)
	at ai.glog.execute.workers.TriageAndRemediationCallableWorker.call(TriageAndRemediationCallableWorker.java:66)
	at ai.glog.execute.workers.TriageAndRemediationCallableWorker.call(TriageAndRemediationCallableWorker.java:31)
	at java.base/java.util.concurrent.FutureTask.run(FutureTask.java:317)
	at java.base/java.util.concurrent.ThreadPoolExecutor.runWorker(ThreadPoolExecutor.java:1144)
	at java.base/java.util.concurrent.ThreadPoolExecutor$Worker.run(ThreadPoolExecutor.java:642)
	at java.base/java.lang.Thread.run(Thread.java:1623)

Oct 06, 2025 5:14:59 PM ai.glog.execute.workers.TriageAndRemediationCallableWorker isFalsePositive
SEVERE: next on empty iterator
java.util.NoSuchElementException: next on empty iterator
	at scala.collection.Iterator$$anon$19.next(Iterator.scala:973)
	at scala.collection.Iterator$$anon$19.next(Iterator.scala:971)
	at scala.collection.Iterator$$anon$6.next(Iterator.scala:492)
	at flatgraph.traversal.GenericSteps$.head$extension(Language.scala:80)
	at ai.glog.cpg.analysis.SinkAnalyzer$.getSink(SinkAnalyzer.scala:29)
	at ai.glog.cpg.analysis.SinkAnalyzer.getSink(SinkAnalyzer.scala)
	at ai.glog.reporting.Sarif.getSinkCpg(Sarif.java:187)
	at ai.glog.plugins.devskim.rules.resolve.DangerousCFunctionDetectedResolver.isFalsePositive(DangerousCFunctionDetectedResolver.java:22)
	at ai.glog.execute.workers.TriageAndRemediationCallableWorker.isFalsePositive(TriageAndRemediationCallableWorker.java:116)
	at ai.glog.execute.workers.TriageAndRemediationCallableWorker.call(TriageAndRemediationCallableWorker.java:66)
	at ai.glog.execute.workers.TriageAndRemediationCallableWorker.call(TriageAndRemediationCallableWorker.java:31)
	at java.base/java.util.concurrent.FutureTask.run(FutureTask.java:317)
	at java.base/java.util.concurrent.ThreadPoolExecutor.runWorker(ThreadPoolExecutor.java:1144)
	at java.base/java.util.concurrent.ThreadPoolExecutor$Worker.run(ThreadPoolExecutor.java:642)
	at java.base/java.lang.Thread.run(Thread.java:1623)

Oct 06, 2025 5:15:00 PM ai.glog.service.GlogService getFromGlog
SEVERE: java.lang.IllegalStateException: Expected BEGIN_ARRAY but was BEGIN_OBJECT at line 1 column 2 path $
{"detail":"Invalid token."}
com.google.gson.JsonSyntaxException: java.lang.IllegalStateException: Expected BEGIN_ARRAY but was BEGIN_OBJECT at line 1 column 2 path $
	at com.google.gson.Gson.fromJson(Gson.java:1003)
	at com.google.gson.Gson.fromJson(Gson.java:956)
	at com.google.gson.Gson.fromJson(Gson.java:905)
	at ai.glog.service.GlogService.getFromGlog(GlogService.java:174)
	at ai.glog.execute.workers.TriageAndRemediationCallableWorker.setGeneralRemediation(TriageAndRemediationCallableWorker.java:158)
	at ai.glog.execute.workers.TriageAndRemediationCallableWorker.call(TriageAndRemediationCallableWorker.java:73)
	at ai.glog.execute.workers.TriageAndRemediationCallableWorker.call(TriageAndRemediationCallableWorker.java:31)
	at java.base/java.util.concurrent.FutureTask.run(FutureTask.java:317)
	at java.base/java.util.concurrent.ThreadPoolExecutor.runWorker(ThreadPoolExecutor.java:1144)
	at java.base/java.util.concurrent.ThreadPoolExecutor$Worker.run(ThreadPoolExecutor.java:642)
	at java.base/java.lang.Thread.run(Thread.java:1623)
Caused by: java.lang.IllegalStateException: Expected BEGIN_ARRAY but was BEGIN_OBJECT at line 1 column 2 path $
	at com.google.gson.stream.JsonReader.beginArray(JsonReader.java:350)
	at com.google.gson.internal.bind.ArrayTypeAdapter.read(ArrayTypeAdapter.java:70)
	at com.google.gson.Gson.fromJson(Gson.java:991)
	... 10 more

Oct 06, 2025 5:15:00 PM ai.glog.execute.workers.TriageAndRemediationCallableWorker call
SEVERE: null
java.lang.NullPointerException
	at java.base/java.util.Objects.requireNonNull(Objects.java:233)
	at java.base/java.util.Arrays$ArrayList.<init>(Arrays.java:4234)
	at java.base/java.util.Arrays.asList(Arrays.java:4219)
	at ai.glog.execute.workers.TriageAndRemediationCallableWorker.setGeneralRemediation(TriageAndRemediationCallableWorker.java:162)
	at ai.glog.execute.workers.TriageAndRemediationCallableWorker.call(TriageAndRemediationCallableWorker.java:73)
	at ai.glog.execute.workers.TriageAndRemediationCallableWorker.call(TriageAndRemediationCallableWorker.java:31)
	at java.base/java.util.concurrent.FutureTask.run(FutureTask.java:317)
	at java.base/java.util.concurrent.ThreadPoolExecutor.runWorker(ThreadPoolExecutor.java:1144)
	at java.base/java.util.concurrent.ThreadPoolExecutor$Worker.run(ThreadPoolExecutor.java:642)
	at java.base/java.lang.Thread.run(Thread.java:1623)

Oct 06, 2025 5:15:00 PM ai.glog.execute.workers.TriageAndRemediationCallableWorker isFalsePositive
SEVERE: {
  "ruleId" : "DS154189",
  "ruleIndex" : null,
  "rule" : null,
  "kind" : "FAIL",
  "level" : "WARNING",
  "message" : {
    "text" : "Banned C function detected",
    "markdown" : null,
    "id" : null,
    "arguments" : null,
    "properties" : null
  },
  "analysisTarget" : null,
  "locations" : [ {
    "id" : null,
    "physicalLocation" : {
      "address" : null,
      "artifactLocation" : {
        "uri" : "src/amd_smi/fdinfo.cc",
        "uriBaseId" : null,
        "index" : null,
        "description" : null,
        "properties" : null
      },
      "region" : {
        "startLine" : 170,
        "startColumn" : 18,
        "endLine" : 170,
        "endColumn" : 24,
        "charOffset" : 5903,
        "charLength" : 6,
        "byteOffset" : null,
        "byteLength" : null,
        "snippet" : {
          "text" : "sscanf",
          "binary" : null,
          "rendered" : {
            "text" : "sscanf",
            "markdown" : "`sscanf`",
            "properties" : null
          },
          "properties" : null
        },
        "message" : null,
        "sourceLanguage" : "cpp",
        "properties" : null
      },
      "contextRegion" : null,
      "properties" : null
    },
    "logicalLocations" : null,
    "message" : null,
    "annotations" : null,
    "relationships" : null,
    "properties" : null
  } ],
  "guid" : null,
  "correlationGuid" : null,
  "occurrenceCount" : null,
  "partialFingerprints" : null,
  "fingerprints" : null,
  "stacks" : null,
  "codeFlows" : null,
  "graphs" : null,
  "graphTraversals" : null,
  "relatedLocations" : null,
  "suppressions" : null,
  "baselineState" : null,
  "rank" : null,
  "attachments" : null,
  "hostedViewerUri" : null,
  "workItemUris" : null,
  "provenance" : null,
  "fixes" : null,
  "taxa" : null,
  "webRequest" : null,
  "webResponse" : null,
  "properties" : {
    "DevSkimSeverity" : "Moderate",
    "DevSkimConfidence" : "High"
  }
}
java.util.NoSuchElementException: next on empty iterator
	at scala.collection.Iterator$$anon$19.next(Iterator.scala:973)
	at scala.collection.Iterator$$anon$19.next(Iterator.scala:971)
	at scala.collection.Iterator$$anon$6.next(Iterator.scala:492)
	at flatgraph.traversal.GenericSteps$.head$extension(Language.scala:80)
	at ai.glog.cpg.analysis.SinkAnalyzer$.getSink(SinkAnalyzer.scala:29)
	at ai.glog.cpg.analysis.SinkAnalyzer.getSink(SinkAnalyzer.scala)
	at ai.glog.reporting.Sarif.getSinkCpg(Sarif.java:187)
	at ai.glog.plugins.devskim.rules.resolve.DangerousCFunctionDetectedResolver.isFalsePositive(DangerousCFunctionDetectedResolver.java:22)
	at ai.glog.execute.workers.TriageAndRemediationCallableWorker.isFalsePositive(TriageAndRemediationCallableWorker.java:116)
	at ai.glog.execute.workers.TriageAndRemediationCallableWorker.call(TriageAndRemediationCallableWorker.java:66)
	at ai.glog.execute.workers.TriageAndRemediationCallableWorker.call(TriageAndRemediationCallableWorker.java:31)
	at java.base/java.util.concurrent.FutureTask.run(FutureTask.java:317)
	at java.base/java.util.concurrent.ThreadPoolExecutor.runWorker(ThreadPoolExecutor.java:1144)
	at java.base/java.util.concurrent.ThreadPoolExecutor$Worker.run(ThreadPoolExecutor.java:642)
	at java.base/java.lang.Thread.run(Thread.java:1623)

Oct 06, 2025 5:15:00 PM ai.glog.execute.workers.TriageAndRemediationCallableWorker isFalsePositive
SEVERE: next on empty iterator
java.util.NoSuchElementException: next on empty iterator
	at scala.collection.Iterator$$anon$19.next(Iterator.scala:973)
	at scala.collection.Iterator$$anon$19.next(Iterator.scala:971)
	at scala.collection.Iterator$$anon$6.next(Iterator.scala:492)
	at flatgraph.traversal.GenericSteps$.head$extension(Language.scala:80)
	at ai.glog.cpg.analysis.SinkAnalyzer$.getSink(SinkAnalyzer.scala:29)
	at ai.glog.cpg.analysis.SinkAnalyzer.getSink(SinkAnalyzer.scala)
	at ai.glog.reporting.Sarif.getSinkCpg(Sarif.java:187)
	at ai.glog.plugins.devskim.rules.resolve.DangerousCFunctionDetectedResolver.isFalsePositive(DangerousCFunctionDetectedResolver.java:22)
	at ai.glog.execute.workers.TriageAndRemediationCallableWorker.isFalsePositive(TriageAndRemediationCallableWorker.java:116)
	at ai.glog.execute.workers.TriageAndRemediationCallableWorker.call(TriageAndRemediationCallableWorker.java:66)
	at ai.glog.execute.workers.TriageAndRemediationCallableWorker.call(TriageAndRemediationCallableWorker.java:31)
	at java.base/java.util.concurrent.FutureTask.run(FutureTask.java:317)
	at java.base/java.util.concurrent.ThreadPoolExecutor.runWorker(ThreadPoolExecutor.java:1144)
	at java.base/java.util.concurrent.ThreadPoolExecutor$Worker.run(ThreadPoolExecutor.java:642)
	at java.base/java.lang.Thread.run(Thread.java:1623)

Oct 06, 2025 5:15:00 PM ai.glog.execute.workers.TriageAndRemediationCallableWorker isFalsePositive
SEVERE: {
  "ruleId" : "DS154189",
  "ruleIndex" : null,
  "rule" : null,
  "kind" : "FAIL",
  "level" : "WARNING",
  "message" : {
    "text" : "Banned C function detected",
    "markdown" : null,
    "id" : null,
    "arguments" : null,
    "properties" : null
  },
  "analysisTarget" : null,
  "locations" : [ {
    "id" : null,
    "physicalLocation" : {
      "address" : null,
      "artifactLocation" : {
        "uri" : "src/amd_smi/fdinfo.cc",
        "uriBaseId" : null,
        "index" : null,
        "description" : null,
        "properties" : null
      },
      "region" : {
        "startLine" : 165,
        "startColumn" : 18,
        "endLine" : 165,
        "endColumn" : 24,
        "charOffset" : 5610,
        "charLength" : 6,
        "byteOffset" : null,
        "byteLength" : null,
        "snippet" : {
          "text" : "sscanf",
          "binary" : null,
          "rendered" : {
            "text" : "sscanf",
            "markdown" : "`sscanf`",
            "properties" : null
          },
          "properties" : null
        },
        "message" : null,
        "sourceLanguage" : "cpp",
        "properties" : null
      },
      "contextRegion" : null,
      "properties" : null
    },
    "logicalLocations" : null,
    "message" : null,
    "annotations" : null,
    "relationships" : null,
    "properties" : null
  } ],
  "guid" : null,
  "correlationGuid" : null,
  "occurrenceCount" : null,
  "partialFingerprints" : null,
  "fingerprints" : null,
  "stacks" : null,
  "codeFlows" : null,
  "graphs" : null,
  "graphTraversals" : null,
  "relatedLocations" : null,
  "suppressions" : null,
  "baselineState" : null,
  "rank" : null,
  "attachments" : null,
  "hostedViewerUri" : null,
  "workItemUris" : null,
  "provenance" : null,
  "fixes" : null,
  "taxa" : null,
  "webRequest" : null,
  "webResponse" : null,
  "properties" : {
    "DevSkimSeverity" : "Moderate",
    "DevSkimConfidence" : "High"
  }
}
java.util.NoSuchElementException: next on empty iterator
	at scala.collection.Iterator$$anon$19.next(Iterator.scala:973)
	at scala.collection.Iterator$$anon$19.next(Iterator.scala:971)
	at scala.collection.Iterator$$anon$6.next(Iterator.scala:492)
	at flatgraph.traversal.GenericSteps$.head$extension(Language.scala:80)
	at ai.glog.cpg.analysis.SinkAnalyzer$.getSink(SinkAnalyzer.scala:29)
	at ai.glog.cpg.analysis.SinkAnalyzer.getSink(SinkAnalyzer.scala)
	at ai.glog.reporting.Sarif.getSinkCpg(Sarif.java:187)
	at ai.glog.plugins.devskim.rules.resolve.DangerousCFunctionDetectedResolver.isFalsePositive(DangerousCFunctionDetectedResolver.java:22)
	at ai.glog.execute.workers.TriageAndRemediationCallableWorker.isFalsePositive(TriageAndRemediationCallableWorker.java:116)
	at ai.glog.execute.workers.TriageAndRemediationCallableWorker.call(TriageAndRemediationCallableWorker.java:66)
	at ai.glog.execute.workers.TriageAndRemediationCallableWorker.call(TriageAndRemediationCallableWorker.java:31)
	at java.base/java.util.concurrent.FutureTask.run(FutureTask.java:317)
	at java.base/java.util.concurrent.ThreadPoolExecutor.runWorker(ThreadPoolExecutor.java:1144)
	at java.base/java.util.concurrent.ThreadPoolExecutor$Worker.run(ThreadPoolExecutor.java:642)
	at java.base/java.lang.Thread.run(Thread.java:1623)

Oct 06, 2025 5:15:00 PM ai.glog.execute.workers.TriageAndRemediationCallableWorker isFalsePositive
SEVERE: next on empty iterator
java.util.NoSuchElementException: next on empty iterator
	at scala.collection.Iterator$$anon$19.next(Iterator.scala:973)
	at scala.collection.Iterator$$anon$19.next(Iterator.scala:971)
	at scala.collection.Iterator$$anon$6.next(Iterator.scala:492)
	at flatgraph.traversal.GenericSteps$.head$extension(Language.scala:80)
	at ai.glog.cpg.analysis.SinkAnalyzer$.getSink(SinkAnalyzer.scala:29)
	at ai.glog.cpg.analysis.SinkAnalyzer.getSink(SinkAnalyzer.scala)
	at ai.glog.reporting.Sarif.getSinkCpg(Sarif.java:187)
	at ai.glog.plugins.devskim.rules.resolve.DangerousCFunctionDetectedResolver.isFalsePositive(DangerousCFunctionDetectedResolver.java:22)
	at ai.glog.execute.workers.TriageAndRemediationCallableWorker.isFalsePositive(TriageAndRemediationCallableWorker.java:116)
	at ai.glog.execute.workers.TriageAndRemediationCallableWorker.call(TriageAndRemediationCallableWorker.java:66)
	at ai.glog.execute.workers.TriageAndRemediationCallableWorker.call(TriageAndRemediationCallableWorker.java:31)
	at java.base/java.util.concurrent.FutureTask.run(FutureTask.java:317)
	at java.base/java.util.concurrent.ThreadPoolExecutor.runWorker(ThreadPoolExecutor.java:1144)
	at java.base/java.util.concurrent.ThreadPoolExecutor$Worker.run(ThreadPoolExecutor.java:642)
	at java.base/java.lang.Thread.run(Thread.java:1623)

Oct 06, 2025 5:15:00 PM ai.glog.execute.workers.TriageAndRemediationCallableWorker isFalsePositive
SEVERE: {
  "ruleId" : "DS154189",
  "ruleIndex" : null,
  "rule" : null,
  "kind" : "FAIL",
  "level" : "WARNING",
  "message" : {
    "text" : "Banned C function detected",
    "markdown" : null,
    "id" : null,
    "arguments" : null,
    "properties" : null
  },
  "analysisTarget" : null,
  "locations" : [ {
    "id" : null,
    "physicalLocation" : {
      "address" : null,
      "artifactLocation" : {
        "uri" : "src/amd_smi/fdinfo.cc",
        "uriBaseId" : null,
        "index" : null,
        "description" : null,
        "properties" : null
      },
      "region" : {
        "startLine" : 160,
        "startColumn" : 18,
        "endLine" : 160,
        "endColumn" : 24,
        "charOffset" : 5318,
        "charLength" : 6,
        "byteOffset" : null,
        "byteLength" : null,
        "snippet" : {
          "text" : "sscanf",
          "binary" : null,
          "rendered" : {
            "text" : "sscanf",
            "markdown" : "`sscanf`",
            "properties" : null
          },
          "properties" : null
        },
        "message" : null,
        "sourceLanguage" : "cpp",
        "properties" : null
      },
      "contextRegion" : null,
      "properties" : null
    },
    "logicalLocations" : null,
    "message" : null,
    "annotations" : null,
    "relationships" : null,
    "properties" : null
  } ],
  "guid" : null,
  "correlationGuid" : null,
  "occurrenceCount" : null,
  "partialFingerprints" : null,
  "fingerprints" : null,
  "stacks" : null,
  "codeFlows" : null,
  "graphs" : null,
  "graphTraversals" : null,
  "relatedLocations" : null,
  "suppressions" : null,
  "baselineState" : null,
  "rank" : null,
  "attachments" : null,
  "hostedViewerUri" : null,
  "workItemUris" : null,
  "provenance" : null,
  "fixes" : null,
  "taxa" : null,
  "webRequest" : null,
  "webResponse" : null,
  "properties" : {
    "DevSkimSeverity" : "Moderate",
    "DevSkimConfidence" : "High"
  }
}
java.util.NoSuchElementException: next on empty iterator
	at scala.collection.Iterator$$anon$19.next(Iterator.scala:973)
	at scala.collection.Iterator$$anon$19.next(Iterator.scala:971)
	at scala.collection.Iterator$$anon$6.next(Iterator.scala:492)
	at flatgraph.traversal.GenericSteps$.head$extension(Language.scala:80)
	at ai.glog.cpg.analysis.SinkAnalyzer$.getSink(SinkAnalyzer.scala:29)
	at ai.glog.cpg.analysis.SinkAnalyzer.getSink(SinkAnalyzer.scala)
	at ai.glog.reporting.Sarif.getSinkCpg(Sarif.java:187)
	at ai.glog.plugins.devskim.rules.resolve.DangerousCFunctionDetectedResolver.isFalsePositive(DangerousCFunctionDetectedResolver.java:22)
	at ai.glog.execute.workers.TriageAndRemediationCallableWorker.isFalsePositive(TriageAndRemediationCallableWorker.java:116)
	at ai.glog.execute.workers.TriageAndRemediationCallableWorker.call(TriageAndRemediationCallableWorker.java:66)
	at ai.glog.execute.workers.TriageAndRemediationCallableWorker.call(TriageAndRemediationCallableWorker.java:31)
	at java.base/java.util.concurrent.FutureTask.run(FutureTask.java:317)
	at java.base/java.util.concurrent.ThreadPoolExecutor.runWorker(ThreadPoolExecutor.java:1144)
	at java.base/java.util.concurrent.ThreadPoolExecutor$Worker.run(ThreadPoolExecutor.java:642)
	at java.base/java.lang.Thread.run(Thread.java:1623)

Oct 06, 2025 5:15:00 PM ai.glog.execute.workers.TriageAndRemediationCallableWorker isFalsePositive
SEVERE: next on empty iterator
java.util.NoSuchElementException: next on empty iterator
	at scala.collection.Iterator$$anon$19.next(Iterator.scala:973)
	at scala.collection.Iterator$$anon$19.next(Iterator.scala:971)
	at scala.collection.Iterator$$anon$6.next(Iterator.scala:492)
	at flatgraph.traversal.GenericSteps$.head$extension(Language.scala:80)
	at ai.glog.cpg.analysis.SinkAnalyzer$.getSink(SinkAnalyzer.scala:29)
	at ai.glog.cpg.analysis.SinkAnalyzer.getSink(SinkAnalyzer.scala)
	at ai.glog.reporting.Sarif.getSinkCpg(Sarif.java:187)
	at ai.glog.plugins.devskim.rules.resolve.DangerousCFunctionDetectedResolver.isFalsePositive(DangerousCFunctionDetectedResolver.java:22)
	at ai.glog.execute.workers.TriageAndRemediationCallableWorker.isFalsePositive(TriageAndRemediationCallableWorker.java:116)
	at ai.glog.execute.workers.TriageAndRemediationCallableWorker.call(TriageAndRemediationCallableWorker.java:66)
	at ai.glog.execute.workers.TriageAndRemediationCallableWorker.call(TriageAndRemediationCallableWorker.java:31)
	at java.base/java.util.concurrent.FutureTask.run(FutureTask.java:317)
	at java.base/java.util.concurrent.ThreadPoolExecutor.runWorker(ThreadPoolExecutor.java:1144)
	at java.base/java.util.concurrent.ThreadPoolExecutor$Worker.run(ThreadPoolExecutor.java:642)
	at java.base/java.lang.Thread.run(Thread.java:1623)

Oct 06, 2025 5:15:00 PM ai.glog.service.GlogService getFromGlog
SEVERE: java.lang.IllegalStateException: Expected BEGIN_ARRAY but was BEGIN_OBJECT at line 1 column 2 path $
{"detail":"Invalid token."}
com.google.gson.JsonSyntaxException: java.lang.IllegalStateException: Expected BEGIN_ARRAY but was BEGIN_OBJECT at line 1 column 2 path $
	at com.google.gson.Gson.fromJson(Gson.java:1003)
	at com.google.gson.Gson.fromJson(Gson.java:956)
	at com.google.gson.Gson.fromJson(Gson.java:905)
	at ai.glog.service.GlogService.getFromGlog(GlogService.java:174)
	at ai.glog.execute.workers.TriageAndRemediationCallableWorker.setGeneralRemediation(TriageAndRemediationCallableWorker.java:158)
	at ai.glog.execute.workers.TriageAndRemediationCallableWorker.call(TriageAndRemediationCallableWorker.java:73)
	at ai.glog.execute.workers.TriageAndRemediationCallableWorker.call(TriageAndRemediationCallableWorker.java:31)
	at java.base/java.util.concurrent.FutureTask.run(FutureTask.java:317)
	at java.base/java.util.concurrent.ThreadPoolExecutor.runWorker(ThreadPoolExecutor.java:1144)
	at java.base/java.util.concurrent.ThreadPoolExecutor$Worker.run(ThreadPoolExecutor.java:642)
	at java.base/java.lang.Thread.run(Thread.java:1623)
Caused by: java.lang.IllegalStateException: Expected BEGIN_ARRAY but was BEGIN_OBJECT at line 1 column 2 path $
	at com.google.gson.stream.JsonReader.beginArray(JsonReader.java:350)
	at com.google.gson.internal.bind.ArrayTypeAdapter.read(ArrayTypeAdapter.java:70)
	at com.google.gson.Gson.fromJson(Gson.java:991)
	... 10 more

Oct 06, 2025 5:15:00 PM ai.glog.execute.workers.TriageAndRemediationCallableWorker call
SEVERE: null
java.lang.NullPointerException
	at java.base/java.util.Objects.requireNonNull(Objects.java:233)
	at java.base/java.util.Arrays$ArrayList.<init>(Arrays.java:4234)
	at java.base/java.util.Arrays.asList(Arrays.java:4219)
	at ai.glog.execute.workers.TriageAndRemediationCallableWorker.setGeneralRemediation(TriageAndRemediationCallableWorker.java:162)
	at ai.glog.execute.workers.TriageAndRemediationCallableWorker.call(TriageAndRemediationCallableWorker.java:73)
	at ai.glog.execute.workers.TriageAndRemediationCallableWorker.call(TriageAndRemediationCallableWorker.java:31)
	at java.base/java.util.concurrent.FutureTask.run(FutureTask.java:317)
	at java.base/java.util.concurrent.ThreadPoolExecutor.runWorker(ThreadPoolExecutor.java:1144)
	at java.base/java.util.concurrent.ThreadPoolExecutor$Worker.run(ThreadPoolExecutor.java:642)
	at java.base/java.lang.Thread.run(Thread.java:1623)

Oct 06, 2025 5:15:01 PM ai.glog.service.GlogService getFromGlog
SEVERE: java.lang.IllegalStateException: Expected BEGIN_ARRAY but was BEGIN_OBJECT at line 1 column 2 path $
{"detail":"Invalid token."}
com.google.gson.JsonSyntaxException: java.lang.IllegalStateException: Expected BEGIN_ARRAY but was BEGIN_OBJECT at line 1 column 2 path $
	at com.google.gson.Gson.fromJson(Gson.java:1003)
	at com.google.gson.Gson.fromJson(Gson.java:956)
	at com.google.gson.Gson.fromJson(Gson.java:905)
	at ai.glog.service.GlogService.getFromGlog(GlogService.java:174)
	at ai.glog.execute.workers.TriageAndRemediationCallableWorker.setGeneralRemediation(TriageAndRemediationCallableWorker.java:158)
	at ai.glog.execute.workers.TriageAndRemediationCallableWorker.call(TriageAndRemediationCallableWorker.java:73)
	at ai.glog.execute.workers.TriageAndRemediationCallableWorker.call(TriageAndRemediationCallableWorker.java:31)
	at java.base/java.util.concurrent.FutureTask.run(FutureTask.java:317)
	at java.base/java.util.concurrent.ThreadPoolExecutor.runWorker(ThreadPoolExecutor.java:1144)
	at java.base/java.util.concurrent.ThreadPoolExecutor$Worker.run(ThreadPoolExecutor.java:642)
	at java.base/java.lang.Thread.run(Thread.java:1623)
Caused by: java.lang.IllegalStateException: Expected BEGIN_ARRAY but was BEGIN_OBJECT at line 1 column 2 path $
	at com.google.gson.stream.JsonReader.beginArray(JsonReader.java:350)
	at com.google.gson.internal.bind.ArrayTypeAdapter.read(ArrayTypeAdapter.java:70)
	at com.google.gson.Gson.fromJson(Gson.java:991)
	... 10 more

Oct 06, 2025 5:15:01 PM ai.glog.execute.workers.TriageAndRemediationCallableWorker call
SEVERE: null
java.lang.NullPointerException
	at java.base/java.util.Objects.requireNonNull(Objects.java:233)
	at java.base/java.util.Arrays$ArrayList.<init>(Arrays.java:4234)
	at java.base/java.util.Arrays.asList(Arrays.java:4219)
	at ai.glog.execute.workers.TriageAndRemediationCallableWorker.setGeneralRemediation(TriageAndRemediationCallableWorker.java:162)
	at ai.glog.execute.workers.TriageAndRemediationCallableWorker.call(TriageAndRemediationCallableWorker.java:73)
	at ai.glog.execute.workers.TriageAndRemediationCallableWorker.call(TriageAndRemediationCallableWorker.java:31)
	at java.base/java.util.concurrent.FutureTask.run(FutureTask.java:317)
	at java.base/java.util.concurrent.ThreadPoolExecutor.runWorker(ThreadPoolExecutor.java:1144)
	at java.base/java.util.concurrent.ThreadPoolExecutor$Worker.run(ThreadPoolExecutor.java:642)
	at java.base/java.lang.Thread.run(Thread.java:1623)

Oct 06, 2025 5:15:01 PM ai.glog.execute.workers.TriageAndRemediationCallableWorker isFalsePositive
SEVERE: {
  "ruleId" : "DS154189",
  "ruleIndex" : null,
  "rule" : null,
  "kind" : "FAIL",
  "level" : "WARNING",
  "message" : {
    "text" : "Banned C function detected",
    "markdown" : null,
    "id" : null,
    "arguments" : null,
    "properties" : null
  },
  "analysisTarget" : null,
  "locations" : [ {
    "id" : null,
    "physicalLocation" : {
      "address" : null,
      "artifactLocation" : {
        "uri" : "example/amd_smi_nodrm_example.cc",
        "uriBaseId" : null,
        "index" : null,
        "description" : null,
        "properties" : null
      },
      "region" : {
        "startLine" : 359,
        "startColumn" : 20,
        "endLine" : 359,
        "endColumn" : 26,
        "charOffset" : 17772,
        "charLength" : 6,
        "byteOffset" : null,
        "byteLength" : null,
        "snippet" : {
          "text" : "printf",
          "binary" : null,
          "rendered" : {
            "text" : "printf",
            "markdown" : "`printf`",
            "properties" : null
          },
          "properties" : null
        },
        "message" : null,
        "sourceLanguage" : "cpp",
        "properties" : null
      },
      "contextRegion" : null,
      "properties" : null
    },
    "logicalLocations" : null,
    "message" : null,
    "annotations" : null,
    "relationships" : null,
    "properties" : null
  } ],
  "guid" : null,
  "correlationGuid" : null,
  "occurrenceCount" : null,
  "partialFingerprints" : null,
  "fingerprints" : null,
  "stacks" : null,
  "codeFlows" : null,
  "graphs" : null,
  "graphTraversals" : null,
  "relatedLocations" : null,
  "suppressions" : null,
  "baselineState" : null,
  "rank" : null,
  "attachments" : null,
  "hostedViewerUri" : null,
  "workItemUris" : null,
  "provenance" : null,
  "fixes" : null,
  "taxa" : null,
  "webRequest" : null,
  "webResponse" : null,
  "properties" : {
    "DevSkimSeverity" : "Moderate",
    "DevSkimConfidence" : "High"
  }
}
java.util.NoSuchElementException: next on empty iterator
	at scala.collection.Iterator$$anon$19.next(Iterator.scala:973)
	at scala.collection.Iterator$$anon$19.next(Iterator.scala:971)
	at scala.collection.Iterator$$anon$6.next(Iterator.scala:492)
	at flatgraph.traversal.GenericSteps$.head$extension(Language.scala:80)
	at ai.glog.cpg.analysis.SinkAnalyzer$.getSink(SinkAnalyzer.scala:29)
	at ai.glog.cpg.analysis.SinkAnalyzer.getSink(SinkAnalyzer.scala)
	at ai.glog.reporting.Sarif.getSinkCpg(Sarif.java:187)
	at ai.glog.plugins.devskim.rules.resolve.DangerousCFunctionDetectedResolver.isFalsePositive(DangerousCFunctionDetectedResolver.java:22)
	at ai.glog.execute.workers.TriageAndRemediationCallableWorker.isFalsePositive(TriageAndRemediationCallableWorker.java:116)
	at ai.glog.execute.workers.TriageAndRemediationCallableWorker.call(TriageAndRemediationCallableWorker.java:66)
	at ai.glog.execute.workers.TriageAndRemediationCallableWorker.call(TriageAndRemediationCallableWorker.java:31)
	at java.base/java.util.concurrent.FutureTask.run(FutureTask.java:317)
	at java.base/java.util.concurrent.ThreadPoolExecutor.runWorker(ThreadPoolExecutor.java:1144)
	at java.base/java.util.concurrent.ThreadPoolExecutor$Worker.run(ThreadPoolExecutor.java:642)
	at java.base/java.lang.Thread.run(Thread.java:1623)

Oct 06, 2025 5:15:01 PM ai.glog.execute.workers.TriageAndRemediationCallableWorker isFalsePositive
SEVERE: next on empty iterator
java.util.NoSuchElementException: next on empty iterator
	at scala.collection.Iterator$$anon$19.next(Iterator.scala:973)
	at scala.collection.Iterator$$anon$19.next(Iterator.scala:971)
	at scala.collection.Iterator$$anon$6.next(Iterator.scala:492)
	at flatgraph.traversal.GenericSteps$.head$extension(Language.scala:80)
	at ai.glog.cpg.analysis.SinkAnalyzer$.getSink(SinkAnalyzer.scala:29)
	at ai.glog.cpg.analysis.SinkAnalyzer.getSink(SinkAnalyzer.scala)
	at ai.glog.reporting.Sarif.getSinkCpg(Sarif.java:187)
	at ai.glog.plugins.devskim.rules.resolve.DangerousCFunctionDetectedResolver.isFalsePositive(DangerousCFunctionDetectedResolver.java:22)
	at ai.glog.execute.workers.TriageAndRemediationCallableWorker.isFalsePositive(TriageAndRemediationCallableWorker.java:116)
	at ai.glog.execute.workers.TriageAndRemediationCallableWorker.call(TriageAndRemediationCallableWorker.java:66)
	at ai.glog.execute.workers.TriageAndRemediationCallableWorker.call(TriageAndRemediationCallableWorker.java:31)
	at java.base/java.util.concurrent.FutureTask.run(FutureTask.java:317)
	at java.base/java.util.concurrent.ThreadPoolExecutor.runWorker(ThreadPoolExecutor.java:1144)
	at java.base/java.util.concurrent.ThreadPoolExecutor$Worker.run(ThreadPoolExecutor.java:642)
	at java.base/java.lang.Thread.run(Thread.java:1623)

Oct 06, 2025 5:15:01 PM ai.glog.service.GlogService getFromGlog
SEVERE: java.lang.IllegalStateException: Expected BEGIN_ARRAY but was BEGIN_OBJECT at line 1 column 2 path $
{"detail":"Invalid token."}
com.google.gson.JsonSyntaxException: java.lang.IllegalStateException: Expected BEGIN_ARRAY but was BEGIN_OBJECT at line 1 column 2 path $
	at com.google.gson.Gson.fromJson(Gson.java:1003)
	at com.google.gson.Gson.fromJson(Gson.java:956)
	at com.google.gson.Gson.fromJson(Gson.java:905)
	at ai.glog.service.GlogService.getFromGlog(GlogService.java:174)
	at ai.glog.execute.workers.TriageAndRemediationCallableWorker.setGeneralRemediation(TriageAndRemediationCallableWorker.java:158)
	at ai.glog.execute.workers.TriageAndRemediationCallableWorker.call(TriageAndRemediationCallableWorker.java:73)
	at ai.glog.execute.workers.TriageAndRemediationCallableWorker.call(TriageAndRemediationCallableWorker.java:31)
	at java.base/java.util.concurrent.FutureTask.run(FutureTask.java:317)
	at java.base/java.util.concurrent.ThreadPoolExecutor.runWorker(ThreadPoolExecutor.java:1144)
	at java.base/java.util.concurrent.ThreadPoolExecutor$Worker.run(ThreadPoolExecutor.java:642)
	at java.base/java.lang.Thread.run(Thread.java:1623)
Caused by: java.lang.IllegalStateException: Expected BEGIN_ARRAY but was BEGIN_OBJECT at line 1 column 2 path $
	at com.google.gson.stream.JsonReader.beginArray(JsonReader.java:350)
	at com.google.gson.internal.bind.ArrayTypeAdapter.read(ArrayTypeAdapter.java:70)
	at com.google.gson.Gson.fromJson(Gson.java:991)
	... 10 more

Oct 06, 2025 5:15:01 PM ai.glog.execute.workers.TriageAndRemediationCallableWorker call
SEVERE: null
java.lang.NullPointerException
	at java.base/java.util.Objects.requireNonNull(Objects.java:233)
	at java.base/java.util.Arrays$ArrayList.<init>(Arrays.java:4234)
	at java.base/java.util.Arrays.asList(Arrays.java:4219)
	at ai.glog.execute.workers.TriageAndRemediationCallableWorker.setGeneralRemediation(TriageAndRemediationCallableWorker.java:162)
	at ai.glog.execute.workers.TriageAndRemediationCallableWorker.call(TriageAndRemediationCallableWorker.java:73)
	at ai.glog.execute.workers.TriageAndRemediationCallableWorker.call(TriageAndRemediationCallableWorker.java:31)
	at java.base/java.util.concurrent.FutureTask.run(FutureTask.java:317)
	at java.base/java.util.concurrent.ThreadPoolExecutor.runWorker(ThreadPoolExecutor.java:1144)
	at java.base/java.util.concurrent.ThreadPoolExecutor$Worker.run(ThreadPoolExecutor.java:642)
	at java.base/java.lang.Thread.run(Thread.java:1623)

Oct 06, 2025 5:15:01 PM ai.glog.service.GlogService getFromGlog
SEVERE: java.lang.IllegalStateException: Expected BEGIN_ARRAY but was BEGIN_OBJECT at line 1 column 2 path $
{"detail":"Invalid token."}
com.google.gson.JsonSyntaxException: java.lang.IllegalStateException: Expected BEGIN_ARRAY but was BEGIN_OBJECT at line 1 column 2 path $
	at com.google.gson.Gson.fromJson(Gson.java:1003)
	at com.google.gson.Gson.fromJson(Gson.java:956)
	at com.google.gson.Gson.fromJson(Gson.java:905)
	at ai.glog.service.GlogService.getFromGlog(GlogService.java:174)
	at ai.glog.execute.workers.TriageAndRemediationCallableWorker.setGeneralRemediation(TriageAndRemediationCallableWorker.java:158)
	at ai.glog.execute.workers.TriageAndRemediationCallableWorker.call(TriageAndRemediationCallableWorker.java:73)
	at ai.glog.execute.workers.TriageAndRemediationCallableWorker.call(TriageAndRemediationCallableWorker.java:31)
	at java.base/java.util.concurrent.FutureTask.run(FutureTask.java:317)
	at java.base/java.util.concurrent.ThreadPoolExecutor.runWorker(ThreadPoolExecutor.java:1144)
	at java.base/java.util.concurrent.ThreadPoolExecutor$Worker.run(ThreadPoolExecutor.java:642)
	at java.base/java.lang.Thread.run(Thread.java:1623)
Caused by: java.lang.IllegalStateException: Expected BEGIN_ARRAY but was BEGIN_OBJECT at line 1 column 2 path $
	at com.google.gson.stream.JsonReader.beginArray(JsonReader.java:350)
	at com.google.gson.internal.bind.ArrayTypeAdapter.read(ArrayTypeAdapter.java:70)
	at com.google.gson.Gson.fromJson(Gson.java:991)
	... 10 more

Oct 06, 2025 5:15:01 PM ai.glog.execute.workers.TriageAndRemediationCallableWorker call
SEVERE: null
java.lang.NullPointerException
	at java.base/java.util.Objects.requireNonNull(Objects.java:233)
	at java.base/java.util.Arrays$ArrayList.<init>(Arrays.java:4234)
	at java.base/java.util.Arrays.asList(Arrays.java:4219)
	at ai.glog.execute.workers.TriageAndRemediationCallableWorker.setGeneralRemediation(TriageAndRemediationCallableWorker.java:162)
	at ai.glog.execute.workers.TriageAndRemediationCallableWorker.call(TriageAndRemediationCallableWorker.java:73)
	at ai.glog.execute.workers.TriageAndRemediationCallableWorker.call(TriageAndRemediationCallableWorker.java:31)
	at java.base/java.util.concurrent.FutureTask.run(FutureTask.java:317)
	at java.base/java.util.concurrent.ThreadPoolExecutor.runWorker(ThreadPoolExecutor.java:1144)
	at java.base/java.util.concurrent.ThreadPoolExecutor$Worker.run(ThreadPoolExecutor.java:642)
	at java.base/java.lang.Thread.run(Thread.java:1623)

Oct 06, 2025 5:15:02 PM ai.glog.service.GlogService getFromGlog
SEVERE: java.lang.IllegalStateException: Expected BEGIN_ARRAY but was BEGIN_OBJECT at line 1 column 2 path $
{"detail":"Invalid token."}
com.google.gson.JsonSyntaxException: java.lang.IllegalStateException: Expected BEGIN_ARRAY but was BEGIN_OBJECT at line 1 column 2 path $
	at com.google.gson.Gson.fromJson(Gson.java:1003)
	at com.google.gson.Gson.fromJson(Gson.java:956)
	at com.google.gson.Gson.fromJson(Gson.java:905)
	at ai.glog.service.GlogService.getFromGlog(GlogService.java:174)
	at ai.glog.execute.workers.TriageAndRemediationCallableWorker.setGeneralRemediation(TriageAndRemediationCallableWorker.java:158)
	at ai.glog.execute.workers.TriageAndRemediationCallableWorker.call(TriageAndRemediationCallableWorker.java:73)
	at ai.glog.execute.workers.TriageAndRemediationCallableWorker.call(TriageAndRemediationCallableWorker.java:31)
	at java.base/java.util.concurrent.FutureTask.run(FutureTask.java:317)
	at java.base/java.util.concurrent.ThreadPoolExecutor.runWorker(ThreadPoolExecutor.java:1144)
	at java.base/java.util.concurrent.ThreadPoolExecutor$Worker.run(ThreadPoolExecutor.java:642)
	at java.base/java.lang.Thread.run(Thread.java:1623)
Caused by: java.lang.IllegalStateException: Expected BEGIN_ARRAY but was BEGIN_OBJECT at line 1 column 2 path $
	at com.google.gson.stream.JsonReader.beginArray(JsonReader.java:350)
	at com.google.gson.internal.bind.ArrayTypeAdapter.read(ArrayTypeAdapter.java:70)
	at com.google.gson.Gson.fromJson(Gson.java:991)
	... 10 more

Oct 06, 2025 5:15:02 PM ai.glog.execute.workers.TriageAndRemediationCallableWorker call
SEVERE: null
java.lang.NullPointerException
	at java.base/java.util.Objects.requireNonNull(Objects.java:233)
	at java.base/java.util.Arrays$ArrayList.<init>(Arrays.java:4234)
	at java.base/java.util.Arrays.asList(Arrays.java:4219)
	at ai.glog.execute.workers.TriageAndRemediationCallableWorker.setGeneralRemediation(TriageAndRemediationCallableWorker.java:162)
	at ai.glog.execute.workers.TriageAndRemediationCallableWorker.call(TriageAndRemediationCallableWorker.java:73)
	at ai.glog.execute.workers.TriageAndRemediationCallableWorker.call(TriageAndRemediationCallableWorker.java:31)
	at java.base/java.util.concurrent.FutureTask.run(FutureTask.java:317)
	at java.base/java.util.concurrent.ThreadPoolExecutor.runWorker(ThreadPoolExecutor.java:1144)
	at java.base/java.util.concurrent.ThreadPoolExecutor$Worker.run(ThreadPoolExecutor.java:642)
	at java.base/java.lang.Thread.run(Thread.java:1623)

Oct 06, 2025 5:15:06 PM ai.glog.execute.workers.TriageAndRemediationCallableWorker isFalsePositive
SEVERE: {
  "ruleId" : "DS154189",
  "ruleIndex" : null,
  "rule" : null,
  "kind" : "FAIL",
  "level" : "WARNING",
  "message" : {
    "text" : "Banned C function detected",
    "markdown" : null,
    "id" : null,
    "arguments" : null,
    "properties" : null
  },
  "analysisTarget" : null,
  "locations" : [ {
    "id" : null,
    "physicalLocation" : {
      "address" : null,
      "artifactLocation" : {
        "uri" : "example/amd_smi_nodrm_example.cc",
        "uriBaseId" : null,
        "index" : null,
        "description" : null,
        "properties" : null
      },
      "region" : {
        "startLine" : 119,
        "startColumn" : 12,
        "endLine" : 119,
        "endColumn" : 18,
        "charOffset" : 5142,
        "charLength" : 6,
        "byteOffset" : null,
        "byteLength" : null,
        "snippet" : {
          "text" : "printf",
          "binary" : null,
          "rendered" : {
            "text" : "printf",
            "markdown" : "`printf`",
            "properties" : null
          },
          "properties" : null
        },
        "message" : null,
        "sourceLanguage" : "cpp",
        "properties" : null
      },
      "contextRegion" : null,
      "properties" : null
    },
    "logicalLocations" : null,
    "message" : null,
    "annotations" : null,
    "relationships" : null,
    "properties" : null
  } ],
  "guid" : null,
  "correlationGuid" : null,
  "occurrenceCount" : null,
  "partialFingerprints" : null,
  "fingerprints" : null,
  "stacks" : null,
  "codeFlows" : null,
  "graphs" : null,
  "graphTraversals" : null,
  "relatedLocations" : null,
  "suppressions" : null,
  "baselineState" : null,
  "rank" : null,
  "attachments" : null,
  "hostedViewerUri" : null,
  "workItemUris" : null,
  "provenance" : null,
  "fixes" : null,
  "taxa" : null,
  "webRequest" : null,
  "webResponse" : null,
  "properties" : {
    "DevSkimSeverity" : "Moderate",
    "DevSkimConfidence" : "High"
  }
}
java.util.NoSuchElementException: next on empty iterator
	at scala.collection.Iterator$$anon$19.next(Iterator.scala:973)
	at scala.collection.Iterator$$anon$19.next(Iterator.scala:971)
	at scala.collection.Iterator$$anon$6.next(Iterator.scala:492)
	at flatgraph.traversal.GenericSteps$.head$extension(Language.scala:80)
	at ai.glog.cpg.analysis.SinkAnalyzer$.getSink(SinkAnalyzer.scala:29)
	at ai.glog.cpg.analysis.SinkAnalyzer.getSink(SinkAnalyzer.scala)
	at ai.glog.reporting.Sarif.getSinkCpg(Sarif.java:187)
	at ai.glog.plugins.devskim.rules.resolve.DangerousCFunctionDetectedResolver.isFalsePositive(DangerousCFunctionDetectedResolver.java:22)
	at ai.glog.execute.workers.TriageAndRemediationCallableWorker.isFalsePositive(TriageAndRemediationCallableWorker.java:116)
	at ai.glog.execute.workers.TriageAndRemediationCallableWorker.call(TriageAndRemediationCallableWorker.java:66)
	at ai.glog.execute.workers.TriageAndRemediationCallableWorker.call(TriageAndRemediationCallableWorker.java:31)
	at java.base/java.util.concurrent.FutureTask.run(FutureTask.java:317)
	at java.base/java.util.concurrent.ThreadPoolExecutor.runWorker(ThreadPoolExecutor.java:1144)
	at java.base/java.util.concurrent.ThreadPoolExecutor$Worker.run(ThreadPoolExecutor.java:642)
	at java.base/java.lang.Thread.run(Thread.java:1623)

Oct 06, 2025 5:15:06 PM ai.glog.execute.workers.TriageAndRemediationCallableWorker isFalsePositive
SEVERE: next on empty iterator
java.util.NoSuchElementException: next on empty iterator
	at scala.collection.Iterator$$anon$19.next(Iterator.scala:973)
	at scala.collection.Iterator$$anon$19.next(Iterator.scala:971)
	at scala.collection.Iterator$$anon$6.next(Iterator.scala:492)
	at flatgraph.traversal.GenericSteps$.head$extension(Language.scala:80)
	at ai.glog.cpg.analysis.SinkAnalyzer$.getSink(SinkAnalyzer.scala:29)
	at ai.glog.cpg.analysis.SinkAnalyzer.getSink(SinkAnalyzer.scala)
	at ai.glog.reporting.Sarif.getSinkCpg(Sarif.java:187)
	at ai.glog.plugins.devskim.rules.resolve.DangerousCFunctionDetectedResolver.isFalsePositive(DangerousCFunctionDetectedResolver.java:22)
	at ai.glog.execute.workers.TriageAndRemediationCallableWorker.isFalsePositive(TriageAndRemediationCallableWorker.java:116)
	at ai.glog.execute.workers.TriageAndRemediationCallableWorker.call(TriageAndRemediationCallableWorker.java:66)
	at ai.glog.execute.workers.TriageAndRemediationCallableWorker.call(TriageAndRemediationCallableWorker.java:31)
	at java.base/java.util.concurrent.FutureTask.run(FutureTask.java:317)
	at java.base/java.util.concurrent.ThreadPoolExecutor.runWorker(ThreadPoolExecutor.java:1144)
	at java.base/java.util.concurrent.ThreadPoolExecutor$Worker.run(ThreadPoolExecutor.java:642)
	at java.base/java.lang.Thread.run(Thread.java:1623)

Oct 06, 2025 5:15:07 PM ai.glog.service.GlogService getFromGlog
SEVERE: java.lang.IllegalStateException: Expected BEGIN_ARRAY but was BEGIN_OBJECT at line 1 column 2 path $
{"detail":"Invalid token."}
com.google.gson.JsonSyntaxException: java.lang.IllegalStateException: Expected BEGIN_ARRAY but was BEGIN_OBJECT at line 1 column 2 path $
	at com.google.gson.Gson.fromJson(Gson.java:1003)
	at com.google.gson.Gson.fromJson(Gson.java:956)
	at com.google.gson.Gson.fromJson(Gson.java:905)
	at ai.glog.service.GlogService.getFromGlog(GlogService.java:174)
	at ai.glog.execute.workers.TriageAndRemediationCallableWorker.setGeneralRemediation(TriageAndRemediationCallableWorker.java:158)
	at ai.glog.execute.workers.TriageAndRemediationCallableWorker.call(TriageAndRemediationCallableWorker.java:73)
	at ai.glog.execute.workers.TriageAndRemediationCallableWorker.call(TriageAndRemediationCallableWorker.java:31)
	at java.base/java.util.concurrent.FutureTask.run(FutureTask.java:317)
	at java.base/java.util.concurrent.ThreadPoolExecutor.runWorker(ThreadPoolExecutor.java:1144)
	at java.base/java.util.concurrent.ThreadPoolExecutor$Worker.run(ThreadPoolExecutor.java:642)
	at java.base/java.lang.Thread.run(Thread.java:1623)
Caused by: java.lang.IllegalStateException: Expected BEGIN_ARRAY but was BEGIN_OBJECT at line 1 column 2 path $
	at com.google.gson.stream.JsonReader.beginArray(JsonReader.java:350)
	at com.google.gson.internal.bind.ArrayTypeAdapter.read(ArrayTypeAdapter.java:70)
	at com.google.gson.Gson.fromJson(Gson.java:991)
	... 10 more

Oct 06, 2025 5:15:07 PM ai.glog.execute.workers.TriageAndRemediationCallableWorker call
SEVERE: null
java.lang.NullPointerException
	at java.base/java.util.Objects.requireNonNull(Objects.java:233)
	at java.base/java.util.Arrays$ArrayList.<init>(Arrays.java:4234)
	at java.base/java.util.Arrays.asList(Arrays.java:4219)
	at ai.glog.execute.workers.TriageAndRemediationCallableWorker.setGeneralRemediation(TriageAndRemediationCallableWorker.java:162)
	at ai.glog.execute.workers.TriageAndRemediationCallableWorker.call(TriageAndRemediationCallableWorker.java:73)
	at ai.glog.execute.workers.TriageAndRemediationCallableWorker.call(TriageAndRemediationCallableWorker.java:31)
	at java.base/java.util.concurrent.FutureTask.run(FutureTask.java:317)
	at java.base/java.util.concurrent.ThreadPoolExecutor.runWorker(ThreadPoolExecutor.java:1144)
	at java.base/java.util.concurrent.ThreadPoolExecutor$Worker.run(ThreadPoolExecutor.java:642)
	at java.base/java.lang.Thread.run(Thread.java:1623)

Oct 06, 2025 5:15:07 PM ai.glog.service.GlogService getFromGlog
SEVERE: java.lang.IllegalStateException: Expected BEGIN_ARRAY but was BEGIN_OBJECT at line 1 column 2 path $
{"detail":"Invalid token."}
com.google.gson.JsonSyntaxException: java.lang.IllegalStateException: Expected BEGIN_ARRAY but was BEGIN_OBJECT at line 1 column 2 path $
	at com.google.gson.Gson.fromJson(Gson.java:1003)
	at com.google.gson.Gson.fromJson(Gson.java:956)
	at com.google.gson.Gson.fromJson(Gson.java:905)
	at ai.glog.service.GlogService.getFromGlog(GlogService.java:174)
	at ai.glog.execute.workers.TriageAndRemediationCallableWorker.setGeneralRemediation(TriageAndRemediationCallableWorker.java:158)
	at ai.glog.execute.workers.TriageAndRemediationCallableWorker.call(TriageAndRemediationCallableWorker.java:73)
	at ai.glog.execute.workers.TriageAndRemediationCallableWorker.call(TriageAndRemediationCallableWorker.java:31)
	at java.base/java.util.concurrent.FutureTask.run(FutureTask.java:317)
	at java.base/java.util.concurrent.ThreadPoolExecutor.runWorker(ThreadPoolExecutor.java:1144)
	at java.base/java.util.concurrent.ThreadPoolExecutor$Worker.run(ThreadPoolExecutor.java:642)
	at java.base/java.lang.Thread.run(Thread.java:1623)
Caused by: java.lang.IllegalStateException: Expected BEGIN_ARRAY but was BEGIN_OBJECT at line 1 column 2 path $
	at com.google.gson.stream.JsonReader.beginArray(JsonReader.java:350)
	at com.google.gson.internal.bind.ArrayTypeAdapter.read(ArrayTypeAdapter.java:70)
	at com.google.gson.Gson.fromJson(Gson.java:991)
	... 10 more

Oct 06, 2025 5:15:07 PM ai.glog.execute.workers.TriageAndRemediationCallableWorker call
SEVERE: null
java.lang.NullPointerException
	at java.base/java.util.Objects.requireNonNull(Objects.java:233)
	at java.base/java.util.Arrays$ArrayList.<init>(Arrays.java:4234)
	at java.base/java.util.Arrays.asList(Arrays.java:4219)
	at ai.glog.execute.workers.TriageAndRemediationCallableWorker.setGeneralRemediation(TriageAndRemediationCallableWorker.java:162)
	at ai.glog.execute.workers.TriageAndRemediationCallableWorker.call(TriageAndRemediationCallableWorker.java:73)
	at ai.glog.execute.workers.TriageAndRemediationCallableWorker.call(TriageAndRemediationCallableWorker.java:31)
	at java.base/java.util.concurrent.FutureTask.run(FutureTask.java:317)
	at java.base/java.util.concurrent.ThreadPoolExecutor.runWorker(ThreadPoolExecutor.java:1144)
	at java.base/java.util.concurrent.ThreadPoolExecutor$Worker.run(ThreadPoolExecutor.java:642)
	at java.base/java.lang.Thread.run(Thread.java:1623)

Oct 06, 2025 5:15:07 PM ai.glog.service.GlogService getFromGlog
SEVERE: java.lang.IllegalStateException: Expected BEGIN_ARRAY but was BEGIN_OBJECT at line 1 column 2 path $
{"detail":"Invalid token."}
com.google.gson.JsonSyntaxException: java.lang.IllegalStateException: Expected BEGIN_ARRAY but was BEGIN_OBJECT at line 1 column 2 path $
	at com.google.gson.Gson.fromJson(Gson.java:1003)
	at com.google.gson.Gson.fromJson(Gson.java:956)
	at com.google.gson.Gson.fromJson(Gson.java:905)
	at ai.glog.service.GlogService.getFromGlog(GlogService.java:174)
	at ai.glog.execute.workers.TriageAndRemediationCallableWorker.setGeneralRemediation(TriageAndRemediationCallableWorker.java:158)
	at ai.glog.execute.workers.TriageAndRemediationCallableWorker.call(TriageAndRemediationCallableWorker.java:73)
	at ai.glog.execute.workers.TriageAndRemediationCallableWorker.call(TriageAndRemediationCallableWorker.java:31)
	at java.base/java.util.concurrent.FutureTask.run(FutureTask.java:317)
	at java.base/java.util.concurrent.ThreadPoolExecutor.runWorker(ThreadPoolExecutor.java:1144)
	at java.base/java.util.concurrent.ThreadPoolExecutor$Worker.run(ThreadPoolExecutor.java:642)
	at java.base/java.lang.Thread.run(Thread.java:1623)
Caused by: java.lang.IllegalStateException: Expected BEGIN_ARRAY but was BEGIN_OBJECT at line 1 column 2 path $
	at com.google.gson.stream.JsonReader.beginArray(JsonReader.java:350)
	at com.google.gson.internal.bind.ArrayTypeAdapter.read(ArrayTypeAdapter.java:70)
	at com.google.gson.Gson.fromJson(Gson.java:991)
	... 10 more

Oct 06, 2025 5:15:07 PM ai.glog.execute.workers.TriageAndRemediationCallableWorker call
SEVERE: null
java.lang.NullPointerException
	at java.base/java.util.Objects.requireNonNull(Objects.java:233)
	at java.base/java.util.Arrays$ArrayList.<init>(Arrays.java:4234)
	at java.base/java.util.Arrays.asList(Arrays.java:4219)
	at ai.glog.execute.workers.TriageAndRemediationCallableWorker.setGeneralRemediation(TriageAndRemediationCallableWorker.java:162)
	at ai.glog.execute.workers.TriageAndRemediationCallableWorker.call(TriageAndRemediationCallableWorker.java:73)
	at ai.glog.execute.workers.TriageAndRemediationCallableWorker.call(TriageAndRemediationCallableWorker.java:31)
	at java.base/java.util.concurrent.FutureTask.run(FutureTask.java:317)
	at java.base/java.util.concurrent.ThreadPoolExecutor.runWorker(ThreadPoolExecutor.java:1144)
	at java.base/java.util.concurrent.ThreadPoolExecutor$Worker.run(ThreadPoolExecutor.java:642)
	at java.base/java.lang.Thread.run(Thread.java:1623)

Oct 06, 2025 5:15:07 PM ai.glog.execute.workers.TriageAndRemediationCallableWorker isFalsePositive
SEVERE: {
  "ruleId" : "DS154189",
  "ruleIndex" : null,
  "rule" : null,
  "kind" : "FAIL",
  "level" : "WARNING",
  "message" : {
    "text" : "Banned C function detected",
    "markdown" : null,
    "id" : null,
    "arguments" : null,
    "properties" : null
  },
  "analysisTarget" : null,
  "locations" : [ {
    "id" : null,
    "physicalLocation" : {
      "address" : null,
      "artifactLocation" : {
        "uri" : "example/amd_smi_drm_example.cc",
        "uriBaseId" : null,
        "index" : null,
        "description" : null,
        "properties" : null
      },
      "region" : {
        "startLine" : 1862,
        "startColumn" : 24,
        "endLine" : 1862,
        "endColumn" : 30,
        "charOffset" : 91001,
        "charLength" : 6,
        "byteOffset" : null,
        "byteLength" : null,
        "snippet" : {
          "text" : "printf",
          "binary" : null,
          "rendered" : {
            "text" : "printf",
            "markdown" : "`printf`",
            "properties" : null
          },
          "properties" : null
        },
        "message" : null,
        "sourceLanguage" : "cpp",
        "properties" : null
      },
      "contextRegion" : null,
      "properties" : null
    },
    "logicalLocations" : null,
    "message" : null,
    "annotations" : null,
    "relationships" : null,
    "properties" : null
  } ],
  "guid" : null,
  "correlationGuid" : null,
  "occurrenceCount" : null,
  "partialFingerprints" : null,
  "fingerprints" : null,
  "stacks" : null,
  "codeFlows" : null,
  "graphs" : null,
  "graphTraversals" : null,
  "relatedLocations" : null,
  "suppressions" : null,
  "baselineState" : null,
  "rank" : null,
  "attachments" : null,
  "hostedViewerUri" : null,
  "workItemUris" : null,
  "provenance" : null,
  "fixes" : null,
  "taxa" : null,
  "webRequest" : null,
  "webResponse" : null,
  "properties" : {
    "DevSkimSeverity" : "Moderate",
    "DevSkimConfidence" : "High"
  }
}
java.util.NoSuchElementException: next on empty iterator
	at scala.collection.Iterator$$anon$19.next(Iterator.scala:973)
	at scala.collection.Iterator$$anon$19.next(Iterator.scala:971)
	at scala.collection.Iterator$$anon$6.next(Iterator.scala:492)
	at flatgraph.traversal.GenericSteps$.head$extension(Language.scala:80)
	at ai.glog.cpg.analysis.SinkAnalyzer$.getSink(SinkAnalyzer.scala:29)
	at ai.glog.cpg.analysis.SinkAnalyzer.getSink(SinkAnalyzer.scala)
	at ai.glog.reporting.Sarif.getSinkCpg(Sarif.java:187)
	at ai.glog.plugins.devskim.rules.resolve.DangerousCFunctionDetectedResolver.isFalsePositive(DangerousCFunctionDetectedResolver.java:22)
	at ai.glog.execute.workers.TriageAndRemediationCallableWorker.isFalsePositive(TriageAndRemediationCallableWorker.java:116)
	at ai.glog.execute.workers.TriageAndRemediationCallableWorker.call(TriageAndRemediationCallableWorker.java:66)
	at ai.glog.execute.workers.TriageAndRemediationCallableWorker.call(TriageAndRemediationCallableWorker.java:31)
	at java.base/java.util.concurrent.FutureTask.run(FutureTask.java:317)
	at java.base/java.util.concurrent.ThreadPoolExecutor.runWorker(ThreadPoolExecutor.java:1144)
	at java.base/java.util.concurrent.ThreadPoolExecutor$Worker.run(ThreadPoolExecutor.java:642)
	at java.base/java.lang.Thread.run(Thread.java:1623)

Oct 06, 2025 5:15:07 PM ai.glog.execute.workers.TriageAndRemediationCallableWorker isFalsePositive
SEVERE: next on empty iterator
java.util.NoSuchElementException: next on empty iterator
	at scala.collection.Iterator$$anon$19.next(Iterator.scala:973)
	at scala.collection.Iterator$$anon$19.next(Iterator.scala:971)
	at scala.collection.Iterator$$anon$6.next(Iterator.scala:492)
	at flatgraph.traversal.GenericSteps$.head$extension(Language.scala:80)
	at ai.glog.cpg.analysis.SinkAnalyzer$.getSink(SinkAnalyzer.scala:29)
	at ai.glog.cpg.analysis.SinkAnalyzer.getSink(SinkAnalyzer.scala)
	at ai.glog.reporting.Sarif.getSinkCpg(Sarif.java:187)
	at ai.glog.plugins.devskim.rules.resolve.DangerousCFunctionDetectedResolver.isFalsePositive(DangerousCFunctionDetectedResolver.java:22)
	at ai.glog.execute.workers.TriageAndRemediationCallableWorker.isFalsePositive(TriageAndRemediationCallableWorker.java:116)
	at ai.glog.execute.workers.TriageAndRemediationCallableWorker.call(TriageAndRemediationCallableWorker.java:66)
	at ai.glog.execute.workers.TriageAndRemediationCallableWorker.call(TriageAndRemediationCallableWorker.java:31)
	at java.base/java.util.concurrent.FutureTask.run(FutureTask.java:317)
	at java.base/java.util.concurrent.ThreadPoolExecutor.runWorker(ThreadPoolExecutor.java:1144)
	at java.base/java.util.concurrent.ThreadPoolExecutor$Worker.run(ThreadPoolExecutor.java:642)
	at java.base/java.lang.Thread.run(Thread.java:1623)

Oct 06, 2025 5:15:08 PM ai.glog.execute.workers.TriageAndRemediationCallableWorker isFalsePositive
SEVERE: {
  "ruleId" : "DS154189",
  "ruleIndex" : null,
  "rule" : null,
  "kind" : "FAIL",
  "level" : "WARNING",
  "message" : {
    "text" : "Banned C function detected",
    "markdown" : null,
    "id" : null,
    "arguments" : null,
    "properties" : null
  },
  "analysisTarget" : null,
  "locations" : [ {
    "id" : null,
    "physicalLocation" : {
      "address" : null,
      "artifactLocation" : {
        "uri" : "example/amd_smi_drm_example.cc",
        "uriBaseId" : null,
        "index" : null,
        "description" : null,
        "properties" : null
      },
      "region" : {
        "startLine" : 1380,
        "startColumn" : 16,
        "endLine" : 1380,
        "endColumn" : 22,
        "charOffset" : 68321,
        "charLength" : 6,
        "byteOffset" : null,
        "byteLength" : null,
        "snippet" : {
          "text" : "printf",
          "binary" : null,
          "rendered" : {
            "text" : "printf",
            "markdown" : "`printf`",
            "properties" : null
          },
          "properties" : null
        },
        "message" : null,
        "sourceLanguage" : "cpp",
        "properties" : null
      },
      "contextRegion" : null,
      "properties" : null
    },
    "logicalLocations" : null,
    "message" : null,
    "annotations" : null,
    "relationships" : null,
    "properties" : null
  } ],
  "guid" : null,
  "correlationGuid" : null,
  "occurrenceCount" : null,
  "partialFingerprints" : null,
  "fingerprints" : null,
  "stacks" : null,
  "codeFlows" : null,
  "graphs" : null,
  "graphTraversals" : null,
  "relatedLocations" : null,
  "suppressions" : null,
  "baselineState" : null,
  "rank" : null,
  "attachments" : null,
  "hostedViewerUri" : null,
  "workItemUris" : null,
  "provenance" : null,
  "fixes" : null,
  "taxa" : null,
  "webRequest" : null,
  "webResponse" : null,
  "properties" : {
    "DevSkimSeverity" : "Moderate",
    "DevSkimConfidence" : "High"
  }
}
java.util.NoSuchElementException: next on empty iterator
	at scala.collection.Iterator$$anon$19.next(Iterator.scala:973)
	at scala.collection.Iterator$$anon$19.next(Iterator.scala:971)
	at scala.collection.Iterator$$anon$6.next(Iterator.scala:492)
	at flatgraph.traversal.GenericSteps$.head$extension(Language.scala:80)
	at ai.glog.cpg.analysis.SinkAnalyzer$.getSink(SinkAnalyzer.scala:29)
	at ai.glog.cpg.analysis.SinkAnalyzer.getSink(SinkAnalyzer.scala)
	at ai.glog.reporting.Sarif.getSinkCpg(Sarif.java:187)
	at ai.glog.plugins.devskim.rules.resolve.DangerousCFunctionDetectedResolver.isFalsePositive(DangerousCFunctionDetectedResolver.java:22)
	at ai.glog.execute.workers.TriageAndRemediationCallableWorker.isFalsePositive(TriageAndRemediationCallableWorker.java:116)
	at ai.glog.execute.workers.TriageAndRemediationCallableWorker.call(TriageAndRemediationCallableWorker.java:66)
	at ai.glog.execute.workers.TriageAndRemediationCallableWorker.call(TriageAndRemediationCallableWorker.java:31)
	at java.base/java.util.concurrent.FutureTask.run(FutureTask.java:317)
	at java.base/java.util.concurrent.ThreadPoolExecutor.runWorker(ThreadPoolExecutor.java:1144)
	at java.base/java.util.concurrent.ThreadPoolExecutor$Worker.run(ThreadPoolExecutor.java:642)
	at java.base/java.lang.Thread.run(Thread.java:1623)

Oct 06, 2025 5:15:08 PM ai.glog.execute.workers.TriageAndRemediationCallableWorker isFalsePositive
SEVERE: next on empty iterator
java.util.NoSuchElementException: next on empty iterator
	at scala.collection.Iterator$$anon$19.next(Iterator.scala:973)
	at scala.collection.Iterator$$anon$19.next(Iterator.scala:971)
	at scala.collection.Iterator$$anon$6.next(Iterator.scala:492)
	at flatgraph.traversal.GenericSteps$.head$extension(Language.scala:80)
	at ai.glog.cpg.analysis.SinkAnalyzer$.getSink(SinkAnalyzer.scala:29)
	at ai.glog.cpg.analysis.SinkAnalyzer.getSink(SinkAnalyzer.scala)
	at ai.glog.reporting.Sarif.getSinkCpg(Sarif.java:187)
	at ai.glog.plugins.devskim.rules.resolve.DangerousCFunctionDetectedResolver.isFalsePositive(DangerousCFunctionDetectedResolver.java:22)
	at ai.glog.execute.workers.TriageAndRemediationCallableWorker.isFalsePositive(TriageAndRemediationCallableWorker.java:116)
	at ai.glog.execute.workers.TriageAndRemediationCallableWorker.call(TriageAndRemediationCallableWorker.java:66)
	at ai.glog.execute.workers.TriageAndRemediationCallableWorker.call(TriageAndRemediationCallableWorker.java:31)
	at java.base/java.util.concurrent.FutureTask.run(FutureTask.java:317)
	at java.base/java.util.concurrent.ThreadPoolExecutor.runWorker(ThreadPoolExecutor.java:1144)
	at java.base/java.util.concurrent.ThreadPoolExecutor$Worker.run(ThreadPoolExecutor.java:642)
	at java.base/java.lang.Thread.run(Thread.java:1623)

Oct 06, 2025 5:15:08 PM ai.glog.service.GlogService getFromGlog
SEVERE: java.lang.IllegalStateException: Expected BEGIN_ARRAY but was BEGIN_OBJECT at line 1 column 2 path $
{"detail":"Invalid token."}
com.google.gson.JsonSyntaxException: java.lang.IllegalStateException: Expected BEGIN_ARRAY but was BEGIN_OBJECT at line 1 column 2 path $
	at com.google.gson.Gson.fromJson(Gson.java:1003)
	at com.google.gson.Gson.fromJson(Gson.java:956)
	at com.google.gson.Gson.fromJson(Gson.java:905)
	at ai.glog.service.GlogService.getFromGlog(GlogService.java:174)
	at ai.glog.execute.workers.TriageAndRemediationCallableWorker.setGeneralRemediation(TriageAndRemediationCallableWorker.java:158)
	at ai.glog.execute.workers.TriageAndRemediationCallableWorker.call(TriageAndRemediationCallableWorker.java:73)
	at ai.glog.execute.workers.TriageAndRemediationCallableWorker.call(TriageAndRemediationCallableWorker.java:31)
	at java.base/java.util.concurrent.FutureTask.run(FutureTask.java:317)
	at java.base/java.util.concurrent.ThreadPoolExecutor.runWorker(ThreadPoolExecutor.java:1144)
	at java.base/java.util.concurrent.ThreadPoolExecutor$Worker.run(ThreadPoolExecutor.java:642)
	at java.base/java.lang.Thread.run(Thread.java:1623)
Caused by: java.lang.IllegalStateException: Expected BEGIN_ARRAY but was BEGIN_OBJECT at line 1 column 2 path $
	at com.google.gson.stream.JsonReader.beginArray(JsonReader.java:350)
	at com.google.gson.internal.bind.ArrayTypeAdapter.read(ArrayTypeAdapter.java:70)
	at com.google.gson.Gson.fromJson(Gson.java:991)
	... 10 more

Oct 06, 2025 5:15:08 PM ai.glog.execute.workers.TriageAndRemediationCallableWorker call
SEVERE: null
java.lang.NullPointerException
	at java.base/java.util.Objects.requireNonNull(Objects.java:233)
	at java.base/java.util.Arrays$ArrayList.<init>(Arrays.java:4234)
	at java.base/java.util.Arrays.asList(Arrays.java:4219)
	at ai.glog.execute.workers.TriageAndRemediationCallableWorker.setGeneralRemediation(TriageAndRemediationCallableWorker.java:162)
	at ai.glog.execute.workers.TriageAndRemediationCallableWorker.call(TriageAndRemediationCallableWorker.java:73)
	at ai.glog.execute.workers.TriageAndRemediationCallableWorker.call(TriageAndRemediationCallableWorker.java:31)
	at java.base/java.util.concurrent.FutureTask.run(FutureTask.java:317)
	at java.base/java.util.concurrent.ThreadPoolExecutor.runWorker(ThreadPoolExecutor.java:1144)
	at java.base/java.util.concurrent.ThreadPoolExecutor$Worker.run(ThreadPoolExecutor.java:642)
	at java.base/java.lang.Thread.run(Thread.java:1623)

Oct 06, 2025 5:15:08 PM ai.glog.service.GlogService getFromGlog
SEVERE: java.lang.IllegalStateException: Expected BEGIN_ARRAY but was BEGIN_OBJECT at line 1 column 2 path $
{"detail":"Invalid token."}
com.google.gson.JsonSyntaxException: java.lang.IllegalStateException: Expected BEGIN_ARRAY but was BEGIN_OBJECT at line 1 column 2 path $
	at com.google.gson.Gson.fromJson(Gson.java:1003)
	at com.google.gson.Gson.fromJson(Gson.java:956)
	at com.google.gson.Gson.fromJson(Gson.java:905)
	at ai.glog.service.GlogService.getFromGlog(GlogService.java:174)
	at ai.glog.execute.workers.TriageAndRemediationCallableWorker.setGeneralRemediation(TriageAndRemediationCallableWorker.java:158)
	at ai.glog.execute.workers.TriageAndRemediationCallableWorker.call(TriageAndRemediationCallableWorker.java:73)
	at ai.glog.execute.workers.TriageAndRemediationCallableWorker.call(TriageAndRemediationCallableWorker.java:31)
	at java.base/java.util.concurrent.FutureTask.run(FutureTask.java:317)
	at java.base/java.util.concurrent.ThreadPoolExecutor.runWorker(ThreadPoolExecutor.java:1144)
	at java.base/java.util.concurrent.ThreadPoolExecutor$Worker.run(ThreadPoolExecutor.java:642)
	at java.base/java.lang.Thread.run(Thread.java:1623)
Caused by: java.lang.IllegalStateException: Expected BEGIN_ARRAY but was BEGIN_OBJECT at line 1 column 2 path $
	at com.google.gson.stream.JsonReader.beginArray(JsonReader.java:350)
	at com.google.gson.internal.bind.ArrayTypeAdapter.read(ArrayTypeAdapter.java:70)
	at com.google.gson.Gson.fromJson(Gson.java:991)
	... 10 more

Oct 06, 2025 5:15:08 PM ai.glog.execute.workers.TriageAndRemediationCallableWorker call
SEVERE: null
java.lang.NullPointerException
	at java.base/java.util.Objects.requireNonNull(Objects.java:233)
	at java.base/java.util.Arrays$ArrayList.<init>(Arrays.java:4234)
	at java.base/java.util.Arrays.asList(Arrays.java:4219)
	at ai.glog.execute.workers.TriageAndRemediationCallableWorker.setGeneralRemediation(TriageAndRemediationCallableWorker.java:162)
	at ai.glog.execute.workers.TriageAndRemediationCallableWorker.call(TriageAndRemediationCallableWorker.java:73)
	at ai.glog.execute.workers.TriageAndRemediationCallableWorker.call(TriageAndRemediationCallableWorker.java:31)
	at java.base/java.util.concurrent.FutureTask.run(FutureTask.java:317)
	at java.base/java.util.concurrent.ThreadPoolExecutor.runWorker(ThreadPoolExecutor.java:1144)
	at java.base/java.util.concurrent.ThreadPoolExecutor$Worker.run(ThreadPoolExecutor.java:642)
	at java.base/java.lang.Thread.run(Thread.java:1623)

Oct 06, 2025 5:15:09 PM ai.glog.service.GlogService getFromGlog
SEVERE: java.lang.IllegalStateException: Expected BEGIN_ARRAY but was BEGIN_OBJECT at line 1 column 2 path $
{"detail":"Invalid token."}
com.google.gson.JsonSyntaxException: java.lang.IllegalStateException: Expected BEGIN_ARRAY but was BEGIN_OBJECT at line 1 column 2 path $
	at com.google.gson.Gson.fromJson(Gson.java:1003)
	at com.google.gson.Gson.fromJson(Gson.java:956)
	at com.google.gson.Gson.fromJson(Gson.java:905)
	at ai.glog.service.GlogService.getFromGlog(GlogService.java:174)
	at ai.glog.execute.workers.TriageAndRemediationCallableWorker.setGeneralRemediation(TriageAndRemediationCallableWorker.java:158)
	at ai.glog.execute.workers.TriageAndRemediationCallableWorker.call(TriageAndRemediationCallableWorker.java:73)
	at ai.glog.execute.workers.TriageAndRemediationCallableWorker.call(TriageAndRemediationCallableWorker.java:31)
	at java.base/java.util.concurrent.FutureTask.run(FutureTask.java:317)
	at java.base/java.util.concurrent.ThreadPoolExecutor.runWorker(ThreadPoolExecutor.java:1144)
	at java.base/java.util.concurrent.ThreadPoolExecutor$Worker.run(ThreadPoolExecutor.java:642)
	at java.base/java.lang.Thread.run(Thread.java:1623)
Caused by: java.lang.IllegalStateException: Expected BEGIN_ARRAY but was BEGIN_OBJECT at line 1 column 2 path $
	at com.google.gson.stream.JsonReader.beginArray(JsonReader.java:350)
	at com.google.gson.internal.bind.ArrayTypeAdapter.read(ArrayTypeAdapter.java:70)
	at com.google.gson.Gson.fromJson(Gson.java:991)
	... 10 more

Oct 06, 2025 5:15:09 PM ai.glog.execute.workers.TriageAndRemediationCallableWorker call
SEVERE: null
java.lang.NullPointerException
	at java.base/java.util.Objects.requireNonNull(Objects.java:233)
	at java.base/java.util.Arrays$ArrayList.<init>(Arrays.java:4234)
	at java.base/java.util.Arrays.asList(Arrays.java:4219)
	at ai.glog.execute.workers.TriageAndRemediationCallableWorker.setGeneralRemediation(TriageAndRemediationCallableWorker.java:162)
	at ai.glog.execute.workers.TriageAndRemediationCallableWorker.call(TriageAndRemediationCallableWorker.java:73)
	at ai.glog.execute.workers.TriageAndRemediationCallableWorker.call(TriageAndRemediationCallableWorker.java:31)
	at java.base/java.util.concurrent.FutureTask.run(FutureTask.java:317)
	at java.base/java.util.concurrent.ThreadPoolExecutor.runWorker(ThreadPoolExecutor.java:1144)
	at java.base/java.util.concurrent.ThreadPoolExecutor$Worker.run(ThreadPoolExecutor.java:642)
	at java.base/java.lang.Thread.run(Thread.java:1623)

Oct 06, 2025 5:15:09 PM ai.glog.service.GlogService getFromGlog
SEVERE: java.lang.IllegalStateException: Expected BEGIN_ARRAY but was BEGIN_OBJECT at line 1 column 2 path $
{"detail":"Invalid token."}
com.google.gson.JsonSyntaxException: java.lang.IllegalStateException: Expected BEGIN_ARRAY but was BEGIN_OBJECT at line 1 column 2 path $
	at com.google.gson.Gson.fromJson(Gson.java:1003)
	at com.google.gson.Gson.fromJson(Gson.java:956)
	at com.google.gson.Gson.fromJson(Gson.java:905)
	at ai.glog.service.GlogService.getFromGlog(GlogService.java:174)
	at ai.glog.execute.workers.TriageAndRemediationCallableWorker.setGeneralRemediation(TriageAndRemediationCallableWorker.java:158)
	at ai.glog.execute.workers.TriageAndRemediationCallableWorker.call(TriageAndRemediationCallableWorker.java:73)
	at ai.glog.execute.workers.TriageAndRemediationCallableWorker.call(TriageAndRemediationCallableWorker.java:31)
	at java.base/java.util.concurrent.FutureTask.run(FutureTask.java:317)
	at java.base/java.util.concurrent.ThreadPoolExecutor.runWorker(ThreadPoolExecutor.java:1144)
	at java.base/java.util.concurrent.ThreadPoolExecutor$Worker.run(ThreadPoolExecutor.java:642)
	at java.base/java.lang.Thread.run(Thread.java:1623)
Caused by: java.lang.IllegalStateException: Expected BEGIN_ARRAY but was BEGIN_OBJECT at line 1 column 2 path $
	at com.google.gson.stream.JsonReader.beginArray(JsonReader.java:350)
	at com.google.gson.internal.bind.ArrayTypeAdapter.read(ArrayTypeAdapter.java:70)
	at com.google.gson.Gson.fromJson(Gson.java:991)
	... 10 more

Oct 06, 2025 5:15:09 PM ai.glog.execute.workers.TriageAndRemediationCallableWorker call
SEVERE: null
java.lang.NullPointerException
	at java.base/java.util.Objects.requireNonNull(Objects.java:233)
	at java.base/java.util.Arrays$ArrayList.<init>(Arrays.java:4234)
	at java.base/java.util.Arrays.asList(Arrays.java:4219)
	at ai.glog.execute.workers.TriageAndRemediationCallableWorker.setGeneralRemediation(TriageAndRemediationCallableWorker.java:162)
	at ai.glog.execute.workers.TriageAndRemediationCallableWorker.call(TriageAndRemediationCallableWorker.java:73)
	at ai.glog.execute.workers.TriageAndRemediationCallableWorker.call(TriageAndRemediationCallableWorker.java:31)
	at java.base/java.util.concurrent.FutureTask.run(FutureTask.java:317)
	at java.base/java.util.concurrent.ThreadPoolExecutor.runWorker(ThreadPoolExecutor.java:1144)
	at java.base/java.util.concurrent.ThreadPoolExecutor$Worker.run(ThreadPoolExecutor.java:642)
	at java.base/java.lang.Thread.run(Thread.java:1623)

Oct 06, 2025 5:15:09 PM ai.glog.service.GlogService getFromGlog
SEVERE: java.lang.IllegalStateException: Expected BEGIN_ARRAY but was BEGIN_OBJECT at line 1 column 2 path $
{"detail":"Invalid token."}
com.google.gson.JsonSyntaxException: java.lang.IllegalStateException: Expected BEGIN_ARRAY but was BEGIN_OBJECT at line 1 column 2 path $
	at com.google.gson.Gson.fromJson(Gson.java:1003)
	at com.google.gson.Gson.fromJson(Gson.java:956)
	at com.google.gson.Gson.fromJson(Gson.java:905)
	at ai.glog.service.GlogService.getFromGlog(GlogService.java:174)
	at ai.glog.execute.workers.TriageAndRemediationCallableWorker.setGeneralRemediation(TriageAndRemediationCallableWorker.java:158)
	at ai.glog.execute.workers.TriageAndRemediationCallableWorker.call(TriageAndRemediationCallableWorker.java:73)
	at ai.glog.execute.workers.TriageAndRemediationCallableWorker.call(TriageAndRemediationCallableWorker.java:31)
	at java.base/java.util.concurrent.FutureTask.run(FutureTask.java:317)
	at java.base/java.util.concurrent.ThreadPoolExecutor.runWorker(ThreadPoolExecutor.java:1144)
	at java.base/java.util.concurrent.ThreadPoolExecutor$Worker.run(ThreadPoolExecutor.java:642)
	at java.base/java.lang.Thread.run(Thread.java:1623)
Caused by: java.lang.IllegalStateException: Expected BEGIN_ARRAY but was BEGIN_OBJECT at line 1 column 2 path $
	at com.google.gson.stream.JsonReader.beginArray(JsonReader.java:350)
	at com.google.gson.internal.bind.ArrayTypeAdapter.read(ArrayTypeAdapter.java:70)
	at com.google.gson.Gson.fromJson(Gson.java:991)
	... 10 more

Oct 06, 2025 5:15:09 PM ai.glog.execute.workers.TriageAndRemediationCallableWorker call
SEVERE: null
java.lang.NullPointerException
	at java.base/java.util.Objects.requireNonNull(Objects.java:233)
	at java.base/java.util.Arrays$ArrayList.<init>(Arrays.java:4234)
	at java.base/java.util.Arrays.asList(Arrays.java:4219)
	at ai.glog.execute.workers.TriageAndRemediationCallableWorker.setGeneralRemediation(TriageAndRemediationCallableWorker.java:162)
	at ai.glog.execute.workers.TriageAndRemediationCallableWorker.call(TriageAndRemediationCallableWorker.java:73)
	at ai.glog.execute.workers.TriageAndRemediationCallableWorker.call(TriageAndRemediationCallableWorker.java:31)
	at java.base/java.util.concurrent.FutureTask.run(FutureTask.java:317)
	at java.base/java.util.concurrent.ThreadPoolExecutor.runWorker(ThreadPoolExecutor.java:1144)
	at java.base/java.util.concurrent.ThreadPoolExecutor$Worker.run(ThreadPoolExecutor.java:642)
	at java.base/java.lang.Thread.run(Thread.java:1623)

Oct 06, 2025 5:15:09 PM ai.glog.service.GlogService getFromGlog
SEVERE: java.lang.IllegalStateException: Expected BEGIN_ARRAY but was BEGIN_OBJECT at line 1 column 2 path $
{"detail":"Invalid token."}
com.google.gson.JsonSyntaxException: java.lang.IllegalStateException: Expected BEGIN_ARRAY but was BEGIN_OBJECT at line 1 column 2 path $
	at com.google.gson.Gson.fromJson(Gson.java:1003)
	at com.google.gson.Gson.fromJson(Gson.java:956)
	at com.google.gson.Gson.fromJson(Gson.java:905)
	at ai.glog.service.GlogService.getFromGlog(GlogService.java:174)
	at ai.glog.execute.workers.TriageAndRemediationCallableWorker.setGeneralRemediation(TriageAndRemediationCallableWorker.java:158)
	at ai.glog.execute.workers.TriageAndRemediationCallableWorker.call(TriageAndRemediationCallableWorker.java:73)
	at ai.glog.execute.workers.TriageAndRemediationCallableWorker.call(TriageAndRemediationCallableWorker.java:31)
	at java.base/java.util.concurrent.FutureTask.run(FutureTask.java:317)
	at java.base/java.util.concurrent.ThreadPoolExecutor.runWorker(ThreadPoolExecutor.java:1144)
	at java.base/java.util.concurrent.ThreadPoolExecutor$Worker.run(ThreadPoolExecutor.java:642)
	at java.base/java.lang.Thread.run(Thread.java:1623)
Caused by: java.lang.IllegalStateException: Expected BEGIN_ARRAY but was BEGIN_OBJECT at line 1 column 2 path $
	at com.google.gson.stream.JsonReader.beginArray(JsonReader.java:350)
	at com.google.gson.internal.bind.ArrayTypeAdapter.read(ArrayTypeAdapter.java:70)
	at com.google.gson.Gson.fromJson(Gson.java:991)
	... 10 more

Oct 06, 2025 5:15:09 PM ai.glog.execute.workers.TriageAndRemediationCallableWorker call
SEVERE: null
java.lang.NullPointerException
	at java.base/java.util.Objects.requireNonNull(Objects.java:233)
	at java.base/java.util.Arrays$ArrayList.<init>(Arrays.java:4234)
	at java.base/java.util.Arrays.asList(Arrays.java:4219)
	at ai.glog.execute.workers.TriageAndRemediationCallableWorker.setGeneralRemediation(TriageAndRemediationCallableWorker.java:162)
	at ai.glog.execute.workers.TriageAndRemediationCallableWorker.call(TriageAndRemediationCallableWorker.java:73)
	at ai.glog.execute.workers.TriageAndRemediationCallableWorker.call(TriageAndRemediationCallableWorker.java:31)
	at java.base/java.util.concurrent.FutureTask.run(FutureTask.java:317)
	at java.base/java.util.concurrent.ThreadPoolExecutor.runWorker(ThreadPoolExecutor.java:1144)
	at java.base/java.util.concurrent.ThreadPoolExecutor$Worker.run(ThreadPoolExecutor.java:642)
	at java.base/java.lang.Thread.run(Thread.java:1623)

Oct 06, 2025 5:15:09 PM ai.glog.service.GlogService getFromGlog
SEVERE: java.lang.IllegalStateException: Expected BEGIN_ARRAY but was BEGIN_OBJECT at line 1 column 2 path $
{"detail":"Invalid token."}
com.google.gson.JsonSyntaxException: java.lang.IllegalStateException: Expected BEGIN_ARRAY but was BEGIN_OBJECT at line 1 column 2 path $
	at com.google.gson.Gson.fromJson(Gson.java:1003)
	at com.google.gson.Gson.fromJson(Gson.java:956)
	at com.google.gson.Gson.fromJson(Gson.java:905)
	at ai.glog.service.GlogService.getFromGlog(GlogService.java:174)
	at ai.glog.execute.workers.TriageAndRemediationCallableWorker.setGeneralRemediation(TriageAndRemediationCallableWorker.java:158)
	at ai.glog.execute.workers.TriageAndRemediationCallableWorker.call(TriageAndRemediationCallableWorker.java:73)
	at ai.glog.execute.workers.TriageAndRemediationCallableWorker.call(TriageAndRemediationCallableWorker.java:31)
	at java.base/java.util.concurrent.FutureTask.run(FutureTask.java:317)
	at java.base/java.util.concurrent.ThreadPoolExecutor.runWorker(ThreadPoolExecutor.java:1144)
	at java.base/java.util.concurrent.ThreadPoolExecutor$Worker.run(ThreadPoolExecutor.java:642)
	at java.base/java.lang.Thread.run(Thread.java:1623)
Caused by: java.lang.IllegalStateException: Expected BEGIN_ARRAY but was BEGIN_OBJECT at line 1 column 2 path $
	at com.google.gson.stream.JsonReader.beginArray(JsonReader.java:350)
	at com.google.gson.internal.bind.ArrayTypeAdapter.read(ArrayTypeAdapter.java:70)
	at com.google.gson.Gson.fromJson(Gson.java:991)
	... 10 more

Oct 06, 2025 5:15:09 PM ai.glog.execute.workers.TriageAndRemediationCallableWorker call
SEVERE: null
java.lang.NullPointerException
	at java.base/java.util.Objects.requireNonNull(Objects.java:233)
	at java.base/java.util.Arrays$ArrayList.<init>(Arrays.java:4234)
	at java.base/java.util.Arrays.asList(Arrays.java:4219)
	at ai.glog.execute.workers.TriageAndRemediationCallableWorker.setGeneralRemediation(TriageAndRemediationCallableWorker.java:162)
	at ai.glog.execute.workers.TriageAndRemediationCallableWorker.call(TriageAndRemediationCallableWorker.java:73)
	at ai.glog.execute.workers.TriageAndRemediationCallableWorker.call(TriageAndRemediationCallableWorker.java:31)
	at java.base/java.util.concurrent.FutureTask.run(FutureTask.java:317)
	at java.base/java.util.concurrent.ThreadPoolExecutor.runWorker(ThreadPoolExecutor.java:1144)
	at java.base/java.util.concurrent.ThreadPoolExecutor$Worker.run(ThreadPoolExecutor.java:642)
	at java.base/java.lang.Thread.run(Thread.java:1623)

Oct 06, 2025 5:15:10 PM ai.glog.service.GlogService getFromGlog
SEVERE: java.lang.IllegalStateException: Expected BEGIN_ARRAY but was BEGIN_OBJECT at line 1 column 2 path $
{"detail":"Invalid token."}
com.google.gson.JsonSyntaxException: java.lang.IllegalStateException: Expected BEGIN_ARRAY but was BEGIN_OBJECT at line 1 column 2 path $
	at com.google.gson.Gson.fromJson(Gson.java:1003)
	at com.google.gson.Gson.fromJson(Gson.java:956)
	at com.google.gson.Gson.fromJson(Gson.java:905)
	at ai.glog.service.GlogService.getFromGlog(GlogService.java:174)
	at ai.glog.execute.workers.TriageAndRemediationCallableWorker.setGeneralRemediation(TriageAndRemediationCallableWorker.java:158)
	at ai.glog.execute.workers.TriageAndRemediationCallableWorker.call(TriageAndRemediationCallableWorker.java:73)
	at ai.glog.execute.workers.TriageAndRemediationCallableWorker.call(TriageAndRemediationCallableWorker.java:31)
	at java.base/java.util.concurrent.FutureTask.run(FutureTask.java:317)
	at java.base/java.util.concurrent.ThreadPoolExecutor.runWorker(ThreadPoolExecutor.java:1144)
	at java.base/java.util.concurrent.ThreadPoolExecutor$Worker.run(ThreadPoolExecutor.java:642)
	at java.base/java.lang.Thread.run(Thread.java:1623)
Caused by: java.lang.IllegalStateException: Expected BEGIN_ARRAY but was BEGIN_OBJECT at line 1 column 2 path $
	at com.google.gson.stream.JsonReader.beginArray(JsonReader.java:350)
	at com.google.gson.internal.bind.ArrayTypeAdapter.read(ArrayTypeAdapter.java:70)
	at com.google.gson.Gson.fromJson(Gson.java:991)
	... 10 more

Oct 06, 2025 5:15:10 PM ai.glog.execute.workers.TriageAndRemediationCallableWorker call
SEVERE: null
java.lang.NullPointerException
	at java.base/java.util.Objects.requireNonNull(Objects.java:233)
	at java.base/java.util.Arrays$ArrayList.<init>(Arrays.java:4234)
	at java.base/java.util.Arrays.asList(Arrays.java:4219)
	at ai.glog.execute.workers.TriageAndRemediationCallableWorker.setGeneralRemediation(TriageAndRemediationCallableWorker.java:162)
	at ai.glog.execute.workers.TriageAndRemediationCallableWorker.call(TriageAndRemediationCallableWorker.java:73)
	at ai.glog.execute.workers.TriageAndRemediationCallableWorker.call(TriageAndRemediationCallableWorker.java:31)
	at java.base/java.util.concurrent.FutureTask.run(FutureTask.java:317)
	at java.base/java.util.concurrent.ThreadPoolExecutor.runWorker(ThreadPoolExecutor.java:1144)
	at java.base/java.util.concurrent.ThreadPoolExecutor$Worker.run(ThreadPoolExecutor.java:642)
	at java.base/java.lang.Thread.run(Thread.java:1623)

Oct 06, 2025 5:15:10 PM ai.glog.service.GlogService getFromGlog
SEVERE: java.lang.IllegalStateException: Expected BEGIN_ARRAY but was BEGIN_OBJECT at line 1 column 2 path $
{"detail":"Invalid token."}
com.google.gson.JsonSyntaxException: java.lang.IllegalStateException: Expected BEGIN_ARRAY but was BEGIN_OBJECT at line 1 column 2 path $
	at com.google.gson.Gson.fromJson(Gson.java:1003)
	at com.google.gson.Gson.fromJson(Gson.java:956)
	at com.google.gson.Gson.fromJson(Gson.java:905)
	at ai.glog.service.GlogService.getFromGlog(GlogService.java:174)
	at ai.glog.execute.workers.TriageAndRemediationCallableWorker.setGeneralRemediation(TriageAndRemediationCallableWorker.java:158)
	at ai.glog.execute.workers.TriageAndRemediationCallableWorker.call(TriageAndRemediationCallableWorker.java:73)
	at ai.glog.execute.workers.TriageAndRemediationCallableWorker.call(TriageAndRemediationCallableWorker.java:31)
	at java.base/java.util.concurrent.FutureTask.run(FutureTask.java:317)
	at java.base/java.util.concurrent.ThreadPoolExecutor.runWorker(ThreadPoolExecutor.java:1144)
	at java.base/java.util.concurrent.ThreadPoolExecutor$Worker.run(ThreadPoolExecutor.java:642)
	at java.base/java.lang.Thread.run(Thread.java:1623)
Caused by: java.lang.IllegalStateException: Expected BEGIN_ARRAY but was BEGIN_OBJECT at line 1 column 2 path $
	at com.google.gson.stream.JsonReader.beginArray(JsonReader.java:350)
	at com.google.gson.internal.bind.ArrayTypeAdapter.read(ArrayTypeAdapter.java:70)
	at com.google.gson.Gson.fromJson(Gson.java:991)
	... 10 more

Oct 06, 2025 5:15:10 PM ai.glog.execute.workers.TriageAndRemediationCallableWorker call
SEVERE: null
java.lang.NullPointerException
	at java.base/java.util.Objects.requireNonNull(Objects.java:233)
	at java.base/java.util.Arrays$ArrayList.<init>(Arrays.java:4234)
	at java.base/java.util.Arrays.asList(Arrays.java:4219)
	at ai.glog.execute.workers.TriageAndRemediationCallableWorker.setGeneralRemediation(TriageAndRemediationCallableWorker.java:162)
	at ai.glog.execute.workers.TriageAndRemediationCallableWorker.call(TriageAndRemediationCallableWorker.java:73)
	at ai.glog.execute.workers.TriageAndRemediationCallableWorker.call(TriageAndRemediationCallableWorker.java:31)
	at java.base/java.util.concurrent.FutureTask.run(FutureTask.java:317)
	at java.base/java.util.concurrent.ThreadPoolExecutor.runWorker(ThreadPoolExecutor.java:1144)
	at java.base/java.util.concurrent.ThreadPoolExecutor$Worker.run(ThreadPoolExecutor.java:642)
	at java.base/java.lang.Thread.run(Thread.java:1623)

Oct 06, 2025 5:15:10 PM ai.glog.service.GlogService getFromGlog
SEVERE: java.lang.IllegalStateException: Expected BEGIN_ARRAY but was BEGIN_OBJECT at line 1 column 2 path $
{"detail":"Invalid token."}
com.google.gson.JsonSyntaxException: java.lang.IllegalStateException: Expected BEGIN_ARRAY but was BEGIN_OBJECT at line 1 column 2 path $
	at com.google.gson.Gson.fromJson(Gson.java:1003)
	at com.google.gson.Gson.fromJson(Gson.java:956)
	at com.google.gson.Gson.fromJson(Gson.java:905)
	at ai.glog.service.GlogService.getFromGlog(GlogService.java:174)
	at ai.glog.execute.workers.TriageAndRemediationCallableWorker.setGeneralRemediation(TriageAndRemediationCallableWorker.java:158)
	at ai.glog.execute.workers.TriageAndRemediationCallableWorker.call(TriageAndRemediationCallableWorker.java:73)
	at ai.glog.execute.workers.TriageAndRemediationCallableWorker.call(TriageAndRemediationCallableWorker.java:31)
	at java.base/java.util.concurrent.FutureTask.run(FutureTask.java:317)
	at java.base/java.util.concurrent.ThreadPoolExecutor.runWorker(ThreadPoolExecutor.java:1144)
	at java.base/java.util.concurrent.ThreadPoolExecutor$Worker.run(ThreadPoolExecutor.java:642)
	at java.base/java.lang.Thread.run(Thread.java:1623)
Caused by: java.lang.IllegalStateException: Expected BEGIN_ARRAY but was BEGIN_OBJECT at line 1 column 2 path $
	at com.google.gson.stream.JsonReader.beginArray(JsonReader.java:350)
	at com.google.gson.internal.bind.ArrayTypeAdapter.read(ArrayTypeAdapter.java:70)
	at com.google.gson.Gson.fromJson(Gson.java:991)
	... 10 more

Oct 06, 2025 5:15:10 PM ai.glog.execute.workers.TriageAndRemediationCallableWorker call
SEVERE: null
java.lang.NullPointerException
	at java.base/java.util.Objects.requireNonNull(Objects.java:233)
	at java.base/java.util.Arrays$ArrayList.<init>(Arrays.java:4234)
	at java.base/java.util.Arrays.asList(Arrays.java:4219)
	at ai.glog.execute.workers.TriageAndRemediationCallableWorker.setGeneralRemediation(TriageAndRemediationCallableWorker.java:162)
	at ai.glog.execute.workers.TriageAndRemediationCallableWorker.call(TriageAndRemediationCallableWorker.java:73)
	at ai.glog.execute.workers.TriageAndRemediationCallableWorker.call(TriageAndRemediationCallableWorker.java:31)
	at java.base/java.util.concurrent.FutureTask.run(FutureTask.java:317)
	at java.base/java.util.concurrent.ThreadPoolExecutor.runWorker(ThreadPoolExecutor.java:1144)
	at java.base/java.util.concurrent.ThreadPoolExecutor$Worker.run(ThreadPoolExecutor.java:642)
	at java.base/java.lang.Thread.run(Thread.java:1623)

Oct 06, 2025 5:15:10 PM ai.glog.service.GlogService getFromGlog
SEVERE: java.lang.IllegalStateException: Expected BEGIN_ARRAY but was BEGIN_OBJECT at line 1 column 2 path $
{"detail":"Invalid token."}
com.google.gson.JsonSyntaxException: java.lang.IllegalStateException: Expected BEGIN_ARRAY but was BEGIN_OBJECT at line 1 column 2 path $
	at com.google.gson.Gson.fromJson(Gson.java:1003)
	at com.google.gson.Gson.fromJson(Gson.java:956)
	at com.google.gson.Gson.fromJson(Gson.java:905)
	at ai.glog.service.GlogService.getFromGlog(GlogService.java:174)
	at ai.glog.execute.workers.TriageAndRemediationCallableWorker.setGeneralRemediation(TriageAndRemediationCallableWorker.java:158)
	at ai.glog.execute.workers.TriageAndRemediationCallableWorker.call(TriageAndRemediationCallableWorker.java:73)
	at ai.glog.execute.workers.TriageAndRemediationCallableWorker.call(TriageAndRemediationCallableWorker.java:31)
	at java.base/java.util.concurrent.FutureTask.run(FutureTask.java:317)
	at java.base/java.util.concurrent.ThreadPoolExecutor.runWorker(ThreadPoolExecutor.java:1144)
	at java.base/java.util.concurrent.ThreadPoolExecutor$Worker.run(ThreadPoolExecutor.java:642)
	at java.base/java.lang.Thread.run(Thread.java:1623)
Caused by: java.lang.IllegalStateException: Expected BEGIN_ARRAY but was BEGIN_OBJECT at line 1 column 2 path $
	at com.google.gson.stream.JsonReader.beginArray(JsonReader.java:350)
	at com.google.gson.internal.bind.ArrayTypeAdapter.read(ArrayTypeAdapter.java:70)
	at com.google.gson.Gson.fromJson(Gson.java:991)
	... 10 more

Oct 06, 2025 5:15:10 PM ai.glog.execute.workers.TriageAndRemediationCallableWorker call
SEVERE: null
java.lang.NullPointerException
	at java.base/java.util.Objects.requireNonNull(Objects.java:233)
	at java.base/java.util.Arrays$ArrayList.<init>(Arrays.java:4234)
	at java.base/java.util.Arrays.asList(Arrays.java:4219)
	at ai.glog.execute.workers.TriageAndRemediationCallableWorker.setGeneralRemediation(TriageAndRemediationCallableWorker.java:162)
	at ai.glog.execute.workers.TriageAndRemediationCallableWorker.call(TriageAndRemediationCallableWorker.java:73)
	at ai.glog.execute.workers.TriageAndRemediationCallableWorker.call(TriageAndRemediationCallableWorker.java:31)
	at java.base/java.util.concurrent.FutureTask.run(FutureTask.java:317)
	at java.base/java.util.concurrent.ThreadPoolExecutor.runWorker(ThreadPoolExecutor.java:1144)
	at java.base/java.util.concurrent.ThreadPoolExecutor$Worker.run(ThreadPoolExecutor.java:642)
	at java.base/java.lang.Thread.run(Thread.java:1623)

Oct 06, 2025 5:15:11 PM ai.glog.execute.workers.TriageAndRemediationCallableWorker isFalsePositive
SEVERE: {
  "ruleId" : "DS154189",
  "ruleIndex" : null,
  "rule" : null,
  "kind" : "FAIL",
  "level" : "WARNING",
  "message" : {
    "text" : "Banned C function detected",
    "markdown" : null,
    "id" : null,
    "arguments" : null,
    "properties" : null
  },
  "analysisTarget" : null,
  "locations" : [ {
    "id" : null,
    "physicalLocation" : {
      "address" : null,
      "artifactLocation" : {
        "uri" : "example/amd_smi_drm_example.cc",
        "uriBaseId" : null,
        "index" : null,
        "description" : null,
        "properties" : null
      },
      "region" : {
        "startLine" : 1237,
        "startColumn" : 16,
        "endLine" : 1237,
        "endColumn" : 23,
        "charOffset" : 59807,
        "charLength" : 7,
        "byteOffset" : null,
        "byteLength" : null,
        "snippet" : {
          "text" : "sprintf",
          "binary" : null,
          "rendered" : {
            "text" : "sprintf",
            "markdown" : "`sprintf`",
            "properties" : null
          },
          "properties" : null
        },
        "message" : null,
        "sourceLanguage" : "cpp",
        "properties" : null
      },
      "contextRegion" : null,
      "properties" : null
    },
    "logicalLocations" : null,
    "message" : null,
    "annotations" : null,
    "relationships" : null,
    "properties" : null
  } ],
  "guid" : null,
  "correlationGuid" : null,
  "occurrenceCount" : null,
  "partialFingerprints" : null,
  "fingerprints" : null,
  "stacks" : null,
  "codeFlows" : null,
  "graphs" : null,
  "graphTraversals" : null,
  "relatedLocations" : null,
  "suppressions" : null,
  "baselineState" : null,
  "rank" : null,
  "attachments" : null,
  "hostedViewerUri" : null,
  "workItemUris" : null,
  "provenance" : null,
  "fixes" : null,
  "taxa" : null,
  "webRequest" : null,
  "webResponse" : null,
  "properties" : {
    "DevSkimSeverity" : "Moderate",
    "DevSkimConfidence" : "High"
  }
}
java.util.NoSuchElementException: next on empty iterator
	at scala.collection.Iterator$$anon$19.next(Iterator.scala:973)
	at scala.collection.Iterator$$anon$19.next(Iterator.scala:971)
	at scala.collection.Iterator$$anon$6.next(Iterator.scala:492)
	at flatgraph.traversal.GenericSteps$.head$extension(Language.scala:80)
	at ai.glog.cpg.analysis.SinkAnalyzer$.getSink(SinkAnalyzer.scala:29)
	at ai.glog.cpg.analysis.SinkAnalyzer.getSink(SinkAnalyzer.scala)
	at ai.glog.reporting.Sarif.getSinkCpg(Sarif.java:187)
	at ai.glog.plugins.devskim.rules.resolve.DangerousCFunctionDetectedResolver.isFalsePositive(DangerousCFunctionDetectedResolver.java:22)
	at ai.glog.execute.workers.TriageAndRemediationCallableWorker.isFalsePositive(TriageAndRemediationCallableWorker.java:116)
	at ai.glog.execute.workers.TriageAndRemediationCallableWorker.call(TriageAndRemediationCallableWorker.java:66)
	at ai.glog.execute.workers.TriageAndRemediationCallableWorker.call(TriageAndRemediationCallableWorker.java:31)
	at java.base/java.util.concurrent.FutureTask.run(FutureTask.java:317)
	at java.base/java.util.concurrent.ThreadPoolExecutor.runWorker(ThreadPoolExecutor.java:1144)
	at java.base/java.util.concurrent.ThreadPoolExecutor$Worker.run(ThreadPoolExecutor.java:642)
	at java.base/java.lang.Thread.run(Thread.java:1623)

Oct 06, 2025 5:15:11 PM ai.glog.execute.workers.TriageAndRemediationCallableWorker isFalsePositive
SEVERE: next on empty iterator
java.util.NoSuchElementException: next on empty iterator
	at scala.collection.Iterator$$anon$19.next(Iterator.scala:973)
	at scala.collection.Iterator$$anon$19.next(Iterator.scala:971)
	at scala.collection.Iterator$$anon$6.next(Iterator.scala:492)
	at flatgraph.traversal.GenericSteps$.head$extension(Language.scala:80)
	at ai.glog.cpg.analysis.SinkAnalyzer$.getSink(SinkAnalyzer.scala:29)
	at ai.glog.cpg.analysis.SinkAnalyzer.getSink(SinkAnalyzer.scala)
	at ai.glog.reporting.Sarif.getSinkCpg(Sarif.java:187)
	at ai.glog.plugins.devskim.rules.resolve.DangerousCFunctionDetectedResolver.isFalsePositive(DangerousCFunctionDetectedResolver.java:22)
	at ai.glog.execute.workers.TriageAndRemediationCallableWorker.isFalsePositive(TriageAndRemediationCallableWorker.java:116)
	at ai.glog.execute.workers.TriageAndRemediationCallableWorker.call(TriageAndRemediationCallableWorker.java:66)
	at ai.glog.execute.workers.TriageAndRemediationCallableWorker.call(TriageAndRemediationCallableWorker.java:31)
	at java.base/java.util.concurrent.FutureTask.run(FutureTask.java:317)
	at java.base/java.util.concurrent.ThreadPoolExecutor.runWorker(ThreadPoolExecutor.java:1144)
	at java.base/java.util.concurrent.ThreadPoolExecutor$Worker.run(ThreadPoolExecutor.java:642)
	at java.base/java.lang.Thread.run(Thread.java:1623)

Oct 06, 2025 5:15:11 PM ai.glog.service.GlogService getFromGlog
SEVERE: java.lang.IllegalStateException: Expected BEGIN_ARRAY but was BEGIN_OBJECT at line 1 column 2 path $
{"detail":"Invalid token."}
com.google.gson.JsonSyntaxException: java.lang.IllegalStateException: Expected BEGIN_ARRAY but was BEGIN_OBJECT at line 1 column 2 path $
	at com.google.gson.Gson.fromJson(Gson.java:1003)
	at com.google.gson.Gson.fromJson(Gson.java:956)
	at com.google.gson.Gson.fromJson(Gson.java:905)
	at ai.glog.service.GlogService.getFromGlog(GlogService.java:174)
	at ai.glog.execute.workers.TriageAndRemediationCallableWorker.setGeneralRemediation(TriageAndRemediationCallableWorker.java:158)
	at ai.glog.execute.workers.TriageAndRemediationCallableWorker.call(TriageAndRemediationCallableWorker.java:73)
	at ai.glog.execute.workers.TriageAndRemediationCallableWorker.call(TriageAndRemediationCallableWorker.java:31)
	at java.base/java.util.concurrent.FutureTask.run(FutureTask.java:317)
	at java.base/java.util.concurrent.ThreadPoolExecutor.runWorker(ThreadPoolExecutor.java:1144)
	at java.base/java.util.concurrent.ThreadPoolExecutor$Worker.run(ThreadPoolExecutor.java:642)
	at java.base/java.lang.Thread.run(Thread.java:1623)
Caused by: java.lang.IllegalStateException: Expected BEGIN_ARRAY but was BEGIN_OBJECT at line 1 column 2 path $
	at com.google.gson.stream.JsonReader.beginArray(JsonReader.java:350)
	at com.google.gson.internal.bind.ArrayTypeAdapter.read(ArrayTypeAdapter.java:70)
	at com.google.gson.Gson.fromJson(Gson.java:991)
	... 10 more

Oct 06, 2025 5:15:11 PM ai.glog.execute.workers.TriageAndRemediationCallableWorker call
SEVERE: null
java.lang.NullPointerException
	at java.base/java.util.Objects.requireNonNull(Objects.java:233)
	at java.base/java.util.Arrays$ArrayList.<init>(Arrays.java:4234)
	at java.base/java.util.Arrays.asList(Arrays.java:4219)
	at ai.glog.execute.workers.TriageAndRemediationCallableWorker.setGeneralRemediation(TriageAndRemediationCallableWorker.java:162)
	at ai.glog.execute.workers.TriageAndRemediationCallableWorker.call(TriageAndRemediationCallableWorker.java:73)
	at ai.glog.execute.workers.TriageAndRemediationCallableWorker.call(TriageAndRemediationCallableWorker.java:31)
	at java.base/java.util.concurrent.FutureTask.run(FutureTask.java:317)
	at java.base/java.util.concurrent.ThreadPoolExecutor.runWorker(ThreadPoolExecutor.java:1144)
	at java.base/java.util.concurrent.ThreadPoolExecutor$Worker.run(ThreadPoolExecutor.java:642)
	at java.base/java.lang.Thread.run(Thread.java:1623)

Oct 06, 2025 5:15:11 PM ai.glog.service.GlogService getFromGlog
SEVERE: java.lang.IllegalStateException: Expected BEGIN_ARRAY but was BEGIN_OBJECT at line 1 column 2 path $
{"detail":"Invalid token."}
com.google.gson.JsonSyntaxException: java.lang.IllegalStateException: Expected BEGIN_ARRAY but was BEGIN_OBJECT at line 1 column 2 path $
	at com.google.gson.Gson.fromJson(Gson.java:1003)
	at com.google.gson.Gson.fromJson(Gson.java:956)
	at com.google.gson.Gson.fromJson(Gson.java:905)
	at ai.glog.service.GlogService.getFromGlog(GlogService.java:174)
	at ai.glog.execute.workers.TriageAndRemediationCallableWorker.setGeneralRemediation(TriageAndRemediationCallableWorker.java:158)
	at ai.glog.execute.workers.TriageAndRemediationCallableWorker.call(TriageAndRemediationCallableWorker.java:73)
	at ai.glog.execute.workers.TriageAndRemediationCallableWorker.call(TriageAndRemediationCallableWorker.java:31)
	at java.base/java.util.concurrent.FutureTask.run(FutureTask.java:317)
	at java.base/java.util.concurrent.ThreadPoolExecutor.runWorker(ThreadPoolExecutor.java:1144)
	at java.base/java.util.concurrent.ThreadPoolExecutor$Worker.run(ThreadPoolExecutor.java:642)
	at java.base/java.lang.Thread.run(Thread.java:1623)
Caused by: java.lang.IllegalStateException: Expected BEGIN_ARRAY but was BEGIN_OBJECT at line 1 column 2 path $
	at com.google.gson.stream.JsonReader.beginArray(JsonReader.java:350)
	at com.google.gson.internal.bind.ArrayTypeAdapter.read(ArrayTypeAdapter.java:70)
	at com.google.gson.Gson.fromJson(Gson.java:991)
	... 10 more

Oct 06, 2025 5:15:11 PM ai.glog.execute.workers.TriageAndRemediationCallableWorker call
SEVERE: null
java.lang.NullPointerException
	at java.base/java.util.Objects.requireNonNull(Objects.java:233)
	at java.base/java.util.Arrays$ArrayList.<init>(Arrays.java:4234)
	at java.base/java.util.Arrays.asList(Arrays.java:4219)
	at ai.glog.execute.workers.TriageAndRemediationCallableWorker.setGeneralRemediation(TriageAndRemediationCallableWorker.java:162)
	at ai.glog.execute.workers.TriageAndRemediationCallableWorker.call(TriageAndRemediationCallableWorker.java:73)
	at ai.glog.execute.workers.TriageAndRemediationCallableWorker.call(TriageAndRemediationCallableWorker.java:31)
	at java.base/java.util.concurrent.FutureTask.run(FutureTask.java:317)
	at java.base/java.util.concurrent.ThreadPoolExecutor.runWorker(ThreadPoolExecutor.java:1144)
	at java.base/java.util.concurrent.ThreadPoolExecutor$Worker.run(ThreadPoolExecutor.java:642)
	at java.base/java.lang.Thread.run(Thread.java:1623)

Oct 06, 2025 5:15:13 PM ai.glog.service.GlogService getFromGlog
SEVERE: java.lang.IllegalStateException: Expected BEGIN_ARRAY but was BEGIN_OBJECT at line 1 column 2 path $
{"detail":"Invalid token."}
com.google.gson.JsonSyntaxException: java.lang.IllegalStateException: Expected BEGIN_ARRAY but was BEGIN_OBJECT at line 1 column 2 path $
	at com.google.gson.Gson.fromJson(Gson.java:1003)
	at com.google.gson.Gson.fromJson(Gson.java:956)
	at com.google.gson.Gson.fromJson(Gson.java:905)
	at ai.glog.service.GlogService.getFromGlog(GlogService.java:174)
	at ai.glog.execute.workers.TriageAndRemediationCallableWorker.setGeneralRemediation(TriageAndRemediationCallableWorker.java:158)
	at ai.glog.execute.workers.TriageAndRemediationCallableWorker.call(TriageAndRemediationCallableWorker.java:73)
	at ai.glog.execute.workers.TriageAndRemediationCallableWorker.call(TriageAndRemediationCallableWorker.java:31)
	at java.base/java.util.concurrent.FutureTask.run(FutureTask.java:317)
	at java.base/java.util.concurrent.ThreadPoolExecutor.runWorker(ThreadPoolExecutor.java:1144)
	at java.base/java.util.concurrent.ThreadPoolExecutor$Worker.run(ThreadPoolExecutor.java:642)
	at java.base/java.lang.Thread.run(Thread.java:1623)
Caused by: java.lang.IllegalStateException: Expected BEGIN_ARRAY but was BEGIN_OBJECT at line 1 column 2 path $
	at com.google.gson.stream.JsonReader.beginArray(JsonReader.java:350)
	at com.google.gson.internal.bind.ArrayTypeAdapter.read(ArrayTypeAdapter.java:70)
	at com.google.gson.Gson.fromJson(Gson.java:991)
	... 10 more

Oct 06, 2025 5:15:13 PM ai.glog.execute.workers.TriageAndRemediationCallableWorker call
SEVERE: null
java.lang.NullPointerException
	at java.base/java.util.Objects.requireNonNull(Objects.java:233)
	at java.base/java.util.Arrays$ArrayList.<init>(Arrays.java:4234)
	at java.base/java.util.Arrays.asList(Arrays.java:4219)
	at ai.glog.execute.workers.TriageAndRemediationCallableWorker.setGeneralRemediation(TriageAndRemediationCallableWorker.java:162)
	at ai.glog.execute.workers.TriageAndRemediationCallableWorker.call(TriageAndRemediationCallableWorker.java:73)
	at ai.glog.execute.workers.TriageAndRemediationCallableWorker.call(TriageAndRemediationCallableWorker.java:31)
	at java.base/java.util.concurrent.FutureTask.run(FutureTask.java:317)
	at java.base/java.util.concurrent.ThreadPoolExecutor.runWorker(ThreadPoolExecutor.java:1144)
	at java.base/java.util.concurrent.ThreadPoolExecutor$Worker.run(ThreadPoolExecutor.java:642)
	at java.base/java.lang.Thread.run(Thread.java:1623)

Oct 06, 2025 5:15:13 PM ai.glog.service.GlogService getFromGlog
SEVERE: java.lang.IllegalStateException: Expected BEGIN_ARRAY but was BEGIN_OBJECT at line 1 column 2 path $
{"detail":"Invalid token."}
com.google.gson.JsonSyntaxException: java.lang.IllegalStateException: Expected BEGIN_ARRAY but was BEGIN_OBJECT at line 1 column 2 path $
	at com.google.gson.Gson.fromJson(Gson.java:1003)
	at com.google.gson.Gson.fromJson(Gson.java:956)
	at com.google.gson.Gson.fromJson(Gson.java:905)
	at ai.glog.service.GlogService.getFromGlog(GlogService.java:174)
	at ai.glog.execute.workers.TriageAndRemediationCallableWorker.setGeneralRemediation(TriageAndRemediationCallableWorker.java:158)
	at ai.glog.execute.workers.TriageAndRemediationCallableWorker.call(TriageAndRemediationCallableWorker.java:73)
	at ai.glog.execute.workers.TriageAndRemediationCallableWorker.call(TriageAndRemediationCallableWorker.java:31)
	at java.base/java.util.concurrent.FutureTask.run(FutureTask.java:317)
	at java.base/java.util.concurrent.ThreadPoolExecutor.runWorker(ThreadPoolExecutor.java:1144)
	at java.base/java.util.concurrent.ThreadPoolExecutor$Worker.run(ThreadPoolExecutor.java:642)
	at java.base/java.lang.Thread.run(Thread.java:1623)
Caused by: java.lang.IllegalStateException: Expected BEGIN_ARRAY but was BEGIN_OBJECT at line 1 column 2 path $
	at com.google.gson.stream.JsonReader.beginArray(JsonReader.java:350)
	at com.google.gson.internal.bind.ArrayTypeAdapter.read(ArrayTypeAdapter.java:70)
	at com.google.gson.Gson.fromJson(Gson.java:991)
	... 10 more

Oct 06, 2025 5:15:13 PM ai.glog.execute.workers.TriageAndRemediationCallableWorker call
SEVERE: null
java.lang.NullPointerException
	at java.base/java.util.Objects.requireNonNull(Objects.java:233)
	at java.base/java.util.Arrays$ArrayList.<init>(Arrays.java:4234)
	at java.base/java.util.Arrays.asList(Arrays.java:4219)
	at ai.glog.execute.workers.TriageAndRemediationCallableWorker.setGeneralRemediation(TriageAndRemediationCallableWorker.java:162)
	at ai.glog.execute.workers.TriageAndRemediationCallableWorker.call(TriageAndRemediationCallableWorker.java:73)
	at ai.glog.execute.workers.TriageAndRemediationCallableWorker.call(TriageAndRemediationCallableWorker.java:31)
	at java.base/java.util.concurrent.FutureTask.run(FutureTask.java:317)
	at java.base/java.util.concurrent.ThreadPoolExecutor.runWorker(ThreadPoolExecutor.java:1144)
	at java.base/java.util.concurrent.ThreadPoolExecutor$Worker.run(ThreadPoolExecutor.java:642)
	at java.base/java.lang.Thread.run(Thread.java:1623)

Oct 06, 2025 5:15:13 PM ai.glog.execute.workers.TriageAndRemediationCallableWorker isFalsePositive
SEVERE: {
  "ruleId" : "DS154189",
  "ruleIndex" : null,
  "rule" : null,
  "kind" : "FAIL",
  "level" : "WARNING",
  "message" : {
    "text" : "Banned C function detected",
    "markdown" : null,
    "id" : null,
    "arguments" : null,
    "properties" : null
  },
  "analysisTarget" : null,
  "locations" : [ {
    "id" : null,
    "physicalLocation" : {
      "address" : null,
      "artifactLocation" : {
        "uri" : "example/amd_smi_drm_example.cc",
        "uriBaseId" : null,
        "index" : null,
        "description" : null,
        "properties" : null
      },
      "region" : {
        "startLine" : 1102,
        "startColumn" : 16,
        "endLine" : 1102,
        "endColumn" : 22,
        "charOffset" : 53004,
        "charLength" : 6,
        "byteOffset" : null,
        "byteLength" : null,
        "snippet" : {
          "text" : "printf",
          "binary" : null,
          "rendered" : {
            "text" : "printf",
            "markdown" : "`printf`",
            "properties" : null
          },
          "properties" : null
        },
        "message" : null,
        "sourceLanguage" : "cpp",
        "properties" : null
      },
      "contextRegion" : null,
      "properties" : null
    },
    "logicalLocations" : null,
    "message" : null,
    "annotations" : null,
    "relationships" : null,
    "properties" : null
  } ],
  "guid" : null,
  "correlationGuid" : null,
  "occurrenceCount" : null,
  "partialFingerprints" : null,
  "fingerprints" : null,
  "stacks" : null,
  "codeFlows" : null,
  "graphs" : null,
  "graphTraversals" : null,
  "relatedLocations" : null,
  "suppressions" : null,
  "baselineState" : null,
  "rank" : null,
  "attachments" : null,
  "hostedViewerUri" : null,
  "workItemUris" : null,
  "provenance" : null,
  "fixes" : null,
  "taxa" : null,
  "webRequest" : null,
  "webResponse" : null,
  "properties" : {
    "DevSkimSeverity" : "Moderate",
    "DevSkimConfidence" : "High"
  }
}
java.util.NoSuchElementException: next on empty iterator
	at scala.collection.Iterator$$anon$19.next(Iterator.scala:973)
	at scala.collection.Iterator$$anon$19.next(Iterator.scala:971)
	at scala.collection.Iterator$$anon$6.next(Iterator.scala:492)
	at flatgraph.traversal.GenericSteps$.head$extension(Language.scala:80)
	at ai.glog.cpg.analysis.SinkAnalyzer$.getSink(SinkAnalyzer.scala:29)
	at ai.glog.cpg.analysis.SinkAnalyzer.getSink(SinkAnalyzer.scala)
	at ai.glog.reporting.Sarif.getSinkCpg(Sarif.java:187)
	at ai.glog.plugins.devskim.rules.resolve.DangerousCFunctionDetectedResolver.isFalsePositive(DangerousCFunctionDetectedResolver.java:22)
	at ai.glog.execute.workers.TriageAndRemediationCallableWorker.isFalsePositive(TriageAndRemediationCallableWorker.java:116)
	at ai.glog.execute.workers.TriageAndRemediationCallableWorker.call(TriageAndRemediationCallableWorker.java:66)
	at ai.glog.execute.workers.TriageAndRemediationCallableWorker.call(TriageAndRemediationCallableWorker.java:31)
	at java.base/java.util.concurrent.FutureTask.run(FutureTask.java:317)
	at java.base/java.util.concurrent.ThreadPoolExecutor.runWorker(ThreadPoolExecutor.java:1144)
	at java.base/java.util.concurrent.ThreadPoolExecutor$Worker.run(ThreadPoolExecutor.java:642)
	at java.base/java.lang.Thread.run(Thread.java:1623)

Oct 06, 2025 5:15:13 PM ai.glog.execute.workers.TriageAndRemediationCallableWorker isFalsePositive
SEVERE: next on empty iterator
java.util.NoSuchElementException: next on empty iterator
	at scala.collection.Iterator$$anon$19.next(Iterator.scala:973)
	at scala.collection.Iterator$$anon$19.next(Iterator.scala:971)
	at scala.collection.Iterator$$anon$6.next(Iterator.scala:492)
	at flatgraph.traversal.GenericSteps$.head$extension(Language.scala:80)
	at ai.glog.cpg.analysis.SinkAnalyzer$.getSink(SinkAnalyzer.scala:29)
	at ai.glog.cpg.analysis.SinkAnalyzer.getSink(SinkAnalyzer.scala)
	at ai.glog.reporting.Sarif.getSinkCpg(Sarif.java:187)
	at ai.glog.plugins.devskim.rules.resolve.DangerousCFunctionDetectedResolver.isFalsePositive(DangerousCFunctionDetectedResolver.java:22)
	at ai.glog.execute.workers.TriageAndRemediationCallableWorker.isFalsePositive(TriageAndRemediationCallableWorker.java:116)
	at ai.glog.execute.workers.TriageAndRemediationCallableWorker.call(TriageAndRemediationCallableWorker.java:66)
	at ai.glog.execute.workers.TriageAndRemediationCallableWorker.call(TriageAndRemediationCallableWorker.java:31)
	at java.base/java.util.concurrent.FutureTask.run(FutureTask.java:317)
	at java.base/java.util.concurrent.ThreadPoolExecutor.runWorker(ThreadPoolExecutor.java:1144)
	at java.base/java.util.concurrent.ThreadPoolExecutor$Worker.run(ThreadPoolExecutor.java:642)
	at java.base/java.lang.Thread.run(Thread.java:1623)

Oct 06, 2025 5:15:13 PM ai.glog.execute.workers.TriageAndRemediationCallableWorker isFalsePositive
SEVERE: {
  "ruleId" : "DS154189",
  "ruleIndex" : null,
  "rule" : null,
  "kind" : "FAIL",
  "level" : "WARNING",
  "message" : {
    "text" : "Banned C function detected",
    "markdown" : null,
    "id" : null,
    "arguments" : null,
    "properties" : null
  },
  "analysisTarget" : null,
  "locations" : [ {
    "id" : null,
    "physicalLocation" : {
      "address" : null,
      "artifactLocation" : {
        "uri" : "example/amd_smi_drm_example.cc",
        "uriBaseId" : null,
        "index" : null,
        "description" : null,
        "properties" : null
      },
      "region" : {
        "startLine" : 1098,
        "startColumn" : 16,
        "endLine" : 1098,
        "endColumn" : 22,
        "charOffset" : 52730,
        "charLength" : 6,
        "byteOffset" : null,
        "byteLength" : null,
        "snippet" : {
          "text" : "printf",
          "binary" : null,
          "rendered" : {
            "text" : "printf",
            "markdown" : "`printf`",
            "properties" : null
          },
          "properties" : null
        },
        "message" : null,
        "sourceLanguage" : "cpp",
        "properties" : null
      },
      "contextRegion" : null,
      "properties" : null
    },
    "logicalLocations" : null,
    "message" : null,
    "annotations" : null,
    "relationships" : null,
    "properties" : null
  } ],
  "guid" : null,
  "correlationGuid" : null,
  "occurrenceCount" : null,
  "partialFingerprints" : null,
  "fingerprints" : null,
  "stacks" : null,
  "codeFlows" : null,
  "graphs" : null,
  "graphTraversals" : null,
  "relatedLocations" : null,
  "suppressions" : null,
  "baselineState" : null,
  "rank" : null,
  "attachments" : null,
  "hostedViewerUri" : null,
  "workItemUris" : null,
  "provenance" : null,
  "fixes" : null,
  "taxa" : null,
  "webRequest" : null,
  "webResponse" : null,
  "properties" : {
    "DevSkimSeverity" : "Moderate",
    "DevSkimConfidence" : "High"
  }
}
java.util.NoSuchElementException: next on empty iterator
	at scala.collection.Iterator$$anon$19.next(Iterator.scala:973)
	at scala.collection.Iterator$$anon$19.next(Iterator.scala:971)
	at scala.collection.Iterator$$anon$6.next(Iterator.scala:492)
	at flatgraph.traversal.GenericSteps$.head$extension(Language.scala:80)
	at ai.glog.cpg.analysis.SinkAnalyzer$.getSink(SinkAnalyzer.scala:29)
	at ai.glog.cpg.analysis.SinkAnalyzer.getSink(SinkAnalyzer.scala)
	at ai.glog.reporting.Sarif.getSinkCpg(Sarif.java:187)
	at ai.glog.plugins.devskim.rules.resolve.DangerousCFunctionDetectedResolver.isFalsePositive(DangerousCFunctionDetectedResolver.java:22)
	at ai.glog.execute.workers.TriageAndRemediationCallableWorker.isFalsePositive(TriageAndRemediationCallableWorker.java:116)
	at ai.glog.execute.workers.TriageAndRemediationCallableWorker.call(TriageAndRemediationCallableWorker.java:66)
	at ai.glog.execute.workers.TriageAndRemediationCallableWorker.call(TriageAndRemediationCallableWorker.java:31)
	at java.base/java.util.concurrent.FutureTask.run(FutureTask.java:317)
	at java.base/java.util.concurrent.ThreadPoolExecutor.runWorker(ThreadPoolExecutor.java:1144)
	at java.base/java.util.concurrent.ThreadPoolExecutor$Worker.run(ThreadPoolExecutor.java:642)
	at java.base/java.lang.Thread.run(Thread.java:1623)

Oct 06, 2025 5:15:13 PM ai.glog.execute.workers.TriageAndRemediationCallableWorker isFalsePositive
SEVERE: next on empty iterator
java.util.NoSuchElementException: next on empty iterator
	at scala.collection.Iterator$$anon$19.next(Iterator.scala:973)
	at scala.collection.Iterator$$anon$19.next(Iterator.scala:971)
	at scala.collection.Iterator$$anon$6.next(Iterator.scala:492)
	at flatgraph.traversal.GenericSteps$.head$extension(Language.scala:80)
	at ai.glog.cpg.analysis.SinkAnalyzer$.getSink(SinkAnalyzer.scala:29)
	at ai.glog.cpg.analysis.SinkAnalyzer.getSink(SinkAnalyzer.scala)
	at ai.glog.reporting.Sarif.getSinkCpg(Sarif.java:187)
	at ai.glog.plugins.devskim.rules.resolve.DangerousCFunctionDetectedResolver.isFalsePositive(DangerousCFunctionDetectedResolver.java:22)
	at ai.glog.execute.workers.TriageAndRemediationCallableWorker.isFalsePositive(TriageAndRemediationCallableWorker.java:116)
	at ai.glog.execute.workers.TriageAndRemediationCallableWorker.call(TriageAndRemediationCallableWorker.java:66)
	at ai.glog.execute.workers.TriageAndRemediationCallableWorker.call(TriageAndRemediationCallableWorker.java:31)
	at java.base/java.util.concurrent.FutureTask.run(FutureTask.java:317)
	at java.base/java.util.concurrent.ThreadPoolExecutor.runWorker(ThreadPoolExecutor.java:1144)
	at java.base/java.util.concurrent.ThreadPoolExecutor$Worker.run(ThreadPoolExecutor.java:642)
	at java.base/java.lang.Thread.run(Thread.java:1623)

Oct 06, 2025 5:15:13 PM ai.glog.execute.workers.TriageAndRemediationCallableWorker isFalsePositive
SEVERE: {
  "ruleId" : "DS154189",
  "ruleIndex" : null,
  "rule" : null,
  "kind" : "FAIL",
  "level" : "WARNING",
  "message" : {
    "text" : "Banned C function detected",
    "markdown" : null,
    "id" : null,
    "arguments" : null,
    "properties" : null
  },
  "analysisTarget" : null,
  "locations" : [ {
    "id" : null,
    "physicalLocation" : {
      "address" : null,
      "artifactLocation" : {
        "uri" : "example/amd_smi_drm_example.cc",
        "uriBaseId" : null,
        "index" : null,
        "description" : null,
        "properties" : null
      },
      "region" : {
        "startLine" : 1100,
        "startColumn" : 16,
        "endLine" : 1100,
        "endColumn" : 22,
        "charOffset" : 52867,
        "charLength" : 6,
        "byteOffset" : null,
        "byteLength" : null,
        "snippet" : {
          "text" : "printf",
          "binary" : null,
          "rendered" : {
            "text" : "printf",
            "markdown" : "`printf`",
            "properties" : null
          },
          "properties" : null
        },
        "message" : null,
        "sourceLanguage" : "cpp",
        "properties" : null
      },
      "contextRegion" : null,
      "properties" : null
    },
    "logicalLocations" : null,
    "message" : null,
    "annotations" : null,
    "relationships" : null,
    "properties" : null
  } ],
  "guid" : null,
  "correlationGuid" : null,
  "occurrenceCount" : null,
  "partialFingerprints" : null,
  "fingerprints" : null,
  "stacks" : null,
  "codeFlows" : null,
  "graphs" : null,
  "graphTraversals" : null,
  "relatedLocations" : null,
  "suppressions" : null,
  "baselineState" : null,
  "rank" : null,
  "attachments" : null,
  "hostedViewerUri" : null,
  "workItemUris" : null,
  "provenance" : null,
  "fixes" : null,
  "taxa" : null,
  "webRequest" : null,
  "webResponse" : null,
  "properties" : {
    "DevSkimSeverity" : "Moderate",
    "DevSkimConfidence" : "High"
  }
}
java.util.NoSuchElementException: next on empty iterator
	at scala.collection.Iterator$$anon$19.next(Iterator.scala:973)
	at scala.collection.Iterator$$anon$19.next(Iterator.scala:971)
	at scala.collection.Iterator$$anon$6.next(Iterator.scala:492)
	at flatgraph.traversal.GenericSteps$.head$extension(Language.scala:80)
	at ai.glog.cpg.analysis.SinkAnalyzer$.getSink(SinkAnalyzer.scala:29)
	at ai.glog.cpg.analysis.SinkAnalyzer.getSink(SinkAnalyzer.scala)
	at ai.glog.reporting.Sarif.getSinkCpg(Sarif.java:187)
	at ai.glog.plugins.devskim.rules.resolve.DangerousCFunctionDetectedResolver.isFalsePositive(DangerousCFunctionDetectedResolver.java:22)
	at ai.glog.execute.workers.TriageAndRemediationCallableWorker.isFalsePositive(TriageAndRemediationCallableWorker.java:116)
	at ai.glog.execute.workers.TriageAndRemediationCallableWorker.call(TriageAndRemediationCallableWorker.java:66)
	at ai.glog.execute.workers.TriageAndRemediationCallableWorker.call(TriageAndRemediationCallableWorker.java:31)
	at java.base/java.util.concurrent.FutureTask.run(FutureTask.java:317)
	at java.base/java.util.concurrent.ThreadPoolExecutor.runWorker(ThreadPoolExecutor.java:1144)
	at java.base/java.util.concurrent.ThreadPoolExecutor$Worker.run(ThreadPoolExecutor.java:642)
	at java.base/java.lang.Thread.run(Thread.java:1623)

Oct 06, 2025 5:15:13 PM ai.glog.execute.workers.TriageAndRemediationCallableWorker isFalsePositive
SEVERE: next on empty iterator
java.util.NoSuchElementException: next on empty iterator
	at scala.collection.Iterator$$anon$19.next(Iterator.scala:973)
	at scala.collection.Iterator$$anon$19.next(Iterator.scala:971)
	at scala.collection.Iterator$$anon$6.next(Iterator.scala:492)
	at flatgraph.traversal.GenericSteps$.head$extension(Language.scala:80)
	at ai.glog.cpg.analysis.SinkAnalyzer$.getSink(SinkAnalyzer.scala:29)
	at ai.glog.cpg.analysis.SinkAnalyzer.getSink(SinkAnalyzer.scala)
	at ai.glog.reporting.Sarif.getSinkCpg(Sarif.java:187)
	at ai.glog.plugins.devskim.rules.resolve.DangerousCFunctionDetectedResolver.isFalsePositive(DangerousCFunctionDetectedResolver.java:22)
	at ai.glog.execute.workers.TriageAndRemediationCallableWorker.isFalsePositive(TriageAndRemediationCallableWorker.java:116)
	at ai.glog.execute.workers.TriageAndRemediationCallableWorker.call(TriageAndRemediationCallableWorker.java:66)
	at ai.glog.execute.workers.TriageAndRemediationCallableWorker.call(TriageAndRemediationCallableWorker.java:31)
	at java.base/java.util.concurrent.FutureTask.run(FutureTask.java:317)
	at java.base/java.util.concurrent.ThreadPoolExecutor.runWorker(ThreadPoolExecutor.java:1144)
	at java.base/java.util.concurrent.ThreadPoolExecutor$Worker.run(ThreadPoolExecutor.java:642)
	at java.base/java.lang.Thread.run(Thread.java:1623)

Oct 06, 2025 5:15:14 PM ai.glog.service.GlogService getFromGlog
SEVERE: java.lang.IllegalStateException: Expected BEGIN_ARRAY but was BEGIN_OBJECT at line 1 column 2 path $
{"detail":"Invalid token."}
com.google.gson.JsonSyntaxException: java.lang.IllegalStateException: Expected BEGIN_ARRAY but was BEGIN_OBJECT at line 1 column 2 path $
	at com.google.gson.Gson.fromJson(Gson.java:1003)
	at com.google.gson.Gson.fromJson(Gson.java:956)
	at com.google.gson.Gson.fromJson(Gson.java:905)
	at ai.glog.service.GlogService.getFromGlog(GlogService.java:174)
	at ai.glog.execute.workers.TriageAndRemediationCallableWorker.setGeneralRemediation(TriageAndRemediationCallableWorker.java:158)
	at ai.glog.execute.workers.TriageAndRemediationCallableWorker.call(TriageAndRemediationCallableWorker.java:73)
	at ai.glog.execute.workers.TriageAndRemediationCallableWorker.call(TriageAndRemediationCallableWorker.java:31)
	at java.base/java.util.concurrent.FutureTask.run(FutureTask.java:317)
	at java.base/java.util.concurrent.ThreadPoolExecutor.runWorker(ThreadPoolExecutor.java:1144)
	at java.base/java.util.concurrent.ThreadPoolExecutor$Worker.run(ThreadPoolExecutor.java:642)
	at java.base/java.lang.Thread.run(Thread.java:1623)
Caused by: java.lang.IllegalStateException: Expected BEGIN_ARRAY but was BEGIN_OBJECT at line 1 column 2 path $
	at com.google.gson.stream.JsonReader.beginArray(JsonReader.java:350)
	at com.google.gson.internal.bind.ArrayTypeAdapter.read(ArrayTypeAdapter.java:70)
	at com.google.gson.Gson.fromJson(Gson.java:991)
	... 10 more

Oct 06, 2025 5:15:14 PM ai.glog.execute.workers.TriageAndRemediationCallableWorker call
SEVERE: null
java.lang.NullPointerException
	at java.base/java.util.Objects.requireNonNull(Objects.java:233)
	at java.base/java.util.Arrays$ArrayList.<init>(Arrays.java:4234)
	at java.base/java.util.Arrays.asList(Arrays.java:4219)
	at ai.glog.execute.workers.TriageAndRemediationCallableWorker.setGeneralRemediation(TriageAndRemediationCallableWorker.java:162)
	at ai.glog.execute.workers.TriageAndRemediationCallableWorker.call(TriageAndRemediationCallableWorker.java:73)
	at ai.glog.execute.workers.TriageAndRemediationCallableWorker.call(TriageAndRemediationCallableWorker.java:31)
	at java.base/java.util.concurrent.FutureTask.run(FutureTask.java:317)
	at java.base/java.util.concurrent.ThreadPoolExecutor.runWorker(ThreadPoolExecutor.java:1144)
	at java.base/java.util.concurrent.ThreadPoolExecutor$Worker.run(ThreadPoolExecutor.java:642)
	at java.base/java.lang.Thread.run(Thread.java:1623)

Oct 06, 2025 5:15:14 PM ai.glog.service.GlogService getFromGlog
SEVERE: java.lang.IllegalStateException: Expected BEGIN_ARRAY but was BEGIN_OBJECT at line 1 column 2 path $
{"detail":"Invalid token."}
com.google.gson.JsonSyntaxException: java.lang.IllegalStateException: Expected BEGIN_ARRAY but was BEGIN_OBJECT at line 1 column 2 path $
	at com.google.gson.Gson.fromJson(Gson.java:1003)
	at com.google.gson.Gson.fromJson(Gson.java:956)
	at com.google.gson.Gson.fromJson(Gson.java:905)
	at ai.glog.service.GlogService.getFromGlog(GlogService.java:174)
	at ai.glog.execute.workers.TriageAndRemediationCallableWorker.setGeneralRemediation(TriageAndRemediationCallableWorker.java:158)
	at ai.glog.execute.workers.TriageAndRemediationCallableWorker.call(TriageAndRemediationCallableWorker.java:73)
	at ai.glog.execute.workers.TriageAndRemediationCallableWorker.call(TriageAndRemediationCallableWorker.java:31)
	at java.base/java.util.concurrent.FutureTask.run(FutureTask.java:317)
	at java.base/java.util.concurrent.ThreadPoolExecutor.runWorker(ThreadPoolExecutor.java:1144)
	at java.base/java.util.concurrent.ThreadPoolExecutor$Worker.run(ThreadPoolExecutor.java:642)
	at java.base/java.lang.Thread.run(Thread.java:1623)
Caused by: java.lang.IllegalStateException: Expected BEGIN_ARRAY but was BEGIN_OBJECT at line 1 column 2 path $
	at com.google.gson.stream.JsonReader.beginArray(JsonReader.java:350)
	at com.google.gson.internal.bind.ArrayTypeAdapter.read(ArrayTypeAdapter.java:70)
	at com.google.gson.Gson.fromJson(Gson.java:991)
	... 10 more

Oct 06, 2025 5:15:14 PM ai.glog.execute.workers.TriageAndRemediationCallableWorker call
SEVERE: null
java.lang.NullPointerException
	at java.base/java.util.Objects.requireNonNull(Objects.java:233)
	at java.base/java.util.Arrays$ArrayList.<init>(Arrays.java:4234)
	at java.base/java.util.Arrays.asList(Arrays.java:4219)
	at ai.glog.execute.workers.TriageAndRemediationCallableWorker.setGeneralRemediation(TriageAndRemediationCallableWorker.java:162)
	at ai.glog.execute.workers.TriageAndRemediationCallableWorker.call(TriageAndRemediationCallableWorker.java:73)
	at ai.glog.execute.workers.TriageAndRemediationCallableWorker.call(TriageAndRemediationCallableWorker.java:31)
	at java.base/java.util.concurrent.FutureTask.run(FutureTask.java:317)
	at java.base/java.util.concurrent.ThreadPoolExecutor.runWorker(ThreadPoolExecutor.java:1144)
	at java.base/java.util.concurrent.ThreadPoolExecutor$Worker.run(ThreadPoolExecutor.java:642)
	at java.base/java.lang.Thread.run(Thread.java:1623)

Oct 06, 2025 5:15:14 PM ai.glog.service.GlogService getFromGlog
SEVERE: java.lang.IllegalStateException: Expected BEGIN_ARRAY but was BEGIN_OBJECT at line 1 column 2 path $
{"detail":"Invalid token."}
com.google.gson.JsonSyntaxException: java.lang.IllegalStateException: Expected BEGIN_ARRAY but was BEGIN_OBJECT at line 1 column 2 path $
	at com.google.gson.Gson.fromJson(Gson.java:1003)
	at com.google.gson.Gson.fromJson(Gson.java:956)
	at com.google.gson.Gson.fromJson(Gson.java:905)
	at ai.glog.service.GlogService.getFromGlog(GlogService.java:174)
	at ai.glog.execute.workers.TriageAndRemediationCallableWorker.setGeneralRemediation(TriageAndRemediationCallableWorker.java:158)
	at ai.glog.execute.workers.TriageAndRemediationCallableWorker.call(TriageAndRemediationCallableWorker.java:73)
	at ai.glog.execute.workers.TriageAndRemediationCallableWorker.call(TriageAndRemediationCallableWorker.java:31)
	at java.base/java.util.concurrent.FutureTask.run(FutureTask.java:317)
	at java.base/java.util.concurrent.ThreadPoolExecutor.runWorker(ThreadPoolExecutor.java:1144)
	at java.base/java.util.concurrent.ThreadPoolExecutor$Worker.run(ThreadPoolExecutor.java:642)
	at java.base/java.lang.Thread.run(Thread.java:1623)
Caused by: java.lang.IllegalStateException: Expected BEGIN_ARRAY but was BEGIN_OBJECT at line 1 column 2 path $
	at com.google.gson.stream.JsonReader.beginArray(JsonReader.java:350)
	at com.google.gson.internal.bind.ArrayTypeAdapter.read(ArrayTypeAdapter.java:70)
	at com.google.gson.Gson.fromJson(Gson.java:991)
	... 10 more

Oct 06, 2025 5:15:14 PM ai.glog.execute.workers.TriageAndRemediationCallableWorker call
SEVERE: null
java.lang.NullPointerException
	at java.base/java.util.Objects.requireNonNull(Objects.java:233)
	at java.base/java.util.Arrays$ArrayList.<init>(Arrays.java:4234)
	at java.base/java.util.Arrays.asList(Arrays.java:4219)
	at ai.glog.execute.workers.TriageAndRemediationCallableWorker.setGeneralRemediation(TriageAndRemediationCallableWorker.java:162)
	at ai.glog.execute.workers.TriageAndRemediationCallableWorker.call(TriageAndRemediationCallableWorker.java:73)
	at ai.glog.execute.workers.TriageAndRemediationCallableWorker.call(TriageAndRemediationCallableWorker.java:31)
	at java.base/java.util.concurrent.FutureTask.run(FutureTask.java:317)
	at java.base/java.util.concurrent.ThreadPoolExecutor.runWorker(ThreadPoolExecutor.java:1144)
	at java.base/java.util.concurrent.ThreadPoolExecutor$Worker.run(ThreadPoolExecutor.java:642)
	at java.base/java.lang.Thread.run(Thread.java:1623)

Oct 06, 2025 5:15:14 PM ai.glog.execute.workers.TriageAndRemediationCallableWorker isFalsePositive
SEVERE: {
  "ruleId" : "DS154189",
  "ruleIndex" : null,
  "rule" : null,
  "kind" : "FAIL",
  "level" : "WARNING",
  "message" : {
    "text" : "Banned C function detected",
    "markdown" : null,
    "id" : null,
    "arguments" : null,
    "properties" : null
  },
  "analysisTarget" : null,
  "locations" : [ {
    "id" : null,
    "physicalLocation" : {
      "address" : null,
      "artifactLocation" : {
        "uri" : "example/amd_smi_drm_example.cc",
        "uriBaseId" : null,
        "index" : null,
        "description" : null,
        "properties" : null
      },
      "region" : {
        "startLine" : 1096,
        "startColumn" : 16,
        "endLine" : 1096,
        "endColumn" : 22,
        "charOffset" : 52592,
        "charLength" : 6,
        "byteOffset" : null,
        "byteLength" : null,
        "snippet" : {
          "text" : "printf",
          "binary" : null,
          "rendered" : {
            "text" : "printf",
            "markdown" : "`printf`",
            "properties" : null
          },
          "properties" : null
        },
        "message" : null,
        "sourceLanguage" : "cpp",
        "properties" : null
      },
      "contextRegion" : null,
      "properties" : null
    },
    "logicalLocations" : null,
    "message" : null,
    "annotations" : null,
    "relationships" : null,
    "properties" : null
  } ],
  "guid" : null,
  "correlationGuid" : null,
  "occurrenceCount" : null,
  "partialFingerprints" : null,
  "fingerprints" : null,
  "stacks" : null,
  "codeFlows" : null,
  "graphs" : null,
  "graphTraversals" : null,
  "relatedLocations" : null,
  "suppressions" : null,
  "baselineState" : null,
  "rank" : null,
  "attachments" : null,
  "hostedViewerUri" : null,
  "workItemUris" : null,
  "provenance" : null,
  "fixes" : null,
  "taxa" : null,
  "webRequest" : null,
  "webResponse" : null,
  "properties" : {
    "DevSkimSeverity" : "Moderate",
    "DevSkimConfidence" : "High"
  }
}
java.util.NoSuchElementException: next on empty iterator
	at scala.collection.Iterator$$anon$19.next(Iterator.scala:973)
	at scala.collection.Iterator$$anon$19.next(Iterator.scala:971)
	at scala.collection.Iterator$$anon$6.next(Iterator.scala:492)
	at flatgraph.traversal.GenericSteps$.head$extension(Language.scala:80)
	at ai.glog.cpg.analysis.SinkAnalyzer$.getSink(SinkAnalyzer.scala:29)
	at ai.glog.cpg.analysis.SinkAnalyzer.getSink(SinkAnalyzer.scala)
	at ai.glog.reporting.Sarif.getSinkCpg(Sarif.java:187)
	at ai.glog.plugins.devskim.rules.resolve.DangerousCFunctionDetectedResolver.isFalsePositive(DangerousCFunctionDetectedResolver.java:22)
	at ai.glog.execute.workers.TriageAndRemediationCallableWorker.isFalsePositive(TriageAndRemediationCallableWorker.java:116)
	at ai.glog.execute.workers.TriageAndRemediationCallableWorker.call(TriageAndRemediationCallableWorker.java:66)
	at ai.glog.execute.workers.TriageAndRemediationCallableWorker.call(TriageAndRemediationCallableWorker.java:31)
	at java.base/java.util.concurrent.FutureTask.run(FutureTask.java:317)
	at java.base/java.util.concurrent.ThreadPoolExecutor.runWorker(ThreadPoolExecutor.java:1144)
	at java.base/java.util.concurrent.ThreadPoolExecutor$Worker.run(ThreadPoolExecutor.java:642)
	at java.base/java.lang.Thread.run(Thread.java:1623)

Oct 06, 2025 5:15:14 PM ai.glog.execute.workers.TriageAndRemediationCallableWorker isFalsePositive
SEVERE: next on empty iterator
java.util.NoSuchElementException: next on empty iterator
	at scala.collection.Iterator$$anon$19.next(Iterator.scala:973)
	at scala.collection.Iterator$$anon$19.next(Iterator.scala:971)
	at scala.collection.Iterator$$anon$6.next(Iterator.scala:492)
	at flatgraph.traversal.GenericSteps$.head$extension(Language.scala:80)
	at ai.glog.cpg.analysis.SinkAnalyzer$.getSink(SinkAnalyzer.scala:29)
	at ai.glog.cpg.analysis.SinkAnalyzer.getSink(SinkAnalyzer.scala)
	at ai.glog.reporting.Sarif.getSinkCpg(Sarif.java:187)
	at ai.glog.plugins.devskim.rules.resolve.DangerousCFunctionDetectedResolver.isFalsePositive(DangerousCFunctionDetectedResolver.java:22)
	at ai.glog.execute.workers.TriageAndRemediationCallableWorker.isFalsePositive(TriageAndRemediationCallableWorker.java:116)
	at ai.glog.execute.workers.TriageAndRemediationCallableWorker.call(TriageAndRemediationCallableWorker.java:66)
	at ai.glog.execute.workers.TriageAndRemediationCallableWorker.call(TriageAndRemediationCallableWorker.java:31)
	at java.base/java.util.concurrent.FutureTask.run(FutureTask.java:317)
	at java.base/java.util.concurrent.ThreadPoolExecutor.runWorker(ThreadPoolExecutor.java:1144)
	at java.base/java.util.concurrent.ThreadPoolExecutor$Worker.run(ThreadPoolExecutor.java:642)
	at java.base/java.lang.Thread.run(Thread.java:1623)

Oct 06, 2025 5:15:14 PM ai.glog.execute.workers.TriageAndRemediationCallableWorker isFalsePositive
SEVERE: {
  "ruleId" : "DS154189",
  "ruleIndex" : null,
  "rule" : null,
  "kind" : "FAIL",
  "level" : "WARNING",
  "message" : {
    "text" : "Banned C function detected",
    "markdown" : null,
    "id" : null,
    "arguments" : null,
    "properties" : null
  },
  "analysisTarget" : null,
  "locations" : [ {
    "id" : null,
    "physicalLocation" : {
      "address" : null,
      "artifactLocation" : {
        "uri" : "example/amd_smi_drm_example.cc",
        "uriBaseId" : null,
        "index" : null,
        "description" : null,
        "properties" : null
      },
      "region" : {
        "startLine" : 1094,
        "startColumn" : 16,
        "endLine" : 1094,
        "endColumn" : 22,
        "charOffset" : 52467,
        "charLength" : 6,
        "byteOffset" : null,
        "byteLength" : null,
        "snippet" : {
          "text" : "printf",
          "binary" : null,
          "rendered" : {
            "text" : "printf",
            "markdown" : "`printf`",
            "properties" : null
          },
          "properties" : null
        },
        "message" : null,
        "sourceLanguage" : "cpp",
        "properties" : null
      },
      "contextRegion" : null,
      "properties" : null
    },
    "logicalLocations" : null,
    "message" : null,
    "annotations" : null,
    "relationships" : null,
    "properties" : null
  } ],
  "guid" : null,
  "correlationGuid" : null,
  "occurrenceCount" : null,
  "partialFingerprints" : null,
  "fingerprints" : null,
  "stacks" : null,
  "codeFlows" : null,
  "graphs" : null,
  "graphTraversals" : null,
  "relatedLocations" : null,
  "suppressions" : null,
  "baselineState" : null,
  "rank" : null,
  "attachments" : null,
  "hostedViewerUri" : null,
  "workItemUris" : null,
  "provenance" : null,
  "fixes" : null,
  "taxa" : null,
  "webRequest" : null,
  "webResponse" : null,
  "properties" : {
    "DevSkimSeverity" : "Moderate",
    "DevSkimConfidence" : "High"
  }
}
java.util.NoSuchElementException: next on empty iterator
	at scala.collection.Iterator$$anon$19.next(Iterator.scala:973)
	at scala.collection.Iterator$$anon$19.next(Iterator.scala:971)
	at scala.collection.Iterator$$anon$6.next(Iterator.scala:492)
	at flatgraph.traversal.GenericSteps$.head$extension(Language.scala:80)
	at ai.glog.cpg.analysis.SinkAnalyzer$.getSink(SinkAnalyzer.scala:29)
	at ai.glog.cpg.analysis.SinkAnalyzer.getSink(SinkAnalyzer.scala)
	at ai.glog.reporting.Sarif.getSinkCpg(Sarif.java:187)
	at ai.glog.plugins.devskim.rules.resolve.DangerousCFunctionDetectedResolver.isFalsePositive(DangerousCFunctionDetectedResolver.java:22)
	at ai.glog.execute.workers.TriageAndRemediationCallableWorker.isFalsePositive(TriageAndRemediationCallableWorker.java:116)
	at ai.glog.execute.workers.TriageAndRemediationCallableWorker.call(TriageAndRemediationCallableWorker.java:66)
	at ai.glog.execute.workers.TriageAndRemediationCallableWorker.call(TriageAndRemediationCallableWorker.java:31)
	at java.base/java.util.concurrent.FutureTask.run(FutureTask.java:317)
	at java.base/java.util.concurrent.ThreadPoolExecutor.runWorker(ThreadPoolExecutor.java:1144)
	at java.base/java.util.concurrent.ThreadPoolExecutor$Worker.run(ThreadPoolExecutor.java:642)
	at java.base/java.lang.Thread.run(Thread.java:1623)

Oct 06, 2025 5:15:14 PM ai.glog.execute.workers.TriageAndRemediationCallableWorker isFalsePositive
SEVERE: next on empty iterator
java.util.NoSuchElementException: next on empty iterator
	at scala.collection.Iterator$$anon$19.next(Iterator.scala:973)
	at scala.collection.Iterator$$anon$19.next(Iterator.scala:971)
	at scala.collection.Iterator$$anon$6.next(Iterator.scala:492)
	at flatgraph.traversal.GenericSteps$.head$extension(Language.scala:80)
	at ai.glog.cpg.analysis.SinkAnalyzer$.getSink(SinkAnalyzer.scala:29)
	at ai.glog.cpg.analysis.SinkAnalyzer.getSink(SinkAnalyzer.scala)
	at ai.glog.reporting.Sarif.getSinkCpg(Sarif.java:187)
	at ai.glog.plugins.devskim.rules.resolve.DangerousCFunctionDetectedResolver.isFalsePositive(DangerousCFunctionDetectedResolver.java:22)
	at ai.glog.execute.workers.TriageAndRemediationCallableWorker.isFalsePositive(TriageAndRemediationCallableWorker.java:116)
	at ai.glog.execute.workers.TriageAndRemediationCallableWorker.call(TriageAndRemediationCallableWorker.java:66)
	at ai.glog.execute.workers.TriageAndRemediationCallableWorker.call(TriageAndRemediationCallableWorker.java:31)
	at java.base/java.util.concurrent.FutureTask.run(FutureTask.java:317)
	at java.base/java.util.concurrent.ThreadPoolExecutor.runWorker(ThreadPoolExecutor.java:1144)
	at java.base/java.util.concurrent.ThreadPoolExecutor$Worker.run(ThreadPoolExecutor.java:642)
	at java.base/java.lang.Thread.run(Thread.java:1623)

Oct 06, 2025 5:15:15 PM ai.glog.service.GlogService getFromGlog
SEVERE: java.lang.IllegalStateException: Expected BEGIN_ARRAY but was BEGIN_OBJECT at line 1 column 2 path $
{"detail":"Invalid token."}
com.google.gson.JsonSyntaxException: java.lang.IllegalStateException: Expected BEGIN_ARRAY but was BEGIN_OBJECT at line 1 column 2 path $
	at com.google.gson.Gson.fromJson(Gson.java:1003)
	at com.google.gson.Gson.fromJson(Gson.java:956)
	at com.google.gson.Gson.fromJson(Gson.java:905)
	at ai.glog.service.GlogService.getFromGlog(GlogService.java:174)
	at ai.glog.execute.workers.TriageAndRemediationCallableWorker.setGeneralRemediation(TriageAndRemediationCallableWorker.java:158)
	at ai.glog.execute.workers.TriageAndRemediationCallableWorker.call(TriageAndRemediationCallableWorker.java:73)
	at ai.glog.execute.workers.TriageAndRemediationCallableWorker.call(TriageAndRemediationCallableWorker.java:31)
	at java.base/java.util.concurrent.FutureTask.run(FutureTask.java:317)
	at java.base/java.util.concurrent.ThreadPoolExecutor.runWorker(ThreadPoolExecutor.java:1144)
	at java.base/java.util.concurrent.ThreadPoolExecutor$Worker.run(ThreadPoolExecutor.java:642)
	at java.base/java.lang.Thread.run(Thread.java:1623)
Caused by: java.lang.IllegalStateException: Expected BEGIN_ARRAY but was BEGIN_OBJECT at line 1 column 2 path $
	at com.google.gson.stream.JsonReader.beginArray(JsonReader.java:350)
	at com.google.gson.internal.bind.ArrayTypeAdapter.read(ArrayTypeAdapter.java:70)
	at com.google.gson.Gson.fromJson(Gson.java:991)
	... 10 more

Oct 06, 2025 5:15:15 PM ai.glog.execute.workers.TriageAndRemediationCallableWorker call
SEVERE: null
java.lang.NullPointerException
	at java.base/java.util.Objects.requireNonNull(Objects.java:233)
	at java.base/java.util.Arrays$ArrayList.<init>(Arrays.java:4234)
	at java.base/java.util.Arrays.asList(Arrays.java:4219)
	at ai.glog.execute.workers.TriageAndRemediationCallableWorker.setGeneralRemediation(TriageAndRemediationCallableWorker.java:162)
	at ai.glog.execute.workers.TriageAndRemediationCallableWorker.call(TriageAndRemediationCallableWorker.java:73)
	at ai.glog.execute.workers.TriageAndRemediationCallableWorker.call(TriageAndRemediationCallableWorker.java:31)
	at java.base/java.util.concurrent.FutureTask.run(FutureTask.java:317)
	at java.base/java.util.concurrent.ThreadPoolExecutor.runWorker(ThreadPoolExecutor.java:1144)
	at java.base/java.util.concurrent.ThreadPoolExecutor$Worker.run(ThreadPoolExecutor.java:642)
	at java.base/java.lang.Thread.run(Thread.java:1623)

Oct 06, 2025 5:15:15 PM ai.glog.service.GlogService getFromGlog
SEVERE: java.lang.IllegalStateException: Expected BEGIN_ARRAY but was BEGIN_OBJECT at line 1 column 2 path $
{"detail":"Invalid token."}
com.google.gson.JsonSyntaxException: java.lang.IllegalStateException: Expected BEGIN_ARRAY but was BEGIN_OBJECT at line 1 column 2 path $
	at com.google.gson.Gson.fromJson(Gson.java:1003)
	at com.google.gson.Gson.fromJson(Gson.java:956)
	at com.google.gson.Gson.fromJson(Gson.java:905)
	at ai.glog.service.GlogService.getFromGlog(GlogService.java:174)
	at ai.glog.execute.workers.TriageAndRemediationCallableWorker.setGeneralRemediation(TriageAndRemediationCallableWorker.java:158)
	at ai.glog.execute.workers.TriageAndRemediationCallableWorker.call(TriageAndRemediationCallableWorker.java:73)
	at ai.glog.execute.workers.TriageAndRemediationCallableWorker.call(TriageAndRemediationCallableWorker.java:31)
	at java.base/java.util.concurrent.FutureTask.run(FutureTask.java:317)
	at java.base/java.util.concurrent.ThreadPoolExecutor.runWorker(ThreadPoolExecutor.java:1144)
	at java.base/java.util.concurrent.ThreadPoolExecutor$Worker.run(ThreadPoolExecutor.java:642)
	at java.base/java.lang.Thread.run(Thread.java:1623)
Caused by: java.lang.IllegalStateException: Expected BEGIN_ARRAY but was BEGIN_OBJECT at line 1 column 2 path $
	at com.google.gson.stream.JsonReader.beginArray(JsonReader.java:350)
	at com.google.gson.internal.bind.ArrayTypeAdapter.read(ArrayTypeAdapter.java:70)
	at com.google.gson.Gson.fromJson(Gson.java:991)
	... 10 more

Oct 06, 2025 5:15:15 PM ai.glog.execute.workers.TriageAndRemediationCallableWorker call
SEVERE: null
java.lang.NullPointerException
	at java.base/java.util.Objects.requireNonNull(Objects.java:233)
	at java.base/java.util.Arrays$ArrayList.<init>(Arrays.java:4234)
	at java.base/java.util.Arrays.asList(Arrays.java:4219)
	at ai.glog.execute.workers.TriageAndRemediationCallableWorker.setGeneralRemediation(TriageAndRemediationCallableWorker.java:162)
	at ai.glog.execute.workers.TriageAndRemediationCallableWorker.call(TriageAndRemediationCallableWorker.java:73)
	at ai.glog.execute.workers.TriageAndRemediationCallableWorker.call(TriageAndRemediationCallableWorker.java:31)
	at java.base/java.util.concurrent.FutureTask.run(FutureTask.java:317)
	at java.base/java.util.concurrent.ThreadPoolExecutor.runWorker(ThreadPoolExecutor.java:1144)
	at java.base/java.util.concurrent.ThreadPoolExecutor$Worker.run(ThreadPoolExecutor.java:642)
	at java.base/java.lang.Thread.run(Thread.java:1623)

Oct 06, 2025 5:15:16 PM ai.glog.service.GlogService getFromGlog
SEVERE: java.lang.IllegalStateException: Expected BEGIN_ARRAY but was BEGIN_OBJECT at line 1 column 2 path $
{"detail":"Invalid token."}
com.google.gson.JsonSyntaxException: java.lang.IllegalStateException: Expected BEGIN_ARRAY but was BEGIN_OBJECT at line 1 column 2 path $
	at com.google.gson.Gson.fromJson(Gson.java:1003)
	at com.google.gson.Gson.fromJson(Gson.java:956)
	at com.google.gson.Gson.fromJson(Gson.java:905)
	at ai.glog.service.GlogService.getFromGlog(GlogService.java:174)
	at ai.glog.execute.workers.TriageAndRemediationCallableWorker.setGeneralRemediation(TriageAndRemediationCallableWorker.java:158)
	at ai.glog.execute.workers.TriageAndRemediationCallableWorker.call(TriageAndRemediationCallableWorker.java:73)
	at ai.glog.execute.workers.TriageAndRemediationCallableWorker.call(TriageAndRemediationCallableWorker.java:31)
	at java.base/java.util.concurrent.FutureTask.run(FutureTask.java:317)
	at java.base/java.util.concurrent.ThreadPoolExecutor.runWorker(ThreadPoolExecutor.java:1144)
	at java.base/java.util.concurrent.ThreadPoolExecutor$Worker.run(ThreadPoolExecutor.java:642)
	at java.base/java.lang.Thread.run(Thread.java:1623)
Caused by: java.lang.IllegalStateException: Expected BEGIN_ARRAY but was BEGIN_OBJECT at line 1 column 2 path $
	at com.google.gson.stream.JsonReader.beginArray(JsonReader.java:350)
	at com.google.gson.internal.bind.ArrayTypeAdapter.read(ArrayTypeAdapter.java:70)
	at com.google.gson.Gson.fromJson(Gson.java:991)
	... 10 more

Oct 06, 2025 5:15:16 PM ai.glog.execute.workers.TriageAndRemediationCallableWorker call
SEVERE: null
java.lang.NullPointerException
	at java.base/java.util.Objects.requireNonNull(Objects.java:233)
	at java.base/java.util.Arrays$ArrayList.<init>(Arrays.java:4234)
	at java.base/java.util.Arrays.asList(Arrays.java:4219)
	at ai.glog.execute.workers.TriageAndRemediationCallableWorker.setGeneralRemediation(TriageAndRemediationCallableWorker.java:162)
	at ai.glog.execute.workers.TriageAndRemediationCallableWorker.call(TriageAndRemediationCallableWorker.java:73)
	at ai.glog.execute.workers.TriageAndRemediationCallableWorker.call(TriageAndRemediationCallableWorker.java:31)
	at java.base/java.util.concurrent.FutureTask.run(FutureTask.java:317)
	at java.base/java.util.concurrent.ThreadPoolExecutor.runWorker(ThreadPoolExecutor.java:1144)
	at java.base/java.util.concurrent.ThreadPoolExecutor$Worker.run(ThreadPoolExecutor.java:642)
	at java.base/java.lang.Thread.run(Thread.java:1623)

Oct 06, 2025 5:15:16 PM ai.glog.service.GlogService getFromGlog
SEVERE: java.lang.IllegalStateException: Expected BEGIN_ARRAY but was BEGIN_OBJECT at line 1 column 2 path $
{"detail":"Invalid token."}
com.google.gson.JsonSyntaxException: java.lang.IllegalStateException: Expected BEGIN_ARRAY but was BEGIN_OBJECT at line 1 column 2 path $
	at com.google.gson.Gson.fromJson(Gson.java:1003)
	at com.google.gson.Gson.fromJson(Gson.java:956)
	at com.google.gson.Gson.fromJson(Gson.java:905)
	at ai.glog.service.GlogService.getFromGlog(GlogService.java:174)
	at ai.glog.execute.workers.TriageAndRemediationCallableWorker.setGeneralRemediation(TriageAndRemediationCallableWorker.java:158)
	at ai.glog.execute.workers.TriageAndRemediationCallableWorker.call(TriageAndRemediationCallableWorker.java:73)
	at ai.glog.execute.workers.TriageAndRemediationCallableWorker.call(TriageAndRemediationCallableWorker.java:31)
	at java.base/java.util.concurrent.FutureTask.run(FutureTask.java:317)
	at java.base/java.util.concurrent.ThreadPoolExecutor.runWorker(ThreadPoolExecutor.java:1144)
	at java.base/java.util.concurrent.ThreadPoolExecutor$Worker.run(ThreadPoolExecutor.java:642)
	at java.base/java.lang.Thread.run(Thread.java:1623)
Caused by: java.lang.IllegalStateException: Expected BEGIN_ARRAY but was BEGIN_OBJECT at line 1 column 2 path $
	at com.google.gson.stream.JsonReader.beginArray(JsonReader.java:350)
	at com.google.gson.internal.bind.ArrayTypeAdapter.read(ArrayTypeAdapter.java:70)
	at com.google.gson.Gson.fromJson(Gson.java:991)
	... 10 more

Oct 06, 2025 5:15:16 PM ai.glog.execute.workers.TriageAndRemediationCallableWorker call
SEVERE: null
java.lang.NullPointerException
	at java.base/java.util.Objects.requireNonNull(Objects.java:233)
	at java.base/java.util.Arrays$ArrayList.<init>(Arrays.java:4234)
	at java.base/java.util.Arrays.asList(Arrays.java:4219)
	at ai.glog.execute.workers.TriageAndRemediationCallableWorker.setGeneralRemediation(TriageAndRemediationCallableWorker.java:162)
	at ai.glog.execute.workers.TriageAndRemediationCallableWorker.call(TriageAndRemediationCallableWorker.java:73)
	at ai.glog.execute.workers.TriageAndRemediationCallableWorker.call(TriageAndRemediationCallableWorker.java:31)
	at java.base/java.util.concurrent.FutureTask.run(FutureTask.java:317)
	at java.base/java.util.concurrent.ThreadPoolExecutor.runWorker(ThreadPoolExecutor.java:1144)
	at java.base/java.util.concurrent.ThreadPoolExecutor$Worker.run(ThreadPoolExecutor.java:642)
	at java.base/java.lang.Thread.run(Thread.java:1623)

Oct 06, 2025 5:15:19 PM ai.glog.execute.workers.TriageAndRemediationCallableWorker isFalsePositive
SEVERE: {
  "ruleId" : "DS154189",
  "ruleIndex" : null,
  "rule" : null,
  "kind" : "FAIL",
  "level" : "WARNING",
  "message" : {
    "text" : "Banned C function detected",
    "markdown" : null,
    "id" : null,
    "arguments" : null,
    "properties" : null
  },
  "analysisTarget" : null,
  "locations" : [ {
    "id" : null,
    "physicalLocation" : {
      "address" : null,
      "artifactLocation" : {
        "uri" : "example/amd_smi_drm_example.cc",
        "uriBaseId" : null,
        "index" : null,
        "description" : null,
        "properties" : null
      },
      "region" : {
        "startLine" : 894,
        "startColumn" : 16,
        "endLine" : 894,
        "endColumn" : 22,
        "charOffset" : 41989,
        "charLength" : 6,
        "byteOffset" : null,
        "byteLength" : null,
        "snippet" : {
          "text" : "printf",
          "binary" : null,
          "rendered" : {
            "text" : "printf",
            "markdown" : "`printf`",
            "properties" : null
          },
          "properties" : null
        },
        "message" : null,
        "sourceLanguage" : "cpp",
        "properties" : null
      },
      "contextRegion" : null,
      "properties" : null
    },
    "logicalLocations" : null,
    "message" : null,
    "annotations" : null,
    "relationships" : null,
    "properties" : null
  } ],
  "guid" : null,
  "correlationGuid" : null,
  "occurrenceCount" : null,
  "partialFingerprints" : null,
  "fingerprints" : null,
  "stacks" : null,
  "codeFlows" : null,
  "graphs" : null,
  "graphTraversals" : null,
  "relatedLocations" : null,
  "suppressions" : null,
  "baselineState" : null,
  "rank" : null,
  "attachments" : null,
  "hostedViewerUri" : null,
  "workItemUris" : null,
  "provenance" : null,
  "fixes" : null,
  "taxa" : null,
  "webRequest" : null,
  "webResponse" : null,
  "properties" : {
    "DevSkimSeverity" : "Moderate",
    "DevSkimConfidence" : "High"
  }
}
java.util.NoSuchElementException: next on empty iterator
	at scala.collection.Iterator$$anon$19.next(Iterator.scala:973)
	at scala.collection.Iterator$$anon$19.next(Iterator.scala:971)
	at scala.collection.Iterator$$anon$6.next(Iterator.scala:492)
	at flatgraph.traversal.GenericSteps$.head$extension(Language.scala:80)
	at ai.glog.cpg.analysis.SinkAnalyzer$.getSink(SinkAnalyzer.scala:29)
	at ai.glog.cpg.analysis.SinkAnalyzer.getSink(SinkAnalyzer.scala)
	at ai.glog.reporting.Sarif.getSinkCpg(Sarif.java:187)
	at ai.glog.plugins.devskim.rules.resolve.DangerousCFunctionDetectedResolver.isFalsePositive(DangerousCFunctionDetectedResolver.java:22)
	at ai.glog.execute.workers.TriageAndRemediationCallableWorker.isFalsePositive(TriageAndRemediationCallableWorker.java:116)
	at ai.glog.execute.workers.TriageAndRemediationCallableWorker.call(TriageAndRemediationCallableWorker.java:66)
	at ai.glog.execute.workers.TriageAndRemediationCallableWorker.call(TriageAndRemediationCallableWorker.java:31)
	at java.base/java.util.concurrent.FutureTask.run(FutureTask.java:317)
	at java.base/java.util.concurrent.ThreadPoolExecutor.runWorker(ThreadPoolExecutor.java:1144)
	at java.base/java.util.concurrent.ThreadPoolExecutor$Worker.run(ThreadPoolExecutor.java:642)
	at java.base/java.lang.Thread.run(Thread.java:1623)

Oct 06, 2025 5:15:19 PM ai.glog.execute.workers.TriageAndRemediationCallableWorker isFalsePositive
SEVERE: next on empty iterator
java.util.NoSuchElementException: next on empty iterator
	at scala.collection.Iterator$$anon$19.next(Iterator.scala:973)
	at scala.collection.Iterator$$anon$19.next(Iterator.scala:971)
	at scala.collection.Iterator$$anon$6.next(Iterator.scala:492)
	at flatgraph.traversal.GenericSteps$.head$extension(Language.scala:80)
	at ai.glog.cpg.analysis.SinkAnalyzer$.getSink(SinkAnalyzer.scala:29)
	at ai.glog.cpg.analysis.SinkAnalyzer.getSink(SinkAnalyzer.scala)
	at ai.glog.reporting.Sarif.getSinkCpg(Sarif.java:187)
	at ai.glog.plugins.devskim.rules.resolve.DangerousCFunctionDetectedResolver.isFalsePositive(DangerousCFunctionDetectedResolver.java:22)
	at ai.glog.execute.workers.TriageAndRemediationCallableWorker.isFalsePositive(TriageAndRemediationCallableWorker.java:116)
	at ai.glog.execute.workers.TriageAndRemediationCallableWorker.call(TriageAndRemediationCallableWorker.java:66)
	at ai.glog.execute.workers.TriageAndRemediationCallableWorker.call(TriageAndRemediationCallableWorker.java:31)
	at java.base/java.util.concurrent.FutureTask.run(FutureTask.java:317)
	at java.base/java.util.concurrent.ThreadPoolExecutor.runWorker(ThreadPoolExecutor.java:1144)
	at java.base/java.util.concurrent.ThreadPoolExecutor$Worker.run(ThreadPoolExecutor.java:642)
	at java.base/java.lang.Thread.run(Thread.java:1623)

Oct 06, 2025 5:15:20 PM ai.glog.execute.workers.TriageAndRemediationCallableWorker isFalsePositive
SEVERE: {
  "ruleId" : "DS154189",
  "ruleIndex" : null,
  "rule" : null,
  "kind" : "FAIL",
  "level" : "WARNING",
  "message" : {
    "text" : "Banned C function detected",
    "markdown" : null,
    "id" : null,
    "arguments" : null,
    "properties" : null
  },
  "analysisTarget" : null,
  "locations" : [ {
    "id" : null,
    "physicalLocation" : {
      "address" : null,
      "artifactLocation" : {
        "uri" : "example/amd_smi_drm_example.cc",
        "uriBaseId" : null,
        "index" : null,
        "description" : null,
        "properties" : null
      },
      "region" : {
        "startLine" : 868,
        "startColumn" : 12,
        "endLine" : 868,
        "endColumn" : 18,
        "charOffset" : 40543,
        "charLength" : 6,
        "byteOffset" : null,
        "byteLength" : null,
        "snippet" : {
          "text" : "printf",
          "binary" : null,
          "rendered" : {
            "text" : "printf",
            "markdown" : "`printf`",
            "properties" : null
          },
          "properties" : null
        },
        "message" : null,
        "sourceLanguage" : "cpp",
        "properties" : null
      },
      "contextRegion" : null,
      "properties" : null
    },
    "logicalLocations" : null,
    "message" : null,
    "annotations" : null,
    "relationships" : null,
    "properties" : null
  } ],
  "guid" : null,
  "correlationGuid" : null,
  "occurrenceCount" : null,
  "partialFingerprints" : null,
  "fingerprints" : null,
  "stacks" : null,
  "codeFlows" : null,
  "graphs" : null,
  "graphTraversals" : null,
  "relatedLocations" : null,
  "suppressions" : null,
  "baselineState" : null,
  "rank" : null,
  "attachments" : null,
  "hostedViewerUri" : null,
  "workItemUris" : null,
  "provenance" : null,
  "fixes" : null,
  "taxa" : null,
  "webRequest" : null,
  "webResponse" : null,
  "properties" : {
    "DevSkimSeverity" : "Moderate",
    "DevSkimConfidence" : "High"
  }
}
java.util.NoSuchElementException: next on empty iterator
	at scala.collection.Iterator$$anon$19.next(Iterator.scala:973)
	at scala.collection.Iterator$$anon$19.next(Iterator.scala:971)
	at scala.collection.Iterator$$anon$6.next(Iterator.scala:492)
	at flatgraph.traversal.GenericSteps$.head$extension(Language.scala:80)
	at ai.glog.cpg.analysis.SinkAnalyzer$.getSink(SinkAnalyzer.scala:29)
	at ai.glog.cpg.analysis.SinkAnalyzer.getSink(SinkAnalyzer.scala)
	at ai.glog.reporting.Sarif.getSinkCpg(Sarif.java:187)
	at ai.glog.plugins.devskim.rules.resolve.DangerousCFunctionDetectedResolver.isFalsePositive(DangerousCFunctionDetectedResolver.java:22)
	at ai.glog.execute.workers.TriageAndRemediationCallableWorker.isFalsePositive(TriageAndRemediationCallableWorker.java:116)
	at ai.glog.execute.workers.TriageAndRemediationCallableWorker.call(TriageAndRemediationCallableWorker.java:66)
	at ai.glog.execute.workers.TriageAndRemediationCallableWorker.call(TriageAndRemediationCallableWorker.java:31)
	at java.base/java.util.concurrent.FutureTask.run(FutureTask.java:317)
	at java.base/java.util.concurrent.ThreadPoolExecutor.runWorker(ThreadPoolExecutor.java:1144)
	at java.base/java.util.concurrent.ThreadPoolExecutor$Worker.run(ThreadPoolExecutor.java:642)
	at java.base/java.lang.Thread.run(Thread.java:1623)

Oct 06, 2025 5:15:20 PM ai.glog.execute.workers.TriageAndRemediationCallableWorker isFalsePositive
SEVERE: next on empty iterator
java.util.NoSuchElementException: next on empty iterator
	at scala.collection.Iterator$$anon$19.next(Iterator.scala:973)
	at scala.collection.Iterator$$anon$19.next(Iterator.scala:971)
	at scala.collection.Iterator$$anon$6.next(Iterator.scala:492)
	at flatgraph.traversal.GenericSteps$.head$extension(Language.scala:80)
	at ai.glog.cpg.analysis.SinkAnalyzer$.getSink(SinkAnalyzer.scala:29)
	at ai.glog.cpg.analysis.SinkAnalyzer.getSink(SinkAnalyzer.scala)
	at ai.glog.reporting.Sarif.getSinkCpg(Sarif.java:187)
	at ai.glog.plugins.devskim.rules.resolve.DangerousCFunctionDetectedResolver.isFalsePositive(DangerousCFunctionDetectedResolver.java:22)
	at ai.glog.execute.workers.TriageAndRemediationCallableWorker.isFalsePositive(TriageAndRemediationCallableWorker.java:116)
	at ai.glog.execute.workers.TriageAndRemediationCallableWorker.call(TriageAndRemediationCallableWorker.java:66)
	at ai.glog.execute.workers.TriageAndRemediationCallableWorker.call(TriageAndRemediationCallableWorker.java:31)
	at java.base/java.util.concurrent.FutureTask.run(FutureTask.java:317)
	at java.base/java.util.concurrent.ThreadPoolExecutor.runWorker(ThreadPoolExecutor.java:1144)
	at java.base/java.util.concurrent.ThreadPoolExecutor$Worker.run(ThreadPoolExecutor.java:642)
	at java.base/java.lang.Thread.run(Thread.java:1623)

Oct 06, 2025 5:15:20 PM ai.glog.service.GlogService getFromGlog
SEVERE: java.lang.IllegalStateException: Expected BEGIN_ARRAY but was BEGIN_OBJECT at line 1 column 2 path $
{"detail":"Invalid token."}
com.google.gson.JsonSyntaxException: java.lang.IllegalStateException: Expected BEGIN_ARRAY but was BEGIN_OBJECT at line 1 column 2 path $
	at com.google.gson.Gson.fromJson(Gson.java:1003)
	at com.google.gson.Gson.fromJson(Gson.java:956)
	at com.google.gson.Gson.fromJson(Gson.java:905)
	at ai.glog.service.GlogService.getFromGlog(GlogService.java:174)
	at ai.glog.execute.workers.TriageAndRemediationCallableWorker.setGeneralRemediation(TriageAndRemediationCallableWorker.java:158)
	at ai.glog.execute.workers.TriageAndRemediationCallableWorker.call(TriageAndRemediationCallableWorker.java:73)
	at ai.glog.execute.workers.TriageAndRemediationCallableWorker.call(TriageAndRemediationCallableWorker.java:31)
	at java.base/java.util.concurrent.FutureTask.run(FutureTask.java:317)
	at java.base/java.util.concurrent.ThreadPoolExecutor.runWorker(ThreadPoolExecutor.java:1144)
	at java.base/java.util.concurrent.ThreadPoolExecutor$Worker.run(ThreadPoolExecutor.java:642)
	at java.base/java.lang.Thread.run(Thread.java:1623)
Caused by: java.lang.IllegalStateException: Expected BEGIN_ARRAY but was BEGIN_OBJECT at line 1 column 2 path $
	at com.google.gson.stream.JsonReader.beginArray(JsonReader.java:350)
	at com.google.gson.internal.bind.ArrayTypeAdapter.read(ArrayTypeAdapter.java:70)
	at com.google.gson.Gson.fromJson(Gson.java:991)
	... 10 more

Oct 06, 2025 5:15:20 PM ai.glog.execute.workers.TriageAndRemediationCallableWorker call
SEVERE: null
java.lang.NullPointerException
	at java.base/java.util.Objects.requireNonNull(Objects.java:233)
	at java.base/java.util.Arrays$ArrayList.<init>(Arrays.java:4234)
	at java.base/java.util.Arrays.asList(Arrays.java:4219)
	at ai.glog.execute.workers.TriageAndRemediationCallableWorker.setGeneralRemediation(TriageAndRemediationCallableWorker.java:162)
	at ai.glog.execute.workers.TriageAndRemediationCallableWorker.call(TriageAndRemediationCallableWorker.java:73)
	at ai.glog.execute.workers.TriageAndRemediationCallableWorker.call(TriageAndRemediationCallableWorker.java:31)
	at java.base/java.util.concurrent.FutureTask.run(FutureTask.java:317)
	at java.base/java.util.concurrent.ThreadPoolExecutor.runWorker(ThreadPoolExecutor.java:1144)
	at java.base/java.util.concurrent.ThreadPoolExecutor$Worker.run(ThreadPoolExecutor.java:642)
	at java.base/java.lang.Thread.run(Thread.java:1623)

Oct 06, 2025 5:15:20 PM ai.glog.service.GlogService getFromGlog
SEVERE: java.lang.IllegalStateException: Expected BEGIN_ARRAY but was BEGIN_OBJECT at line 1 column 2 path $
{"detail":"Invalid token."}
com.google.gson.JsonSyntaxException: java.lang.IllegalStateException: Expected BEGIN_ARRAY but was BEGIN_OBJECT at line 1 column 2 path $
	at com.google.gson.Gson.fromJson(Gson.java:1003)
	at com.google.gson.Gson.fromJson(Gson.java:956)
	at com.google.gson.Gson.fromJson(Gson.java:905)
	at ai.glog.service.GlogService.getFromGlog(GlogService.java:174)
	at ai.glog.execute.workers.TriageAndRemediationCallableWorker.setGeneralRemediation(TriageAndRemediationCallableWorker.java:158)
	at ai.glog.execute.workers.TriageAndRemediationCallableWorker.call(TriageAndRemediationCallableWorker.java:73)
	at ai.glog.execute.workers.TriageAndRemediationCallableWorker.call(TriageAndRemediationCallableWorker.java:31)
	at java.base/java.util.concurrent.FutureTask.run(FutureTask.java:317)
	at java.base/java.util.concurrent.ThreadPoolExecutor.runWorker(ThreadPoolExecutor.java:1144)
	at java.base/java.util.concurrent.ThreadPoolExecutor$Worker.run(ThreadPoolExecutor.java:642)
	at java.base/java.lang.Thread.run(Thread.java:1623)
Caused by: java.lang.IllegalStateException: Expected BEGIN_ARRAY but was BEGIN_OBJECT at line 1 column 2 path $
	at com.google.gson.stream.JsonReader.beginArray(JsonReader.java:350)
	at com.google.gson.internal.bind.ArrayTypeAdapter.read(ArrayTypeAdapter.java:70)
	at com.google.gson.Gson.fromJson(Gson.java:991)
	... 10 more

Oct 06, 2025 5:15:20 PM ai.glog.execute.workers.TriageAndRemediationCallableWorker call
SEVERE: null
java.lang.NullPointerException
	at java.base/java.util.Objects.requireNonNull(Objects.java:233)
	at java.base/java.util.Arrays$ArrayList.<init>(Arrays.java:4234)
	at java.base/java.util.Arrays.asList(Arrays.java:4219)
	at ai.glog.execute.workers.TriageAndRemediationCallableWorker.setGeneralRemediation(TriageAndRemediationCallableWorker.java:162)
	at ai.glog.execute.workers.TriageAndRemediationCallableWorker.call(TriageAndRemediationCallableWorker.java:73)
	at ai.glog.execute.workers.TriageAndRemediationCallableWorker.call(TriageAndRemediationCallableWorker.java:31)
	at java.base/java.util.concurrent.FutureTask.run(FutureTask.java:317)
	at java.base/java.util.concurrent.ThreadPoolExecutor.runWorker(ThreadPoolExecutor.java:1144)
	at java.base/java.util.concurrent.ThreadPoolExecutor$Worker.run(ThreadPoolExecutor.java:642)
	at java.base/java.lang.Thread.run(Thread.java:1623)

Oct 06, 2025 5:15:20 PM ai.glog.service.GlogService getFromGlog
SEVERE: java.lang.IllegalStateException: Expected BEGIN_ARRAY but was BEGIN_OBJECT at line 1 column 2 path $
{"detail":"Invalid token."}
com.google.gson.JsonSyntaxException: java.lang.IllegalStateException: Expected BEGIN_ARRAY but was BEGIN_OBJECT at line 1 column 2 path $
	at com.google.gson.Gson.fromJson(Gson.java:1003)
	at com.google.gson.Gson.fromJson(Gson.java:956)
	at com.google.gson.Gson.fromJson(Gson.java:905)
	at ai.glog.service.GlogService.getFromGlog(GlogService.java:174)
	at ai.glog.execute.workers.TriageAndRemediationCallableWorker.setGeneralRemediation(TriageAndRemediationCallableWorker.java:158)
	at ai.glog.execute.workers.TriageAndRemediationCallableWorker.call(TriageAndRemediationCallableWorker.java:73)
	at ai.glog.execute.workers.TriageAndRemediationCallableWorker.call(TriageAndRemediationCallableWorker.java:31)
	at java.base/java.util.concurrent.FutureTask.run(FutureTask.java:317)
	at java.base/java.util.concurrent.ThreadPoolExecutor.runWorker(ThreadPoolExecutor.java:1144)
	at java.base/java.util.concurrent.ThreadPoolExecutor$Worker.run(ThreadPoolExecutor.java:642)
	at java.base/java.lang.Thread.run(Thread.java:1623)
Caused by: java.lang.IllegalStateException: Expected BEGIN_ARRAY but was BEGIN_OBJECT at line 1 column 2 path $
	at com.google.gson.stream.JsonReader.beginArray(JsonReader.java:350)
	at com.google.gson.internal.bind.ArrayTypeAdapter.read(ArrayTypeAdapter.java:70)
	at com.google.gson.Gson.fromJson(Gson.java:991)
	... 10 more

Oct 06, 2025 5:15:20 PM ai.glog.execute.workers.TriageAndRemediationCallableWorker call
SEVERE: null
java.lang.NullPointerException
	at java.base/java.util.Objects.requireNonNull(Objects.java:233)
	at java.base/java.util.Arrays$ArrayList.<init>(Arrays.java:4234)
	at java.base/java.util.Arrays.asList(Arrays.java:4219)
	at ai.glog.execute.workers.TriageAndRemediationCallableWorker.setGeneralRemediation(TriageAndRemediationCallableWorker.java:162)
	at ai.glog.execute.workers.TriageAndRemediationCallableWorker.call(TriageAndRemediationCallableWorker.java:73)
	at ai.glog.execute.workers.TriageAndRemediationCallableWorker.call(TriageAndRemediationCallableWorker.java:31)
	at java.base/java.util.concurrent.FutureTask.run(FutureTask.java:317)
	at java.base/java.util.concurrent.ThreadPoolExecutor.runWorker(ThreadPoolExecutor.java:1144)
	at java.base/java.util.concurrent.ThreadPoolExecutor$Worker.run(ThreadPoolExecutor.java:642)
	at java.base/java.lang.Thread.run(Thread.java:1623)

Oct 06, 2025 5:15:20 PM ai.glog.service.GlogService getFromGlog
SEVERE: java.lang.IllegalStateException: Expected BEGIN_ARRAY but was BEGIN_OBJECT at line 1 column 2 path $
{"detail":"Invalid token."}
com.google.gson.JsonSyntaxException: java.lang.IllegalStateException: Expected BEGIN_ARRAY but was BEGIN_OBJECT at line 1 column 2 path $
	at com.google.gson.Gson.fromJson(Gson.java:1003)
	at com.google.gson.Gson.fromJson(Gson.java:956)
	at com.google.gson.Gson.fromJson(Gson.java:905)
	at ai.glog.service.GlogService.getFromGlog(GlogService.java:174)
	at ai.glog.execute.workers.TriageAndRemediationCallableWorker.setGeneralRemediation(TriageAndRemediationCallableWorker.java:158)
	at ai.glog.execute.workers.TriageAndRemediationCallableWorker.call(TriageAndRemediationCallableWorker.java:73)
	at ai.glog.execute.workers.TriageAndRemediationCallableWorker.call(TriageAndRemediationCallableWorker.java:31)
	at java.base/java.util.concurrent.FutureTask.run(FutureTask.java:317)
	at java.base/java.util.concurrent.ThreadPoolExecutor.runWorker(ThreadPoolExecutor.java:1144)
	at java.base/java.util.concurrent.ThreadPoolExecutor$Worker.run(ThreadPoolExecutor.java:642)
	at java.base/java.lang.Thread.run(Thread.java:1623)
Caused by: java.lang.IllegalStateException: Expected BEGIN_ARRAY but was BEGIN_OBJECT at line 1 column 2 path $
	at com.google.gson.stream.JsonReader.beginArray(JsonReader.java:350)
	at com.google.gson.internal.bind.ArrayTypeAdapter.read(ArrayTypeAdapter.java:70)
	at com.google.gson.Gson.fromJson(Gson.java:991)
	... 10 more

Oct 06, 2025 5:15:20 PM ai.glog.execute.workers.TriageAndRemediationCallableWorker call
SEVERE: null
java.lang.NullPointerException
	at java.base/java.util.Objects.requireNonNull(Objects.java:233)
	at java.base/java.util.Arrays$ArrayList.<init>(Arrays.java:4234)
	at java.base/java.util.Arrays.asList(Arrays.java:4219)
	at ai.glog.execute.workers.TriageAndRemediationCallableWorker.setGeneralRemediation(TriageAndRemediationCallableWorker.java:162)
	at ai.glog.execute.workers.TriageAndRemediationCallableWorker.call(TriageAndRemediationCallableWorker.java:73)
	at ai.glog.execute.workers.TriageAndRemediationCallableWorker.call(TriageAndRemediationCallableWorker.java:31)
	at java.base/java.util.concurrent.FutureTask.run(FutureTask.java:317)
	at java.base/java.util.concurrent.ThreadPoolExecutor.runWorker(ThreadPoolExecutor.java:1144)
	at java.base/java.util.concurrent.ThreadPoolExecutor$Worker.run(ThreadPoolExecutor.java:642)
	at java.base/java.lang.Thread.run(Thread.java:1623)

Oct 06, 2025 5:15:20 PM ai.glog.service.GlogService getFromGlog
SEVERE: java.lang.IllegalStateException: Expected BEGIN_ARRAY but was BEGIN_OBJECT at line 1 column 2 path $
{"detail":"Invalid token."}
com.google.gson.JsonSyntaxException: java.lang.IllegalStateException: Expected BEGIN_ARRAY but was BEGIN_OBJECT at line 1 column 2 path $
	at com.google.gson.Gson.fromJson(Gson.java:1003)
	at com.google.gson.Gson.fromJson(Gson.java:956)
	at com.google.gson.Gson.fromJson(Gson.java:905)
	at ai.glog.service.GlogService.getFromGlog(GlogService.java:174)
	at ai.glog.execute.workers.TriageAndRemediationCallableWorker.setGeneralRemediation(TriageAndRemediationCallableWorker.java:158)
	at ai.glog.execute.workers.TriageAndRemediationCallableWorker.call(TriageAndRemediationCallableWorker.java:73)
	at ai.glog.execute.workers.TriageAndRemediationCallableWorker.call(TriageAndRemediationCallableWorker.java:31)
	at java.base/java.util.concurrent.FutureTask.run(FutureTask.java:317)
	at java.base/java.util.concurrent.ThreadPoolExecutor.runWorker(ThreadPoolExecutor.java:1144)
	at java.base/java.util.concurrent.ThreadPoolExecutor$Worker.run(ThreadPoolExecutor.java:642)
	at java.base/java.lang.Thread.run(Thread.java:1623)
Caused by: java.lang.IllegalStateException: Expected BEGIN_ARRAY but was BEGIN_OBJECT at line 1 column 2 path $
	at com.google.gson.stream.JsonReader.beginArray(JsonReader.java:350)
	at com.google.gson.internal.bind.ArrayTypeAdapter.read(ArrayTypeAdapter.java:70)
	at com.google.gson.Gson.fromJson(Gson.java:991)
	... 10 more

Oct 06, 2025 5:15:20 PM ai.glog.execute.workers.TriageAndRemediationCallableWorker call
SEVERE: null
java.lang.NullPointerException
	at java.base/java.util.Objects.requireNonNull(Objects.java:233)
	at java.base/java.util.Arrays$ArrayList.<init>(Arrays.java:4234)
	at java.base/java.util.Arrays.asList(Arrays.java:4219)
	at ai.glog.execute.workers.TriageAndRemediationCallableWorker.setGeneralRemediation(TriageAndRemediationCallableWorker.java:162)
	at ai.glog.execute.workers.TriageAndRemediationCallableWorker.call(TriageAndRemediationCallableWorker.java:73)
	at ai.glog.execute.workers.TriageAndRemediationCallableWorker.call(TriageAndRemediationCallableWorker.java:31)
	at java.base/java.util.concurrent.FutureTask.run(FutureTask.java:317)
	at java.base/java.util.concurrent.ThreadPoolExecutor.runWorker(ThreadPoolExecutor.java:1144)
	at java.base/java.util.concurrent.ThreadPoolExecutor$Worker.run(ThreadPoolExecutor.java:642)
	at java.base/java.lang.Thread.run(Thread.java:1623)

Oct 06, 2025 5:15:20 PM ai.glog.service.GlogService getFromGlog
SEVERE: java.lang.IllegalStateException: Expected BEGIN_ARRAY but was BEGIN_OBJECT at line 1 column 2 path $
{"detail":"Invalid token."}
com.google.gson.JsonSyntaxException: java.lang.IllegalStateException: Expected BEGIN_ARRAY but was BEGIN_OBJECT at line 1 column 2 path $
	at com.google.gson.Gson.fromJson(Gson.java:1003)
	at com.google.gson.Gson.fromJson(Gson.java:956)
	at com.google.gson.Gson.fromJson(Gson.java:905)
	at ai.glog.service.GlogService.getFromGlog(GlogService.java:174)
	at ai.glog.execute.workers.TriageAndRemediationCallableWorker.setGeneralRemediation(TriageAndRemediationCallableWorker.java:158)
	at ai.glog.execute.workers.TriageAndRemediationCallableWorker.call(TriageAndRemediationCallableWorker.java:73)
	at ai.glog.execute.workers.TriageAndRemediationCallableWorker.call(TriageAndRemediationCallableWorker.java:31)
	at java.base/java.util.concurrent.FutureTask.run(FutureTask.java:317)
	at java.base/java.util.concurrent.ThreadPoolExecutor.runWorker(ThreadPoolExecutor.java:1144)
	at java.base/java.util.concurrent.ThreadPoolExecutor$Worker.run(ThreadPoolExecutor.java:642)
	at java.base/java.lang.Thread.run(Thread.java:1623)
Caused by: java.lang.IllegalStateException: Expected BEGIN_ARRAY but was BEGIN_OBJECT at line 1 column 2 path $
	at com.google.gson.stream.JsonReader.beginArray(JsonReader.java:350)
	at com.google.gson.internal.bind.ArrayTypeAdapter.read(ArrayTypeAdapter.java:70)
	at com.google.gson.Gson.fromJson(Gson.java:991)
	... 10 more

Oct 06, 2025 5:15:20 PM ai.glog.execute.workers.TriageAndRemediationCallableWorker call
SEVERE: null
java.lang.NullPointerException
	at java.base/java.util.Objects.requireNonNull(Objects.java:233)
	at java.base/java.util.Arrays$ArrayList.<init>(Arrays.java:4234)
	at java.base/java.util.Arrays.asList(Arrays.java:4219)
	at ai.glog.execute.workers.TriageAndRemediationCallableWorker.setGeneralRemediation(TriageAndRemediationCallableWorker.java:162)
	at ai.glog.execute.workers.TriageAndRemediationCallableWorker.call(TriageAndRemediationCallableWorker.java:73)
	at ai.glog.execute.workers.TriageAndRemediationCallableWorker.call(TriageAndRemediationCallableWorker.java:31)
	at java.base/java.util.concurrent.FutureTask.run(FutureTask.java:317)
	at java.base/java.util.concurrent.ThreadPoolExecutor.runWorker(ThreadPoolExecutor.java:1144)
	at java.base/java.util.concurrent.ThreadPoolExecutor$Worker.run(ThreadPoolExecutor.java:642)
	at java.base/java.lang.Thread.run(Thread.java:1623)

Oct 06, 2025 5:15:20 PM ai.glog.service.GlogService getFromGlog
SEVERE: java.lang.IllegalStateException: Expected BEGIN_ARRAY but was BEGIN_OBJECT at line 1 column 2 path $
{"detail":"Invalid token."}
com.google.gson.JsonSyntaxException: java.lang.IllegalStateException: Expected BEGIN_ARRAY but was BEGIN_OBJECT at line 1 column 2 path $
	at com.google.gson.Gson.fromJson(Gson.java:1003)
	at com.google.gson.Gson.fromJson(Gson.java:956)
	at com.google.gson.Gson.fromJson(Gson.java:905)
	at ai.glog.service.GlogService.getFromGlog(GlogService.java:174)
	at ai.glog.execute.workers.TriageAndRemediationCallableWorker.setGeneralRemediation(TriageAndRemediationCallableWorker.java:158)
	at ai.glog.execute.workers.TriageAndRemediationCallableWorker.call(TriageAndRemediationCallableWorker.java:73)
	at ai.glog.execute.workers.TriageAndRemediationCallableWorker.call(TriageAndRemediationCallableWorker.java:31)
	at java.base/java.util.concurrent.FutureTask.run(FutureTask.java:317)
	at java.base/java.util.concurrent.ThreadPoolExecutor.runWorker(ThreadPoolExecutor.java:1144)
	at java.base/java.util.concurrent.ThreadPoolExecutor$Worker.run(ThreadPoolExecutor.java:642)
	at java.base/java.lang.Thread.run(Thread.java:1623)
Caused by: java.lang.IllegalStateException: Expected BEGIN_ARRAY but was BEGIN_OBJECT at line 1 column 2 path $
	at com.google.gson.stream.JsonReader.beginArray(JsonReader.java:350)
	at com.google.gson.internal.bind.ArrayTypeAdapter.read(ArrayTypeAdapter.java:70)
	at com.google.gson.Gson.fromJson(Gson.java:991)
	... 10 more

Oct 06, 2025 5:15:20 PM ai.glog.execute.workers.TriageAndRemediationCallableWorker call
SEVERE: null
java.lang.NullPointerException
	at java.base/java.util.Objects.requireNonNull(Objects.java:233)
	at java.base/java.util.Arrays$ArrayList.<init>(Arrays.java:4234)
	at java.base/java.util.Arrays.asList(Arrays.java:4219)
	at ai.glog.execute.workers.TriageAndRemediationCallableWorker.setGeneralRemediation(TriageAndRemediationCallableWorker.java:162)
	at ai.glog.execute.workers.TriageAndRemediationCallableWorker.call(TriageAndRemediationCallableWorker.java:73)
	at ai.glog.execute.workers.TriageAndRemediationCallableWorker.call(TriageAndRemediationCallableWorker.java:31)
	at java.base/java.util.concurrent.FutureTask.run(FutureTask.java:317)
	at java.base/java.util.concurrent.ThreadPoolExecutor.runWorker(ThreadPoolExecutor.java:1144)
	at java.base/java.util.concurrent.ThreadPoolExecutor$Worker.run(ThreadPoolExecutor.java:642)
	at java.base/java.lang.Thread.run(Thread.java:1623)

Oct 06, 2025 5:15:21 PM ai.glog.service.GlogService getFromGlog
SEVERE: java.lang.IllegalStateException: Expected BEGIN_ARRAY but was BEGIN_OBJECT at line 1 column 2 path $
{"detail":"Invalid token."}
com.google.gson.JsonSyntaxException: java.lang.IllegalStateException: Expected BEGIN_ARRAY but was BEGIN_OBJECT at line 1 column 2 path $
	at com.google.gson.Gson.fromJson(Gson.java:1003)
	at com.google.gson.Gson.fromJson(Gson.java:956)
	at com.google.gson.Gson.fromJson(Gson.java:905)
	at ai.glog.service.GlogService.getFromGlog(GlogService.java:174)
	at ai.glog.execute.workers.TriageAndRemediationCallableWorker.setGeneralRemediation(TriageAndRemediationCallableWorker.java:158)
	at ai.glog.execute.workers.TriageAndRemediationCallableWorker.call(TriageAndRemediationCallableWorker.java:73)
	at ai.glog.execute.workers.TriageAndRemediationCallableWorker.call(TriageAndRemediationCallableWorker.java:31)
	at java.base/java.util.concurrent.FutureTask.run(FutureTask.java:317)
	at java.base/java.util.concurrent.ThreadPoolExecutor.runWorker(ThreadPoolExecutor.java:1144)
	at java.base/java.util.concurrent.ThreadPoolExecutor$Worker.run(ThreadPoolExecutor.java:642)
	at java.base/java.lang.Thread.run(Thread.java:1623)
Caused by: java.lang.IllegalStateException: Expected BEGIN_ARRAY but was BEGIN_OBJECT at line 1 column 2 path $
	at com.google.gson.stream.JsonReader.beginArray(JsonReader.java:350)
	at com.google.gson.internal.bind.ArrayTypeAdapter.read(ArrayTypeAdapter.java:70)
	at com.google.gson.Gson.fromJson(Gson.java:991)
	... 10 more

Oct 06, 2025 5:15:21 PM ai.glog.execute.workers.TriageAndRemediationCallableWorker call
SEVERE: null
java.lang.NullPointerException
	at java.base/java.util.Objects.requireNonNull(Objects.java:233)
	at java.base/java.util.Arrays$ArrayList.<init>(Arrays.java:4234)
	at java.base/java.util.Arrays.asList(Arrays.java:4219)
	at ai.glog.execute.workers.TriageAndRemediationCallableWorker.setGeneralRemediation(TriageAndRemediationCallableWorker.java:162)
	at ai.glog.execute.workers.TriageAndRemediationCallableWorker.call(TriageAndRemediationCallableWorker.java:73)
	at ai.glog.execute.workers.TriageAndRemediationCallableWorker.call(TriageAndRemediationCallableWorker.java:31)
	at java.base/java.util.concurrent.FutureTask.run(FutureTask.java:317)
	at java.base/java.util.concurrent.ThreadPoolExecutor.runWorker(ThreadPoolExecutor.java:1144)
	at java.base/java.util.concurrent.ThreadPoolExecutor$Worker.run(ThreadPoolExecutor.java:642)
	at java.base/java.lang.Thread.run(Thread.java:1623)

Oct 06, 2025 5:15:21 PM ai.glog.service.GlogService getFromGlog
SEVERE: java.lang.IllegalStateException: Expected BEGIN_ARRAY but was BEGIN_OBJECT at line 1 column 2 path $
{"detail":"Invalid token."}
com.google.gson.JsonSyntaxException: java.lang.IllegalStateException: Expected BEGIN_ARRAY but was BEGIN_OBJECT at line 1 column 2 path $
	at com.google.gson.Gson.fromJson(Gson.java:1003)
	at com.google.gson.Gson.fromJson(Gson.java:956)
	at com.google.gson.Gson.fromJson(Gson.java:905)
	at ai.glog.service.GlogService.getFromGlog(GlogService.java:174)
	at ai.glog.execute.workers.TriageAndRemediationCallableWorker.setGeneralRemediation(TriageAndRemediationCallableWorker.java:158)
	at ai.glog.execute.workers.TriageAndRemediationCallableWorker.call(TriageAndRemediationCallableWorker.java:73)
	at ai.glog.execute.workers.TriageAndRemediationCallableWorker.call(TriageAndRemediationCallableWorker.java:31)
	at java.base/java.util.concurrent.FutureTask.run(FutureTask.java:317)
	at java.base/java.util.concurrent.ThreadPoolExecutor.runWorker(ThreadPoolExecutor.java:1144)
	at java.base/java.util.concurrent.ThreadPoolExecutor$Worker.run(ThreadPoolExecutor.java:642)
	at java.base/java.lang.Thread.run(Thread.java:1623)
Caused by: java.lang.IllegalStateException: Expected BEGIN_ARRAY but was BEGIN_OBJECT at line 1 column 2 path $
	at com.google.gson.stream.JsonReader.beginArray(JsonReader.java:350)
	at com.google.gson.internal.bind.ArrayTypeAdapter.read(ArrayTypeAdapter.java:70)
	at com.google.gson.Gson.fromJson(Gson.java:991)
	... 10 more

Oct 06, 2025 5:15:21 PM ai.glog.execute.workers.TriageAndRemediationCallableWorker call
SEVERE: null
java.lang.NullPointerException
	at java.base/java.util.Objects.requireNonNull(Objects.java:233)
	at java.base/java.util.Arrays$ArrayList.<init>(Arrays.java:4234)
	at java.base/java.util.Arrays.asList(Arrays.java:4219)
	at ai.glog.execute.workers.TriageAndRemediationCallableWorker.setGeneralRemediation(TriageAndRemediationCallableWorker.java:162)
	at ai.glog.execute.workers.TriageAndRemediationCallableWorker.call(TriageAndRemediationCallableWorker.java:73)
	at ai.glog.execute.workers.TriageAndRemediationCallableWorker.call(TriageAndRemediationCallableWorker.java:31)
	at java.base/java.util.concurrent.FutureTask.run(FutureTask.java:317)
	at java.base/java.util.concurrent.ThreadPoolExecutor.runWorker(ThreadPoolExecutor.java:1144)
	at java.base/java.util.concurrent.ThreadPoolExecutor$Worker.run(ThreadPoolExecutor.java:642)
	at java.base/java.lang.Thread.run(Thread.java:1623)

Oct 06, 2025 5:15:21 PM ai.glog.service.GlogService getFromGlog
SEVERE: java.lang.IllegalStateException: Expected BEGIN_ARRAY but was BEGIN_OBJECT at line 1 column 2 path $
{"detail":"Invalid token."}
com.google.gson.JsonSyntaxException: java.lang.IllegalStateException: Expected BEGIN_ARRAY but was BEGIN_OBJECT at line 1 column 2 path $
	at com.google.gson.Gson.fromJson(Gson.java:1003)
	at com.google.gson.Gson.fromJson(Gson.java:956)
	at com.google.gson.Gson.fromJson(Gson.java:905)
	at ai.glog.service.GlogService.getFromGlog(GlogService.java:174)
	at ai.glog.execute.workers.TriageAndRemediationCallableWorker.setGeneralRemediation(TriageAndRemediationCallableWorker.java:158)
	at ai.glog.execute.workers.TriageAndRemediationCallableWorker.call(TriageAndRemediationCallableWorker.java:73)
	at ai.glog.execute.workers.TriageAndRemediationCallableWorker.call(TriageAndRemediationCallableWorker.java:31)
	at java.base/java.util.concurrent.FutureTask.run(FutureTask.java:317)
	at java.base/java.util.concurrent.ThreadPoolExecutor.runWorker(ThreadPoolExecutor.java:1144)
	at java.base/java.util.concurrent.ThreadPoolExecutor$Worker.run(ThreadPoolExecutor.java:642)
	at java.base/java.lang.Thread.run(Thread.java:1623)
Caused by: java.lang.IllegalStateException: Expected BEGIN_ARRAY but was BEGIN_OBJECT at line 1 column 2 path $
	at com.google.gson.stream.JsonReader.beginArray(JsonReader.java:350)
	at com.google.gson.internal.bind.ArrayTypeAdapter.read(ArrayTypeAdapter.java:70)
	at com.google.gson.Gson.fromJson(Gson.java:991)
	... 10 more

Oct 06, 2025 5:15:21 PM ai.glog.execute.workers.TriageAndRemediationCallableWorker call
SEVERE: null
java.lang.NullPointerException
	at java.base/java.util.Objects.requireNonNull(Objects.java:233)
	at java.base/java.util.Arrays$ArrayList.<init>(Arrays.java:4234)
	at java.base/java.util.Arrays.asList(Arrays.java:4219)
	at ai.glog.execute.workers.TriageAndRemediationCallableWorker.setGeneralRemediation(TriageAndRemediationCallableWorker.java:162)
	at ai.glog.execute.workers.TriageAndRemediationCallableWorker.call(TriageAndRemediationCallableWorker.java:73)
	at ai.glog.execute.workers.TriageAndRemediationCallableWorker.call(TriageAndRemediationCallableWorker.java:31)
	at java.base/java.util.concurrent.FutureTask.run(FutureTask.java:317)
	at java.base/java.util.concurrent.ThreadPoolExecutor.runWorker(ThreadPoolExecutor.java:1144)
	at java.base/java.util.concurrent.ThreadPoolExecutor$Worker.run(ThreadPoolExecutor.java:642)
	at java.base/java.lang.Thread.run(Thread.java:1623)

Oct 06, 2025 5:15:21 PM ai.glog.service.GlogService getFromGlog
SEVERE: java.lang.IllegalStateException: Expected BEGIN_ARRAY but was BEGIN_OBJECT at line 1 column 2 path $
{"detail":"Invalid token."}
com.google.gson.JsonSyntaxException: java.lang.IllegalStateException: Expected BEGIN_ARRAY but was BEGIN_OBJECT at line 1 column 2 path $
	at com.google.gson.Gson.fromJson(Gson.java:1003)
	at com.google.gson.Gson.fromJson(Gson.java:956)
	at com.google.gson.Gson.fromJson(Gson.java:905)
	at ai.glog.service.GlogService.getFromGlog(GlogService.java:174)
	at ai.glog.execute.workers.TriageAndRemediationCallableWorker.setGeneralRemediation(TriageAndRemediationCallableWorker.java:158)
	at ai.glog.execute.workers.TriageAndRemediationCallableWorker.call(TriageAndRemediationCallableWorker.java:73)
	at ai.glog.execute.workers.TriageAndRemediationCallableWorker.call(TriageAndRemediationCallableWorker.java:31)
	at java.base/java.util.concurrent.FutureTask.run(FutureTask.java:317)
	at java.base/java.util.concurrent.ThreadPoolExecutor.runWorker(ThreadPoolExecutor.java:1144)
	at java.base/java.util.concurrent.ThreadPoolExecutor$Worker.run(ThreadPoolExecutor.java:642)
	at java.base/java.lang.Thread.run(Thread.java:1623)
Caused by: java.lang.IllegalStateException: Expected BEGIN_ARRAY but was BEGIN_OBJECT at line 1 column 2 path $
	at com.google.gson.stream.JsonReader.beginArray(JsonReader.java:350)
	at com.google.gson.internal.bind.ArrayTypeAdapter.read(ArrayTypeAdapter.java:70)
	at com.google.gson.Gson.fromJson(Gson.java:991)
	... 10 more

Oct 06, 2025 5:15:21 PM ai.glog.execute.workers.TriageAndRemediationCallableWorker call
SEVERE: null
java.lang.NullPointerException
	at java.base/java.util.Objects.requireNonNull(Objects.java:233)
	at java.base/java.util.Arrays$ArrayList.<init>(Arrays.java:4234)
	at java.base/java.util.Arrays.asList(Arrays.java:4219)
	at ai.glog.execute.workers.TriageAndRemediationCallableWorker.setGeneralRemediation(TriageAndRemediationCallableWorker.java:162)
	at ai.glog.execute.workers.TriageAndRemediationCallableWorker.call(TriageAndRemediationCallableWorker.java:73)
	at ai.glog.execute.workers.TriageAndRemediationCallableWorker.call(TriageAndRemediationCallableWorker.java:31)
	at java.base/java.util.concurrent.FutureTask.run(FutureTask.java:317)
	at java.base/java.util.concurrent.ThreadPoolExecutor.runWorker(ThreadPoolExecutor.java:1144)
	at java.base/java.util.concurrent.ThreadPoolExecutor$Worker.run(ThreadPoolExecutor.java:642)
	at java.base/java.lang.Thread.run(Thread.java:1623)

Oct 06, 2025 5:15:21 PM ai.glog.service.GlogService getFromGlog
SEVERE: java.lang.IllegalStateException: Expected BEGIN_ARRAY but was BEGIN_OBJECT at line 1 column 2 path $
{"detail":"Invalid token."}
com.google.gson.JsonSyntaxException: java.lang.IllegalStateException: Expected BEGIN_ARRAY but was BEGIN_OBJECT at line 1 column 2 path $
	at com.google.gson.Gson.fromJson(Gson.java:1003)
	at com.google.gson.Gson.fromJson(Gson.java:956)
	at com.google.gson.Gson.fromJson(Gson.java:905)
	at ai.glog.service.GlogService.getFromGlog(GlogService.java:174)
	at ai.glog.execute.workers.TriageAndRemediationCallableWorker.setGeneralRemediation(TriageAndRemediationCallableWorker.java:158)
	at ai.glog.execute.workers.TriageAndRemediationCallableWorker.call(TriageAndRemediationCallableWorker.java:73)
	at ai.glog.execute.workers.TriageAndRemediationCallableWorker.call(TriageAndRemediationCallableWorker.java:31)
	at java.base/java.util.concurrent.FutureTask.run(FutureTask.java:317)
	at java.base/java.util.concurrent.ThreadPoolExecutor.runWorker(ThreadPoolExecutor.java:1144)
	at java.base/java.util.concurrent.ThreadPoolExecutor$Worker.run(ThreadPoolExecutor.java:642)
	at java.base/java.lang.Thread.run(Thread.java:1623)
Caused by: java.lang.IllegalStateException: Expected BEGIN_ARRAY but was BEGIN_OBJECT at line 1 column 2 path $
	at com.google.gson.stream.JsonReader.beginArray(JsonReader.java:350)
	at com.google.gson.internal.bind.ArrayTypeAdapter.read(ArrayTypeAdapter.java:70)
	at com.google.gson.Gson.fromJson(Gson.java:991)
	... 10 more

Oct 06, 2025 5:15:21 PM ai.glog.execute.workers.TriageAndRemediationCallableWorker call
SEVERE: null
java.lang.NullPointerException
	at java.base/java.util.Objects.requireNonNull(Objects.java:233)
	at java.base/java.util.Arrays$ArrayList.<init>(Arrays.java:4234)
	at java.base/java.util.Arrays.asList(Arrays.java:4219)
	at ai.glog.execute.workers.TriageAndRemediationCallableWorker.setGeneralRemediation(TriageAndRemediationCallableWorker.java:162)
	at ai.glog.execute.workers.TriageAndRemediationCallableWorker.call(TriageAndRemediationCallableWorker.java:73)
	at ai.glog.execute.workers.TriageAndRemediationCallableWorker.call(TriageAndRemediationCallableWorker.java:31)
	at java.base/java.util.concurrent.FutureTask.run(FutureTask.java:317)
	at java.base/java.util.concurrent.ThreadPoolExecutor.runWorker(ThreadPoolExecutor.java:1144)
	at java.base/java.util.concurrent.ThreadPoolExecutor$Worker.run(ThreadPoolExecutor.java:642)
	at java.base/java.lang.Thread.run(Thread.java:1623)

Oct 06, 2025 5:15:21 PM ai.glog.service.GlogService getFromGlog
SEVERE: java.lang.IllegalStateException: Expected BEGIN_ARRAY but was BEGIN_OBJECT at line 1 column 2 path $
{"detail":"Invalid token."}
com.google.gson.JsonSyntaxException: java.lang.IllegalStateException: Expected BEGIN_ARRAY but was BEGIN_OBJECT at line 1 column 2 path $
	at com.google.gson.Gson.fromJson(Gson.java:1003)
	at com.google.gson.Gson.fromJson(Gson.java:956)
	at com.google.gson.Gson.fromJson(Gson.java:905)
	at ai.glog.service.GlogService.getFromGlog(GlogService.java:174)
	at ai.glog.execute.workers.TriageAndRemediationCallableWorker.setGeneralRemediation(TriageAndRemediationCallableWorker.java:158)
	at ai.glog.execute.workers.TriageAndRemediationCallableWorker.call(TriageAndRemediationCallableWorker.java:73)
	at ai.glog.execute.workers.TriageAndRemediationCallableWorker.call(TriageAndRemediationCallableWorker.java:31)
	at java.base/java.util.concurrent.FutureTask.run(FutureTask.java:317)
	at java.base/java.util.concurrent.ThreadPoolExecutor.runWorker(ThreadPoolExecutor.java:1144)
	at java.base/java.util.concurrent.ThreadPoolExecutor$Worker.run(ThreadPoolExecutor.java:642)
	at java.base/java.lang.Thread.run(Thread.java:1623)
Caused by: java.lang.IllegalStateException: Expected BEGIN_ARRAY but was BEGIN_OBJECT at line 1 column 2 path $
	at com.google.gson.stream.JsonReader.beginArray(JsonReader.java:350)
	at com.google.gson.internal.bind.ArrayTypeAdapter.read(ArrayTypeAdapter.java:70)
	at com.google.gson.Gson.fromJson(Gson.java:991)
	... 10 more

Oct 06, 2025 5:15:21 PM ai.glog.execute.workers.TriageAndRemediationCallableWorker call
SEVERE: null
java.lang.NullPointerException
	at java.base/java.util.Objects.requireNonNull(Objects.java:233)
	at java.base/java.util.Arrays$ArrayList.<init>(Arrays.java:4234)
	at java.base/java.util.Arrays.asList(Arrays.java:4219)
	at ai.glog.execute.workers.TriageAndRemediationCallableWorker.setGeneralRemediation(TriageAndRemediationCallableWorker.java:162)
	at ai.glog.execute.workers.TriageAndRemediationCallableWorker.call(TriageAndRemediationCallableWorker.java:73)
	at ai.glog.execute.workers.TriageAndRemediationCallableWorker.call(TriageAndRemediationCallableWorker.java:31)
	at java.base/java.util.concurrent.FutureTask.run(FutureTask.java:317)
	at java.base/java.util.concurrent.ThreadPoolExecutor.runWorker(ThreadPoolExecutor.java:1144)
	at java.base/java.util.concurrent.ThreadPoolExecutor$Worker.run(ThreadPoolExecutor.java:642)
	at java.base/java.lang.Thread.run(Thread.java:1623)

Oct 06, 2025 5:15:21 PM ai.glog.service.GlogService getFromGlog
SEVERE: java.lang.IllegalStateException: Expected BEGIN_ARRAY but was BEGIN_OBJECT at line 1 column 2 path $
{"detail":"Invalid token."}
com.google.gson.JsonSyntaxException: java.lang.IllegalStateException: Expected BEGIN_ARRAY but was BEGIN_OBJECT at line 1 column 2 path $
	at com.google.gson.Gson.fromJson(Gson.java:1003)
	at com.google.gson.Gson.fromJson(Gson.java:956)
	at com.google.gson.Gson.fromJson(Gson.java:905)
	at ai.glog.service.GlogService.getFromGlog(GlogService.java:174)
	at ai.glog.execute.workers.TriageAndRemediationCallableWorker.setGeneralRemediation(TriageAndRemediationCallableWorker.java:158)
	at ai.glog.execute.workers.TriageAndRemediationCallableWorker.call(TriageAndRemediationCallableWorker.java:73)
	at ai.glog.execute.workers.TriageAndRemediationCallableWorker.call(TriageAndRemediationCallableWorker.java:31)
	at java.base/java.util.concurrent.FutureTask.run(FutureTask.java:317)
	at java.base/java.util.concurrent.ThreadPoolExecutor.runWorker(ThreadPoolExecutor.java:1144)
	at java.base/java.util.concurrent.ThreadPoolExecutor$Worker.run(ThreadPoolExecutor.java:642)
	at java.base/java.lang.Thread.run(Thread.java:1623)
Caused by: java.lang.IllegalStateException: Expected BEGIN_ARRAY but was BEGIN_OBJECT at line 1 column 2 path $
	at com.google.gson.stream.JsonReader.beginArray(JsonReader.java:350)
	at com.google.gson.internal.bind.ArrayTypeAdapter.read(ArrayTypeAdapter.java:70)
	at com.google.gson.Gson.fromJson(Gson.java:991)
	... 10 more

Oct 06, 2025 5:15:21 PM ai.glog.execute.workers.TriageAndRemediationCallableWorker call
SEVERE: null
java.lang.NullPointerException
	at java.base/java.util.Objects.requireNonNull(Objects.java:233)
	at java.base/java.util.Arrays$ArrayList.<init>(Arrays.java:4234)
	at java.base/java.util.Arrays.asList(Arrays.java:4219)
	at ai.glog.execute.workers.TriageAndRemediationCallableWorker.setGeneralRemediation(TriageAndRemediationCallableWorker.java:162)
	at ai.glog.execute.workers.TriageAndRemediationCallableWorker.call(TriageAndRemediationCallableWorker.java:73)
	at ai.glog.execute.workers.TriageAndRemediationCallableWorker.call(TriageAndRemediationCallableWorker.java:31)
	at java.base/java.util.concurrent.FutureTask.run(FutureTask.java:317)
	at java.base/java.util.concurrent.ThreadPoolExecutor.runWorker(ThreadPoolExecutor.java:1144)
	at java.base/java.util.concurrent.ThreadPoolExecutor$Worker.run(ThreadPoolExecutor.java:642)
	at java.base/java.lang.Thread.run(Thread.java:1623)

Oct 06, 2025 5:15:21 PM ai.glog.service.GlogService getFromGlog
SEVERE: java.lang.IllegalStateException: Expected BEGIN_ARRAY but was BEGIN_OBJECT at line 1 column 2 path $
{"detail":"Invalid token."}
com.google.gson.JsonSyntaxException: java.lang.IllegalStateException: Expected BEGIN_ARRAY but was BEGIN_OBJECT at line 1 column 2 path $
	at com.google.gson.Gson.fromJson(Gson.java:1003)
	at com.google.gson.Gson.fromJson(Gson.java:956)
	at com.google.gson.Gson.fromJson(Gson.java:905)
	at ai.glog.service.GlogService.getFromGlog(GlogService.java:174)
	at ai.glog.execute.workers.TriageAndRemediationCallableWorker.setGeneralRemediation(TriageAndRemediationCallableWorker.java:158)
	at ai.glog.execute.workers.TriageAndRemediationCallableWorker.call(TriageAndRemediationCallableWorker.java:73)
	at ai.glog.execute.workers.TriageAndRemediationCallableWorker.call(TriageAndRemediationCallableWorker.java:31)
	at java.base/java.util.concurrent.FutureTask.run(FutureTask.java:317)
	at java.base/java.util.concurrent.ThreadPoolExecutor.runWorker(ThreadPoolExecutor.java:1144)
	at java.base/java.util.concurrent.ThreadPoolExecutor$Worker.run(ThreadPoolExecutor.java:642)
	at java.base/java.lang.Thread.run(Thread.java:1623)
Caused by: java.lang.IllegalStateException: Expected BEGIN_ARRAY but was BEGIN_OBJECT at line 1 column 2 path $
	at com.google.gson.stream.JsonReader.beginArray(JsonReader.java:350)
	at com.google.gson.internal.bind.ArrayTypeAdapter.read(ArrayTypeAdapter.java:70)
	at com.google.gson.Gson.fromJson(Gson.java:991)
	... 10 more

Oct 06, 2025 5:15:21 PM ai.glog.execute.workers.TriageAndRemediationCallableWorker call
SEVERE: null
java.lang.NullPointerException
	at java.base/java.util.Objects.requireNonNull(Objects.java:233)
	at java.base/java.util.Arrays$ArrayList.<init>(Arrays.java:4234)
	at java.base/java.util.Arrays.asList(Arrays.java:4219)
	at ai.glog.execute.workers.TriageAndRemediationCallableWorker.setGeneralRemediation(TriageAndRemediationCallableWorker.java:162)
	at ai.glog.execute.workers.TriageAndRemediationCallableWorker.call(TriageAndRemediationCallableWorker.java:73)
	at ai.glog.execute.workers.TriageAndRemediationCallableWorker.call(TriageAndRemediationCallableWorker.java:31)
	at java.base/java.util.concurrent.FutureTask.run(FutureTask.java:317)
	at java.base/java.util.concurrent.ThreadPoolExecutor.runWorker(ThreadPoolExecutor.java:1144)
	at java.base/java.util.concurrent.ThreadPoolExecutor$Worker.run(ThreadPoolExecutor.java:642)
	at java.base/java.lang.Thread.run(Thread.java:1623)

Oct 06, 2025 5:15:22 PM ai.glog.service.GlogService getFromGlog
SEVERE: java.lang.IllegalStateException: Expected BEGIN_ARRAY but was BEGIN_OBJECT at line 1 column 2 path $
{"detail":"Invalid token."}
com.google.gson.JsonSyntaxException: java.lang.IllegalStateException: Expected BEGIN_ARRAY but was BEGIN_OBJECT at line 1 column 2 path $
	at com.google.gson.Gson.fromJson(Gson.java:1003)
	at com.google.gson.Gson.fromJson(Gson.java:956)
	at com.google.gson.Gson.fromJson(Gson.java:905)
	at ai.glog.service.GlogService.getFromGlog(GlogService.java:174)
	at ai.glog.execute.workers.TriageAndRemediationCallableWorker.setGeneralRemediation(TriageAndRemediationCallableWorker.java:158)
	at ai.glog.execute.workers.TriageAndRemediationCallableWorker.call(TriageAndRemediationCallableWorker.java:73)
	at ai.glog.execute.workers.TriageAndRemediationCallableWorker.call(TriageAndRemediationCallableWorker.java:31)
	at java.base/java.util.concurrent.FutureTask.run(FutureTask.java:317)
	at java.base/java.util.concurrent.ThreadPoolExecutor.runWorker(ThreadPoolExecutor.java:1144)
	at java.base/java.util.concurrent.ThreadPoolExecutor$Worker.run(ThreadPoolExecutor.java:642)
	at java.base/java.lang.Thread.run(Thread.java:1623)
Caused by: java.lang.IllegalStateException: Expected BEGIN_ARRAY but was BEGIN_OBJECT at line 1 column 2 path $
	at com.google.gson.stream.JsonReader.beginArray(JsonReader.java:350)
	at com.google.gson.internal.bind.ArrayTypeAdapter.read(ArrayTypeAdapter.java:70)
	at com.google.gson.Gson.fromJson(Gson.java:991)
	... 10 more

Oct 06, 2025 5:15:22 PM ai.glog.execute.workers.TriageAndRemediationCallableWorker call
SEVERE: null
java.lang.NullPointerException
	at java.base/java.util.Objects.requireNonNull(Objects.java:233)
	at java.base/java.util.Arrays$ArrayList.<init>(Arrays.java:4234)
	at java.base/java.util.Arrays.asList(Arrays.java:4219)
	at ai.glog.execute.workers.TriageAndRemediationCallableWorker.setGeneralRemediation(TriageAndRemediationCallableWorker.java:162)
	at ai.glog.execute.workers.TriageAndRemediationCallableWorker.call(TriageAndRemediationCallableWorker.java:73)
	at ai.glog.execute.workers.TriageAndRemediationCallableWorker.call(TriageAndRemediationCallableWorker.java:31)
	at java.base/java.util.concurrent.FutureTask.run(FutureTask.java:317)
	at java.base/java.util.concurrent.ThreadPoolExecutor.runWorker(ThreadPoolExecutor.java:1144)
	at java.base/java.util.concurrent.ThreadPoolExecutor$Worker.run(ThreadPoolExecutor.java:642)
	at java.base/java.lang.Thread.run(Thread.java:1623)

Oct 06, 2025 5:15:22 PM ai.glog.service.GlogService getFromGlog
SEVERE: java.lang.IllegalStateException: Expected BEGIN_ARRAY but was BEGIN_OBJECT at line 1 column 2 path $
{"detail":"Invalid token."}
com.google.gson.JsonSyntaxException: java.lang.IllegalStateException: Expected BEGIN_ARRAY but was BEGIN_OBJECT at line 1 column 2 path $
	at com.google.gson.Gson.fromJson(Gson.java:1003)
	at com.google.gson.Gson.fromJson(Gson.java:956)
	at com.google.gson.Gson.fromJson(Gson.java:905)
	at ai.glog.service.GlogService.getFromGlog(GlogService.java:174)
	at ai.glog.execute.workers.TriageAndRemediationCallableWorker.setGeneralRemediation(TriageAndRemediationCallableWorker.java:158)
	at ai.glog.execute.workers.TriageAndRemediationCallableWorker.call(TriageAndRemediationCallableWorker.java:73)
	at ai.glog.execute.workers.TriageAndRemediationCallableWorker.call(TriageAndRemediationCallableWorker.java:31)
	at java.base/java.util.concurrent.FutureTask.run(FutureTask.java:317)
	at java.base/java.util.concurrent.ThreadPoolExecutor.runWorker(ThreadPoolExecutor.java:1144)
	at java.base/java.util.concurrent.ThreadPoolExecutor$Worker.run(ThreadPoolExecutor.java:642)
	at java.base/java.lang.Thread.run(Thread.java:1623)
Caused by: java.lang.IllegalStateException: Expected BEGIN_ARRAY but was BEGIN_OBJECT at line 1 column 2 path $
	at com.google.gson.stream.JsonReader.beginArray(JsonReader.java:350)
	at com.google.gson.internal.bind.ArrayTypeAdapter.read(ArrayTypeAdapter.java:70)
	at com.google.gson.Gson.fromJson(Gson.java:991)
	... 10 more

Oct 06, 2025 5:15:22 PM ai.glog.execute.workers.TriageAndRemediationCallableWorker call
SEVERE: null
java.lang.NullPointerException
	at java.base/java.util.Objects.requireNonNull(Objects.java:233)
	at java.base/java.util.Arrays$ArrayList.<init>(Arrays.java:4234)
	at java.base/java.util.Arrays.asList(Arrays.java:4219)
	at ai.glog.execute.workers.TriageAndRemediationCallableWorker.setGeneralRemediation(TriageAndRemediationCallableWorker.java:162)
	at ai.glog.execute.workers.TriageAndRemediationCallableWorker.call(TriageAndRemediationCallableWorker.java:73)
	at ai.glog.execute.workers.TriageAndRemediationCallableWorker.call(TriageAndRemediationCallableWorker.java:31)
	at java.base/java.util.concurrent.FutureTask.run(FutureTask.java:317)
	at java.base/java.util.concurrent.ThreadPoolExecutor.runWorker(ThreadPoolExecutor.java:1144)
	at java.base/java.util.concurrent.ThreadPoolExecutor$Worker.run(ThreadPoolExecutor.java:642)
	at java.base/java.lang.Thread.run(Thread.java:1623)

Oct 06, 2025 5:15:22 PM ai.glog.service.GlogService getFromGlog
SEVERE: java.lang.IllegalStateException: Expected BEGIN_ARRAY but was BEGIN_OBJECT at line 1 column 2 path $
{"detail":"Invalid token."}
com.google.gson.JsonSyntaxException: java.lang.IllegalStateException: Expected BEGIN_ARRAY but was BEGIN_OBJECT at line 1 column 2 path $
	at com.google.gson.Gson.fromJson(Gson.java:1003)
	at com.google.gson.Gson.fromJson(Gson.java:956)
	at com.google.gson.Gson.fromJson(Gson.java:905)
	at ai.glog.service.GlogService.getFromGlog(GlogService.java:174)
	at ai.glog.execute.workers.TriageAndRemediationCallableWorker.setGeneralRemediation(TriageAndRemediationCallableWorker.java:158)
	at ai.glog.execute.workers.TriageAndRemediationCallableWorker.call(TriageAndRemediationCallableWorker.java:73)
	at ai.glog.execute.workers.TriageAndRemediationCallableWorker.call(TriageAndRemediationCallableWorker.java:31)
	at java.base/java.util.concurrent.FutureTask.run(FutureTask.java:317)
	at java.base/java.util.concurrent.ThreadPoolExecutor.runWorker(ThreadPoolExecutor.java:1144)
	at java.base/java.util.concurrent.ThreadPoolExecutor$Worker.run(ThreadPoolExecutor.java:642)
	at java.base/java.lang.Thread.run(Thread.java:1623)
Caused by: java.lang.IllegalStateException: Expected BEGIN_ARRAY but was BEGIN_OBJECT at line 1 column 2 path $
	at com.google.gson.stream.JsonReader.beginArray(JsonReader.java:350)
	at com.google.gson.internal.bind.ArrayTypeAdapter.read(ArrayTypeAdapter.java:70)
	at com.google.gson.Gson.fromJson(Gson.java:991)
	... 10 more

Oct 06, 2025 5:15:22 PM ai.glog.execute.workers.TriageAndRemediationCallableWorker call
SEVERE: null
java.lang.NullPointerException
	at java.base/java.util.Objects.requireNonNull(Objects.java:233)
	at java.base/java.util.Arrays$ArrayList.<init>(Arrays.java:4234)
	at java.base/java.util.Arrays.asList(Arrays.java:4219)
	at ai.glog.execute.workers.TriageAndRemediationCallableWorker.setGeneralRemediation(TriageAndRemediationCallableWorker.java:162)
	at ai.glog.execute.workers.TriageAndRemediationCallableWorker.call(TriageAndRemediationCallableWorker.java:73)
	at ai.glog.execute.workers.TriageAndRemediationCallableWorker.call(TriageAndRemediationCallableWorker.java:31)
	at java.base/java.util.concurrent.FutureTask.run(FutureTask.java:317)
	at java.base/java.util.concurrent.ThreadPoolExecutor.runWorker(ThreadPoolExecutor.java:1144)
	at java.base/java.util.concurrent.ThreadPoolExecutor$Worker.run(ThreadPoolExecutor.java:642)
	at java.base/java.lang.Thread.run(Thread.java:1623)

Oct 06, 2025 5:15:22 PM ai.glog.service.GlogService getFromGlog
SEVERE: java.lang.IllegalStateException: Expected BEGIN_ARRAY but was BEGIN_OBJECT at line 1 column 2 path $
{"detail":"Invalid token."}
com.google.gson.JsonSyntaxException: java.lang.IllegalStateException: Expected BEGIN_ARRAY but was BEGIN_OBJECT at line 1 column 2 path $
	at com.google.gson.Gson.fromJson(Gson.java:1003)
	at com.google.gson.Gson.fromJson(Gson.java:956)
	at com.google.gson.Gson.fromJson(Gson.java:905)
	at ai.glog.service.GlogService.getFromGlog(GlogService.java:174)
	at ai.glog.execute.workers.TriageAndRemediationCallableWorker.setGeneralRemediation(TriageAndRemediationCallableWorker.java:158)
	at ai.glog.execute.workers.TriageAndRemediationCallableWorker.call(TriageAndRemediationCallableWorker.java:73)
	at ai.glog.execute.workers.TriageAndRemediationCallableWorker.call(TriageAndRemediationCallableWorker.java:31)
	at java.base/java.util.concurrent.FutureTask.run(FutureTask.java:317)
	at java.base/java.util.concurrent.ThreadPoolExecutor.runWorker(ThreadPoolExecutor.java:1144)
	at java.base/java.util.concurrent.ThreadPoolExecutor$Worker.run(ThreadPoolExecutor.java:642)
	at java.base/java.lang.Thread.run(Thread.java:1623)
Caused by: java.lang.IllegalStateException: Expected BEGIN_ARRAY but was BEGIN_OBJECT at line 1 column 2 path $
	at com.google.gson.stream.JsonReader.beginArray(JsonReader.java:350)
	at com.google.gson.internal.bind.ArrayTypeAdapter.read(ArrayTypeAdapter.java:70)
	at com.google.gson.Gson.fromJson(Gson.java:991)
	... 10 more

Oct 06, 2025 5:15:22 PM ai.glog.execute.workers.TriageAndRemediationCallableWorker call
SEVERE: null
java.lang.NullPointerException
	at java.base/java.util.Objects.requireNonNull(Objects.java:233)
	at java.base/java.util.Arrays$ArrayList.<init>(Arrays.java:4234)
	at java.base/java.util.Arrays.asList(Arrays.java:4219)
	at ai.glog.execute.workers.TriageAndRemediationCallableWorker.setGeneralRemediation(TriageAndRemediationCallableWorker.java:162)
	at ai.glog.execute.workers.TriageAndRemediationCallableWorker.call(TriageAndRemediationCallableWorker.java:73)
	at ai.glog.execute.workers.TriageAndRemediationCallableWorker.call(TriageAndRemediationCallableWorker.java:31)
	at java.base/java.util.concurrent.FutureTask.run(FutureTask.java:317)
	at java.base/java.util.concurrent.ThreadPoolExecutor.runWorker(ThreadPoolExecutor.java:1144)
	at java.base/java.util.concurrent.ThreadPoolExecutor$Worker.run(ThreadPoolExecutor.java:642)
	at java.base/java.lang.Thread.run(Thread.java:1623)

Oct 06, 2025 5:15:22 PM ai.glog.service.GlogService getFromGlog
SEVERE: java.lang.IllegalStateException: Expected BEGIN_ARRAY but was BEGIN_OBJECT at line 1 column 2 path $
{"detail":"Invalid token."}
com.google.gson.JsonSyntaxException: java.lang.IllegalStateException: Expected BEGIN_ARRAY but was BEGIN_OBJECT at line 1 column 2 path $
	at com.google.gson.Gson.fromJson(Gson.java:1003)
	at com.google.gson.Gson.fromJson(Gson.java:956)
	at com.google.gson.Gson.fromJson(Gson.java:905)
	at ai.glog.service.GlogService.getFromGlog(GlogService.java:174)
	at ai.glog.execute.workers.TriageAndRemediationCallableWorker.setGeneralRemediation(TriageAndRemediationCallableWorker.java:158)
	at ai.glog.execute.workers.TriageAndRemediationCallableWorker.call(TriageAndRemediationCallableWorker.java:73)
	at ai.glog.execute.workers.TriageAndRemediationCallableWorker.call(TriageAndRemediationCallableWorker.java:31)
	at java.base/java.util.concurrent.FutureTask.run(FutureTask.java:317)
	at java.base/java.util.concurrent.ThreadPoolExecutor.runWorker(ThreadPoolExecutor.java:1144)
	at java.base/java.util.concurrent.ThreadPoolExecutor$Worker.run(ThreadPoolExecutor.java:642)
	at java.base/java.lang.Thread.run(Thread.java:1623)
Caused by: java.lang.IllegalStateException: Expected BEGIN_ARRAY but was BEGIN_OBJECT at line 1 column 2 path $
	at com.google.gson.stream.JsonReader.beginArray(JsonReader.java:350)
	at com.google.gson.internal.bind.ArrayTypeAdapter.read(ArrayTypeAdapter.java:70)
	at com.google.gson.Gson.fromJson(Gson.java:991)
	... 10 more

Oct 06, 2025 5:15:22 PM ai.glog.execute.workers.TriageAndRemediationCallableWorker call
SEVERE: null
java.lang.NullPointerException
	at java.base/java.util.Objects.requireNonNull(Objects.java:233)
	at java.base/java.util.Arrays$ArrayList.<init>(Arrays.java:4234)
	at java.base/java.util.Arrays.asList(Arrays.java:4219)
	at ai.glog.execute.workers.TriageAndRemediationCallableWorker.setGeneralRemediation(TriageAndRemediationCallableWorker.java:162)
	at ai.glog.execute.workers.TriageAndRemediationCallableWorker.call(TriageAndRemediationCallableWorker.java:73)
	at ai.glog.execute.workers.TriageAndRemediationCallableWorker.call(TriageAndRemediationCallableWorker.java:31)
	at java.base/java.util.concurrent.FutureTask.run(FutureTask.java:317)
	at java.base/java.util.concurrent.ThreadPoolExecutor.runWorker(ThreadPoolExecutor.java:1144)
	at java.base/java.util.concurrent.ThreadPoolExecutor$Worker.run(ThreadPoolExecutor.java:642)
	at java.base/java.lang.Thread.run(Thread.java:1623)

Oct 06, 2025 5:15:22 PM ai.glog.service.GlogService getFromGlog
SEVERE: java.lang.IllegalStateException: Expected BEGIN_ARRAY but was BEGIN_OBJECT at line 1 column 2 path $
{"detail":"Invalid token."}
com.google.gson.JsonSyntaxException: java.lang.IllegalStateException: Expected BEGIN_ARRAY but was BEGIN_OBJECT at line 1 column 2 path $
	at com.google.gson.Gson.fromJson(Gson.java:1003)
	at com.google.gson.Gson.fromJson(Gson.java:956)
	at com.google.gson.Gson.fromJson(Gson.java:905)
	at ai.glog.service.GlogService.getFromGlog(GlogService.java:174)
	at ai.glog.execute.workers.TriageAndRemediationCallableWorker.setGeneralRemediation(TriageAndRemediationCallableWorker.java:158)
	at ai.glog.execute.workers.TriageAndRemediationCallableWorker.call(TriageAndRemediationCallableWorker.java:73)
	at ai.glog.execute.workers.TriageAndRemediationCallableWorker.call(TriageAndRemediationCallableWorker.java:31)
	at java.base/java.util.concurrent.FutureTask.run(FutureTask.java:317)
	at java.base/java.util.concurrent.ThreadPoolExecutor.runWorker(ThreadPoolExecutor.java:1144)
	at java.base/java.util.concurrent.ThreadPoolExecutor$Worker.run(ThreadPoolExecutor.java:642)
	at java.base/java.lang.Thread.run(Thread.java:1623)
Caused by: java.lang.IllegalStateException: Expected BEGIN_ARRAY but was BEGIN_OBJECT at line 1 column 2 path $
	at com.google.gson.stream.JsonReader.beginArray(JsonReader.java:350)
	at com.google.gson.internal.bind.ArrayTypeAdapter.read(ArrayTypeAdapter.java:70)
	at com.google.gson.Gson.fromJson(Gson.java:991)
	... 10 more

Oct 06, 2025 5:15:22 PM ai.glog.execute.workers.TriageAndRemediationCallableWorker call
SEVERE: null
java.lang.NullPointerException
	at java.base/java.util.Objects.requireNonNull(Objects.java:233)
	at java.base/java.util.Arrays$ArrayList.<init>(Arrays.java:4234)
	at java.base/java.util.Arrays.asList(Arrays.java:4219)
	at ai.glog.execute.workers.TriageAndRemediationCallableWorker.setGeneralRemediation(TriageAndRemediationCallableWorker.java:162)
	at ai.glog.execute.workers.TriageAndRemediationCallableWorker.call(TriageAndRemediationCallableWorker.java:73)
	at ai.glog.execute.workers.TriageAndRemediationCallableWorker.call(TriageAndRemediationCallableWorker.java:31)
	at java.base/java.util.concurrent.FutureTask.run(FutureTask.java:317)
	at java.base/java.util.concurrent.ThreadPoolExecutor.runWorker(ThreadPoolExecutor.java:1144)
	at java.base/java.util.concurrent.ThreadPoolExecutor$Worker.run(ThreadPoolExecutor.java:642)
	at java.base/java.lang.Thread.run(Thread.java:1623)

Oct 06, 2025 5:15:22 PM ai.glog.service.GlogService getFromGlog
SEVERE: java.lang.IllegalStateException: Expected BEGIN_ARRAY but was BEGIN_OBJECT at line 1 column 2 path $
{"detail":"Invalid token."}
com.google.gson.JsonSyntaxException: java.lang.IllegalStateException: Expected BEGIN_ARRAY but was BEGIN_OBJECT at line 1 column 2 path $
	at com.google.gson.Gson.fromJson(Gson.java:1003)
	at com.google.gson.Gson.fromJson(Gson.java:956)
	at com.google.gson.Gson.fromJson(Gson.java:905)
	at ai.glog.service.GlogService.getFromGlog(GlogService.java:174)
	at ai.glog.execute.workers.TriageAndRemediationCallableWorker.setGeneralRemediation(TriageAndRemediationCallableWorker.java:158)
	at ai.glog.execute.workers.TriageAndRemediationCallableWorker.call(TriageAndRemediationCallableWorker.java:73)
	at ai.glog.execute.workers.TriageAndRemediationCallableWorker.call(TriageAndRemediationCallableWorker.java:31)
	at java.base/java.util.concurrent.FutureTask.run(FutureTask.java:317)
	at java.base/java.util.concurrent.ThreadPoolExecutor.runWorker(ThreadPoolExecutor.java:1144)
	at java.base/java.util.concurrent.ThreadPoolExecutor$Worker.run(ThreadPoolExecutor.java:642)
	at java.base/java.lang.Thread.run(Thread.java:1623)
Caused by: java.lang.IllegalStateException: Expected BEGIN_ARRAY but was BEGIN_OBJECT at line 1 column 2 path $
	at com.google.gson.stream.JsonReader.beginArray(JsonReader.java:350)
	at com.google.gson.internal.bind.ArrayTypeAdapter.read(ArrayTypeAdapter.java:70)
	at com.google.gson.Gson.fromJson(Gson.java:991)
	... 10 more

Oct 06, 2025 5:15:22 PM ai.glog.execute.workers.TriageAndRemediationCallableWorker call
SEVERE: null
java.lang.NullPointerException
	at java.base/java.util.Objects.requireNonNull(Objects.java:233)
	at java.base/java.util.Arrays$ArrayList.<init>(Arrays.java:4234)
	at java.base/java.util.Arrays.asList(Arrays.java:4219)
	at ai.glog.execute.workers.TriageAndRemediationCallableWorker.setGeneralRemediation(TriageAndRemediationCallableWorker.java:162)
	at ai.glog.execute.workers.TriageAndRemediationCallableWorker.call(TriageAndRemediationCallableWorker.java:73)
	at ai.glog.execute.workers.TriageAndRemediationCallableWorker.call(TriageAndRemediationCallableWorker.java:31)
	at java.base/java.util.concurrent.FutureTask.run(FutureTask.java:317)
	at java.base/java.util.concurrent.ThreadPoolExecutor.runWorker(ThreadPoolExecutor.java:1144)
	at java.base/java.util.concurrent.ThreadPoolExecutor$Worker.run(ThreadPoolExecutor.java:642)
	at java.base/java.lang.Thread.run(Thread.java:1623)

Oct 06, 2025 5:15:22 PM ai.glog.service.GlogService getFromGlog
SEVERE: java.lang.IllegalStateException: Expected BEGIN_ARRAY but was BEGIN_OBJECT at line 1 column 2 path $
{"detail":"Invalid token."}
com.google.gson.JsonSyntaxException: java.lang.IllegalStateException: Expected BEGIN_ARRAY but was BEGIN_OBJECT at line 1 column 2 path $
	at com.google.gson.Gson.fromJson(Gson.java:1003)
	at com.google.gson.Gson.fromJson(Gson.java:956)
	at com.google.gson.Gson.fromJson(Gson.java:905)
	at ai.glog.service.GlogService.getFromGlog(GlogService.java:174)
	at ai.glog.execute.workers.TriageAndRemediationCallableWorker.setGeneralRemediation(TriageAndRemediationCallableWorker.java:158)
	at ai.glog.execute.workers.TriageAndRemediationCallableWorker.call(TriageAndRemediationCallableWorker.java:73)
	at ai.glog.execute.workers.TriageAndRemediationCallableWorker.call(TriageAndRemediationCallableWorker.java:31)
	at java.base/java.util.concurrent.FutureTask.run(FutureTask.java:317)
	at java.base/java.util.concurrent.ThreadPoolExecutor.runWorker(ThreadPoolExecutor.java:1144)
	at java.base/java.util.concurrent.ThreadPoolExecutor$Worker.run(ThreadPoolExecutor.java:642)
	at java.base/java.lang.Thread.run(Thread.java:1623)
Caused by: java.lang.IllegalStateException: Expected BEGIN_ARRAY but was BEGIN_OBJECT at line 1 column 2 path $
	at com.google.gson.stream.JsonReader.beginArray(JsonReader.java:350)
	at com.google.gson.internal.bind.ArrayTypeAdapter.read(ArrayTypeAdapter.java:70)
	at com.google.gson.Gson.fromJson(Gson.java:991)
	... 10 more

Oct 06, 2025 5:15:22 PM ai.glog.execute.workers.TriageAndRemediationCallableWorker call
SEVERE: null
java.lang.NullPointerException
	at java.base/java.util.Objects.requireNonNull(Objects.java:233)
	at java.base/java.util.Arrays$ArrayList.<init>(Arrays.java:4234)
	at java.base/java.util.Arrays.asList(Arrays.java:4219)
	at ai.glog.execute.workers.TriageAndRemediationCallableWorker.setGeneralRemediation(TriageAndRemediationCallableWorker.java:162)
	at ai.glog.execute.workers.TriageAndRemediationCallableWorker.call(TriageAndRemediationCallableWorker.java:73)
	at ai.glog.execute.workers.TriageAndRemediationCallableWorker.call(TriageAndRemediationCallableWorker.java:31)
	at java.base/java.util.concurrent.FutureTask.run(FutureTask.java:317)
	at java.base/java.util.concurrent.ThreadPoolExecutor.runWorker(ThreadPoolExecutor.java:1144)
	at java.base/java.util.concurrent.ThreadPoolExecutor$Worker.run(ThreadPoolExecutor.java:642)
	at java.base/java.lang.Thread.run(Thread.java:1623)

Oct 06, 2025 5:15:23 PM ai.glog.service.GlogService getFromGlog
SEVERE: java.lang.IllegalStateException: Expected BEGIN_ARRAY but was BEGIN_OBJECT at line 1 column 2 path $
{"detail":"Invalid token."}
com.google.gson.JsonSyntaxException: java.lang.IllegalStateException: Expected BEGIN_ARRAY but was BEGIN_OBJECT at line 1 column 2 path $
	at com.google.gson.Gson.fromJson(Gson.java:1003)
	at com.google.gson.Gson.fromJson(Gson.java:956)
	at com.google.gson.Gson.fromJson(Gson.java:905)
	at ai.glog.service.GlogService.getFromGlog(GlogService.java:174)
	at ai.glog.execute.workers.TriageAndRemediationCallableWorker.setGeneralRemediation(TriageAndRemediationCallableWorker.java:158)
	at ai.glog.execute.workers.TriageAndRemediationCallableWorker.call(TriageAndRemediationCallableWorker.java:73)
	at ai.glog.execute.workers.TriageAndRemediationCallableWorker.call(TriageAndRemediationCallableWorker.java:31)
	at java.base/java.util.concurrent.FutureTask.run(FutureTask.java:317)
	at java.base/java.util.concurrent.ThreadPoolExecutor.runWorker(ThreadPoolExecutor.java:1144)
	at java.base/java.util.concurrent.ThreadPoolExecutor$Worker.run(ThreadPoolExecutor.java:642)
	at java.base/java.lang.Thread.run(Thread.java:1623)
Caused by: java.lang.IllegalStateException: Expected BEGIN_ARRAY but was BEGIN_OBJECT at line 1 column 2 path $
	at com.google.gson.stream.JsonReader.beginArray(JsonReader.java:350)
	at com.google.gson.internal.bind.ArrayTypeAdapter.read(ArrayTypeAdapter.java:70)
	at com.google.gson.Gson.fromJson(Gson.java:991)
	... 10 more

Oct 06, 2025 5:15:23 PM ai.glog.execute.workers.TriageAndRemediationCallableWorker call
SEVERE: null
java.lang.NullPointerException
	at java.base/java.util.Objects.requireNonNull(Objects.java:233)
	at java.base/java.util.Arrays$ArrayList.<init>(Arrays.java:4234)
	at java.base/java.util.Arrays.asList(Arrays.java:4219)
	at ai.glog.execute.workers.TriageAndRemediationCallableWorker.setGeneralRemediation(TriageAndRemediationCallableWorker.java:162)
	at ai.glog.execute.workers.TriageAndRemediationCallableWorker.call(TriageAndRemediationCallableWorker.java:73)
	at ai.glog.execute.workers.TriageAndRemediationCallableWorker.call(TriageAndRemediationCallableWorker.java:31)
	at java.base/java.util.concurrent.FutureTask.run(FutureTask.java:317)
	at java.base/java.util.concurrent.ThreadPoolExecutor.runWorker(ThreadPoolExecutor.java:1144)
	at java.base/java.util.concurrent.ThreadPoolExecutor$Worker.run(ThreadPoolExecutor.java:642)
	at java.base/java.lang.Thread.run(Thread.java:1623)

Oct 06, 2025 5:15:23 PM ai.glog.service.GlogService getFromGlog
SEVERE: java.lang.IllegalStateException: Expected BEGIN_ARRAY but was BEGIN_OBJECT at line 1 column 2 path $
{"detail":"Invalid token."}
com.google.gson.JsonSyntaxException: java.lang.IllegalStateException: Expected BEGIN_ARRAY but was BEGIN_OBJECT at line 1 column 2 path $
	at com.google.gson.Gson.fromJson(Gson.java:1003)
	at com.google.gson.Gson.fromJson(Gson.java:956)
	at com.google.gson.Gson.fromJson(Gson.java:905)
	at ai.glog.service.GlogService.getFromGlog(GlogService.java:174)
	at ai.glog.execute.workers.TriageAndRemediationCallableWorker.setGeneralRemediation(TriageAndRemediationCallableWorker.java:158)
	at ai.glog.execute.workers.TriageAndRemediationCallableWorker.call(TriageAndRemediationCallableWorker.java:73)
	at ai.glog.execute.workers.TriageAndRemediationCallableWorker.call(TriageAndRemediationCallableWorker.java:31)
	at java.base/java.util.concurrent.FutureTask.run(FutureTask.java:317)
	at java.base/java.util.concurrent.ThreadPoolExecutor.runWorker(ThreadPoolExecutor.java:1144)
	at java.base/java.util.concurrent.ThreadPoolExecutor$Worker.run(ThreadPoolExecutor.java:642)
	at java.base/java.lang.Thread.run(Thread.java:1623)
Caused by: java.lang.IllegalStateException: Expected BEGIN_ARRAY but was BEGIN_OBJECT at line 1 column 2 path $
	at com.google.gson.stream.JsonReader.beginArray(JsonReader.java:350)
	at com.google.gson.internal.bind.ArrayTypeAdapter.read(ArrayTypeAdapter.java:70)
	at com.google.gson.Gson.fromJson(Gson.java:991)
	... 10 more

Oct 06, 2025 5:15:23 PM ai.glog.execute.workers.TriageAndRemediationCallableWorker call
SEVERE: null
java.lang.NullPointerException
	at java.base/java.util.Objects.requireNonNull(Objects.java:233)
	at java.base/java.util.Arrays$ArrayList.<init>(Arrays.java:4234)
	at java.base/java.util.Arrays.asList(Arrays.java:4219)
	at ai.glog.execute.workers.TriageAndRemediationCallableWorker.setGeneralRemediation(TriageAndRemediationCallableWorker.java:162)
	at ai.glog.execute.workers.TriageAndRemediationCallableWorker.call(TriageAndRemediationCallableWorker.java:73)
	at ai.glog.execute.workers.TriageAndRemediationCallableWorker.call(TriageAndRemediationCallableWorker.java:31)
	at java.base/java.util.concurrent.FutureTask.run(FutureTask.java:317)
	at java.base/java.util.concurrent.ThreadPoolExecutor.runWorker(ThreadPoolExecutor.java:1144)
	at java.base/java.util.concurrent.ThreadPoolExecutor$Worker.run(ThreadPoolExecutor.java:642)
	at java.base/java.lang.Thread.run(Thread.java:1623)

Oct 06, 2025 5:15:23 PM ai.glog.service.GlogService getFromGlog
SEVERE: java.lang.IllegalStateException: Expected BEGIN_ARRAY but was BEGIN_OBJECT at line 1 column 2 path $
{"detail":"Invalid token."}
com.google.gson.JsonSyntaxException: java.lang.IllegalStateException: Expected BEGIN_ARRAY but was BEGIN_OBJECT at line 1 column 2 path $
	at com.google.gson.Gson.fromJson(Gson.java:1003)
	at com.google.gson.Gson.fromJson(Gson.java:956)
	at com.google.gson.Gson.fromJson(Gson.java:905)
	at ai.glog.service.GlogService.getFromGlog(GlogService.java:174)
	at ai.glog.execute.workers.TriageAndRemediationCallableWorker.setGeneralRemediation(TriageAndRemediationCallableWorker.java:158)
	at ai.glog.execute.workers.TriageAndRemediationCallableWorker.call(TriageAndRemediationCallableWorker.java:73)
	at ai.glog.execute.workers.TriageAndRemediationCallableWorker.call(TriageAndRemediationCallableWorker.java:31)
	at java.base/java.util.concurrent.FutureTask.run(FutureTask.java:317)
	at java.base/java.util.concurrent.ThreadPoolExecutor.runWorker(ThreadPoolExecutor.java:1144)
	at java.base/java.util.concurrent.ThreadPoolExecutor$Worker.run(ThreadPoolExecutor.java:642)
	at java.base/java.lang.Thread.run(Thread.java:1623)
Caused by: java.lang.IllegalStateException: Expected BEGIN_ARRAY but was BEGIN_OBJECT at line 1 column 2 path $
	at com.google.gson.stream.JsonReader.beginArray(JsonReader.java:350)
	at com.google.gson.internal.bind.ArrayTypeAdapter.read(ArrayTypeAdapter.java:70)
	at com.google.gson.Gson.fromJson(Gson.java:991)
	... 10 more

Oct 06, 2025 5:15:23 PM ai.glog.execute.workers.TriageAndRemediationCallableWorker call
SEVERE: null
java.lang.NullPointerException
	at java.base/java.util.Objects.requireNonNull(Objects.java:233)
	at java.base/java.util.Arrays$ArrayList.<init>(Arrays.java:4234)
	at java.base/java.util.Arrays.asList(Arrays.java:4219)
	at ai.glog.execute.workers.TriageAndRemediationCallableWorker.setGeneralRemediation(TriageAndRemediationCallableWorker.java:162)
	at ai.glog.execute.workers.TriageAndRemediationCallableWorker.call(TriageAndRemediationCallableWorker.java:73)
	at ai.glog.execute.workers.TriageAndRemediationCallableWorker.call(TriageAndRemediationCallableWorker.java:31)
	at java.base/java.util.concurrent.FutureTask.run(FutureTask.java:317)
	at java.base/java.util.concurrent.ThreadPoolExecutor.runWorker(ThreadPoolExecutor.java:1144)
	at java.base/java.util.concurrent.ThreadPoolExecutor$Worker.run(ThreadPoolExecutor.java:642)
	at java.base/java.lang.Thread.run(Thread.java:1623)

Oct 06, 2025 5:15:23 PM ai.glog.service.GlogService getFromGlog
SEVERE: java.lang.IllegalStateException: Expected BEGIN_ARRAY but was BEGIN_OBJECT at line 1 column 2 path $
{"detail":"Invalid token."}
com.google.gson.JsonSyntaxException: java.lang.IllegalStateException: Expected BEGIN_ARRAY but was BEGIN_OBJECT at line 1 column 2 path $
	at com.google.gson.Gson.fromJson(Gson.java:1003)
	at com.google.gson.Gson.fromJson(Gson.java:956)
	at com.google.gson.Gson.fromJson(Gson.java:905)
	at ai.glog.service.GlogService.getFromGlog(GlogService.java:174)
	at ai.glog.execute.workers.TriageAndRemediationCallableWorker.setGeneralRemediation(TriageAndRemediationCallableWorker.java:158)
	at ai.glog.execute.workers.TriageAndRemediationCallableWorker.call(TriageAndRemediationCallableWorker.java:73)
	at ai.glog.execute.workers.TriageAndRemediationCallableWorker.call(TriageAndRemediationCallableWorker.java:31)
	at java.base/java.util.concurrent.FutureTask.run(FutureTask.java:317)
	at java.base/java.util.concurrent.ThreadPoolExecutor.runWorker(ThreadPoolExecutor.java:1144)
	at java.base/java.util.concurrent.ThreadPoolExecutor$Worker.run(ThreadPoolExecutor.java:642)
	at java.base/java.lang.Thread.run(Thread.java:1623)
Caused by: java.lang.IllegalStateException: Expected BEGIN_ARRAY but was BEGIN_OBJECT at line 1 column 2 path $
	at com.google.gson.stream.JsonReader.beginArray(JsonReader.java:350)
	at com.google.gson.internal.bind.ArrayTypeAdapter.read(ArrayTypeAdapter.java:70)
	at com.google.gson.Gson.fromJson(Gson.java:991)
	... 10 more

Oct 06, 2025 5:15:23 PM ai.glog.execute.workers.TriageAndRemediationCallableWorker call
SEVERE: null
java.lang.NullPointerException
	at java.base/java.util.Objects.requireNonNull(Objects.java:233)
	at java.base/java.util.Arrays$ArrayList.<init>(Arrays.java:4234)
	at java.base/java.util.Arrays.asList(Arrays.java:4219)
	at ai.glog.execute.workers.TriageAndRemediationCallableWorker.setGeneralRemediation(TriageAndRemediationCallableWorker.java:162)
	at ai.glog.execute.workers.TriageAndRemediationCallableWorker.call(TriageAndRemediationCallableWorker.java:73)
	at ai.glog.execute.workers.TriageAndRemediationCallableWorker.call(TriageAndRemediationCallableWorker.java:31)
	at java.base/java.util.concurrent.FutureTask.run(FutureTask.java:317)
	at java.base/java.util.concurrent.ThreadPoolExecutor.runWorker(ThreadPoolExecutor.java:1144)
	at java.base/java.util.concurrent.ThreadPoolExecutor$Worker.run(ThreadPoolExecutor.java:642)
	at java.base/java.lang.Thread.run(Thread.java:1623)

Oct 06, 2025 5:15:23 PM ai.glog.service.GlogService getFromGlog
SEVERE: java.lang.IllegalStateException: Expected BEGIN_ARRAY but was BEGIN_OBJECT at line 1 column 2 path $
{"detail":"Invalid token."}
com.google.gson.JsonSyntaxException: java.lang.IllegalStateException: Expected BEGIN_ARRAY but was BEGIN_OBJECT at line 1 column 2 path $
	at com.google.gson.Gson.fromJson(Gson.java:1003)
	at com.google.gson.Gson.fromJson(Gson.java:956)
	at com.google.gson.Gson.fromJson(Gson.java:905)
	at ai.glog.service.GlogService.getFromGlog(GlogService.java:174)
	at ai.glog.execute.workers.TriageAndRemediationCallableWorker.setGeneralRemediation(TriageAndRemediationCallableWorker.java:158)
	at ai.glog.execute.workers.TriageAndRemediationCallableWorker.call(TriageAndRemediationCallableWorker.java:73)
	at ai.glog.execute.workers.TriageAndRemediationCallableWorker.call(TriageAndRemediationCallableWorker.java:31)
	at java.base/java.util.concurrent.FutureTask.run(FutureTask.java:317)
	at java.base/java.util.concurrent.ThreadPoolExecutor.runWorker(ThreadPoolExecutor.java:1144)
	at java.base/java.util.concurrent.ThreadPoolExecutor$Worker.run(ThreadPoolExecutor.java:642)
	at java.base/java.lang.Thread.run(Thread.java:1623)
Caused by: java.lang.IllegalStateException: Expected BEGIN_ARRAY but was BEGIN_OBJECT at line 1 column 2 path $
	at com.google.gson.stream.JsonReader.beginArray(JsonReader.java:350)
	at com.google.gson.internal.bind.ArrayTypeAdapter.read(ArrayTypeAdapter.java:70)
	at com.google.gson.Gson.fromJson(Gson.java:991)
	... 10 more

Oct 06, 2025 5:15:23 PM ai.glog.execute.workers.TriageAndRemediationCallableWorker call
SEVERE: null
java.lang.NullPointerException
	at java.base/java.util.Objects.requireNonNull(Objects.java:233)
	at java.base/java.util.Arrays$ArrayList.<init>(Arrays.java:4234)
	at java.base/java.util.Arrays.asList(Arrays.java:4219)
	at ai.glog.execute.workers.TriageAndRemediationCallableWorker.setGeneralRemediation(TriageAndRemediationCallableWorker.java:162)
	at ai.glog.execute.workers.TriageAndRemediationCallableWorker.call(TriageAndRemediationCallableWorker.java:73)
	at ai.glog.execute.workers.TriageAndRemediationCallableWorker.call(TriageAndRemediationCallableWorker.java:31)
	at java.base/java.util.concurrent.FutureTask.run(FutureTask.java:317)
	at java.base/java.util.concurrent.ThreadPoolExecutor.runWorker(ThreadPoolExecutor.java:1144)
	at java.base/java.util.concurrent.ThreadPoolExecutor$Worker.run(ThreadPoolExecutor.java:642)
	at java.base/java.lang.Thread.run(Thread.java:1623)

Oct 06, 2025 5:15:23 PM ai.glog.service.GlogService getFromGlog
SEVERE: java.lang.IllegalStateException: Expected BEGIN_ARRAY but was BEGIN_OBJECT at line 1 column 2 path $
{"detail":"Invalid token."}
com.google.gson.JsonSyntaxException: java.lang.IllegalStateException: Expected BEGIN_ARRAY but was BEGIN_OBJECT at line 1 column 2 path $
	at com.google.gson.Gson.fromJson(Gson.java:1003)
	at com.google.gson.Gson.fromJson(Gson.java:956)
	at com.google.gson.Gson.fromJson(Gson.java:905)
	at ai.glog.service.GlogService.getFromGlog(GlogService.java:174)
	at ai.glog.execute.workers.TriageAndRemediationCallableWorker.setGeneralRemediation(TriageAndRemediationCallableWorker.java:158)
	at ai.glog.execute.workers.TriageAndRemediationCallableWorker.call(TriageAndRemediationCallableWorker.java:73)
	at ai.glog.execute.workers.TriageAndRemediationCallableWorker.call(TriageAndRemediationCallableWorker.java:31)
	at java.base/java.util.concurrent.FutureTask.run(FutureTask.java:317)
	at java.base/java.util.concurrent.ThreadPoolExecutor.runWorker(ThreadPoolExecutor.java:1144)
	at java.base/java.util.concurrent.ThreadPoolExecutor$Worker.run(ThreadPoolExecutor.java:642)
	at java.base/java.lang.Thread.run(Thread.java:1623)
Caused by: java.lang.IllegalStateException: Expected BEGIN_ARRAY but was BEGIN_OBJECT at line 1 column 2 path $
	at com.google.gson.stream.JsonReader.beginArray(JsonReader.java:350)
	at com.google.gson.internal.bind.ArrayTypeAdapter.read(ArrayTypeAdapter.java:70)
	at com.google.gson.Gson.fromJson(Gson.java:991)
	... 10 more

Oct 06, 2025 5:15:23 PM ai.glog.execute.workers.TriageAndRemediationCallableWorker call
SEVERE: null
java.lang.NullPointerException
	at java.base/java.util.Objects.requireNonNull(Objects.java:233)
	at java.base/java.util.Arrays$ArrayList.<init>(Arrays.java:4234)
	at java.base/java.util.Arrays.asList(Arrays.java:4219)
	at ai.glog.execute.workers.TriageAndRemediationCallableWorker.setGeneralRemediation(TriageAndRemediationCallableWorker.java:162)
	at ai.glog.execute.workers.TriageAndRemediationCallableWorker.call(TriageAndRemediationCallableWorker.java:73)
	at ai.glog.execute.workers.TriageAndRemediationCallableWorker.call(TriageAndRemediationCallableWorker.java:31)
	at java.base/java.util.concurrent.FutureTask.run(FutureTask.java:317)
	at java.base/java.util.concurrent.ThreadPoolExecutor.runWorker(ThreadPoolExecutor.java:1144)
	at java.base/java.util.concurrent.ThreadPoolExecutor$Worker.run(ThreadPoolExecutor.java:642)
	at java.base/java.lang.Thread.run(Thread.java:1623)

Oct 06, 2025 5:15:23 PM ai.glog.service.GlogService getFromGlog
SEVERE: java.lang.IllegalStateException: Expected BEGIN_ARRAY but was BEGIN_OBJECT at line 1 column 2 path $
{"detail":"Invalid token."}
com.google.gson.JsonSyntaxException: java.lang.IllegalStateException: Expected BEGIN_ARRAY but was BEGIN_OBJECT at line 1 column 2 path $
	at com.google.gson.Gson.fromJson(Gson.java:1003)
	at com.google.gson.Gson.fromJson(Gson.java:956)
	at com.google.gson.Gson.fromJson(Gson.java:905)
	at ai.glog.service.GlogService.getFromGlog(GlogService.java:174)
	at ai.glog.execute.workers.TriageAndRemediationCallableWorker.setGeneralRemediation(TriageAndRemediationCallableWorker.java:158)
	at ai.glog.execute.workers.TriageAndRemediationCallableWorker.call(TriageAndRemediationCallableWorker.java:73)
	at ai.glog.execute.workers.TriageAndRemediationCallableWorker.call(TriageAndRemediationCallableWorker.java:31)
	at java.base/java.util.concurrent.FutureTask.run(FutureTask.java:317)
	at java.base/java.util.concurrent.ThreadPoolExecutor.runWorker(ThreadPoolExecutor.java:1144)
	at java.base/java.util.concurrent.ThreadPoolExecutor$Worker.run(ThreadPoolExecutor.java:642)
	at java.base/java.lang.Thread.run(Thread.java:1623)
Caused by: java.lang.IllegalStateException: Expected BEGIN_ARRAY but was BEGIN_OBJECT at line 1 column 2 path $
	at com.google.gson.stream.JsonReader.beginArray(JsonReader.java:350)
	at com.google.gson.internal.bind.ArrayTypeAdapter.read(ArrayTypeAdapter.java:70)
	at com.google.gson.Gson.fromJson(Gson.java:991)
	... 10 more

Oct 06, 2025 5:15:23 PM ai.glog.execute.workers.TriageAndRemediationCallableWorker call
SEVERE: null
java.lang.NullPointerException
	at java.base/java.util.Objects.requireNonNull(Objects.java:233)
	at java.base/java.util.Arrays$ArrayList.<init>(Arrays.java:4234)
	at java.base/java.util.Arrays.asList(Arrays.java:4219)
	at ai.glog.execute.workers.TriageAndRemediationCallableWorker.setGeneralRemediation(TriageAndRemediationCallableWorker.java:162)
	at ai.glog.execute.workers.TriageAndRemediationCallableWorker.call(TriageAndRemediationCallableWorker.java:73)
	at ai.glog.execute.workers.TriageAndRemediationCallableWorker.call(TriageAndRemediationCallableWorker.java:31)
	at java.base/java.util.concurrent.FutureTask.run(FutureTask.java:317)
	at java.base/java.util.concurrent.ThreadPoolExecutor.runWorker(ThreadPoolExecutor.java:1144)
	at java.base/java.util.concurrent.ThreadPoolExecutor$Worker.run(ThreadPoolExecutor.java:642)
	at java.base/java.lang.Thread.run(Thread.java:1623)

Oct 06, 2025 5:15:24 PM ai.glog.service.GlogService getFromGlog
SEVERE: java.lang.IllegalStateException: Expected BEGIN_ARRAY but was BEGIN_OBJECT at line 1 column 2 path $
{"detail":"Invalid token."}
com.google.gson.JsonSyntaxException: java.lang.IllegalStateException: Expected BEGIN_ARRAY but was BEGIN_OBJECT at line 1 column 2 path $
	at com.google.gson.Gson.fromJson(Gson.java:1003)
	at com.google.gson.Gson.fromJson(Gson.java:956)
	at com.google.gson.Gson.fromJson(Gson.java:905)
	at ai.glog.service.GlogService.getFromGlog(GlogService.java:174)
	at ai.glog.execute.workers.TriageAndRemediationCallableWorker.setGeneralRemediation(TriageAndRemediationCallableWorker.java:158)
	at ai.glog.execute.workers.TriageAndRemediationCallableWorker.call(TriageAndRemediationCallableWorker.java:73)
	at ai.glog.execute.workers.TriageAndRemediationCallableWorker.call(TriageAndRemediationCallableWorker.java:31)
	at java.base/java.util.concurrent.FutureTask.run(FutureTask.java:317)
	at java.base/java.util.concurrent.ThreadPoolExecutor.runWorker(ThreadPoolExecutor.java:1144)
	at java.base/java.util.concurrent.ThreadPoolExecutor$Worker.run(ThreadPoolExecutor.java:642)
	at java.base/java.lang.Thread.run(Thread.java:1623)
Caused by: java.lang.IllegalStateException: Expected BEGIN_ARRAY but was BEGIN_OBJECT at line 1 column 2 path $
	at com.google.gson.stream.JsonReader.beginArray(JsonReader.java:350)
	at com.google.gson.internal.bind.ArrayTypeAdapter.read(ArrayTypeAdapter.java:70)
	at com.google.gson.Gson.fromJson(Gson.java:991)
	... 10 more

Oct 06, 2025 5:15:24 PM ai.glog.execute.workers.TriageAndRemediationCallableWorker call
SEVERE: null
java.lang.NullPointerException
	at java.base/java.util.Objects.requireNonNull(Objects.java:233)
	at java.base/java.util.Arrays$ArrayList.<init>(Arrays.java:4234)
	at java.base/java.util.Arrays.asList(Arrays.java:4219)
	at ai.glog.execute.workers.TriageAndRemediationCallableWorker.setGeneralRemediation(TriageAndRemediationCallableWorker.java:162)
	at ai.glog.execute.workers.TriageAndRemediationCallableWorker.call(TriageAndRemediationCallableWorker.java:73)
	at ai.glog.execute.workers.TriageAndRemediationCallableWorker.call(TriageAndRemediationCallableWorker.java:31)
	at java.base/java.util.concurrent.FutureTask.run(FutureTask.java:317)
	at java.base/java.util.concurrent.ThreadPoolExecutor.runWorker(ThreadPoolExecutor.java:1144)
	at java.base/java.util.concurrent.ThreadPoolExecutor$Worker.run(ThreadPoolExecutor.java:642)
	at java.base/java.lang.Thread.run(Thread.java:1623)

Oct 06, 2025 5:15:24 PM ai.glog.service.GlogService getFromGlog
SEVERE: java.lang.IllegalStateException: Expected BEGIN_ARRAY but was BEGIN_OBJECT at line 1 column 2 path $
{"detail":"Invalid token."}
com.google.gson.JsonSyntaxException: java.lang.IllegalStateException: Expected BEGIN_ARRAY but was BEGIN_OBJECT at line 1 column 2 path $
	at com.google.gson.Gson.fromJson(Gson.java:1003)
	at com.google.gson.Gson.fromJson(Gson.java:956)
	at com.google.gson.Gson.fromJson(Gson.java:905)
	at ai.glog.service.GlogService.getFromGlog(GlogService.java:174)
	at ai.glog.execute.workers.TriageAndRemediationCallableWorker.setGeneralRemediation(TriageAndRemediationCallableWorker.java:158)
	at ai.glog.execute.workers.TriageAndRemediationCallableWorker.call(TriageAndRemediationCallableWorker.java:73)
	at ai.glog.execute.workers.TriageAndRemediationCallableWorker.call(TriageAndRemediationCallableWorker.java:31)
	at java.base/java.util.concurrent.FutureTask.run(FutureTask.java:317)
	at java.base/java.util.concurrent.ThreadPoolExecutor.runWorker(ThreadPoolExecutor.java:1144)
	at java.base/java.util.concurrent.ThreadPoolExecutor$Worker.run(ThreadPoolExecutor.java:642)
	at java.base/java.lang.Thread.run(Thread.java:1623)
Caused by: java.lang.IllegalStateException: Expected BEGIN_ARRAY but was BEGIN_OBJECT at line 1 column 2 path $
	at com.google.gson.stream.JsonReader.beginArray(JsonReader.java:350)
	at com.google.gson.internal.bind.ArrayTypeAdapter.read(ArrayTypeAdapter.java:70)
	at com.google.gson.Gson.fromJson(Gson.java:991)
	... 10 more

Oct 06, 2025 5:15:24 PM ai.glog.execute.workers.TriageAndRemediationCallableWorker call
SEVERE: null
java.lang.NullPointerException
	at java.base/java.util.Objects.requireNonNull(Objects.java:233)
	at java.base/java.util.Arrays$ArrayList.<init>(Arrays.java:4234)
	at java.base/java.util.Arrays.asList(Arrays.java:4219)
	at ai.glog.execute.workers.TriageAndRemediationCallableWorker.setGeneralRemediation(TriageAndRemediationCallableWorker.java:162)
	at ai.glog.execute.workers.TriageAndRemediationCallableWorker.call(TriageAndRemediationCallableWorker.java:73)
	at ai.glog.execute.workers.TriageAndRemediationCallableWorker.call(TriageAndRemediationCallableWorker.java:31)
	at java.base/java.util.concurrent.FutureTask.run(FutureTask.java:317)
	at java.base/java.util.concurrent.ThreadPoolExecutor.runWorker(ThreadPoolExecutor.java:1144)
	at java.base/java.util.concurrent.ThreadPoolExecutor$Worker.run(ThreadPoolExecutor.java:642)
	at java.base/java.lang.Thread.run(Thread.java:1623)

Oct 06, 2025 5:15:24 PM ai.glog.service.GlogService getFromGlog
SEVERE: java.lang.IllegalStateException: Expected BEGIN_ARRAY but was BEGIN_OBJECT at line 1 column 2 path $
{"detail":"Invalid token."}
com.google.gson.JsonSyntaxException: java.lang.IllegalStateException: Expected BEGIN_ARRAY but was BEGIN_OBJECT at line 1 column 2 path $
	at com.google.gson.Gson.fromJson(Gson.java:1003)
	at com.google.gson.Gson.fromJson(Gson.java:956)
	at com.google.gson.Gson.fromJson(Gson.java:905)
	at ai.glog.service.GlogService.getFromGlog(GlogService.java:174)
	at ai.glog.execute.workers.TriageAndRemediationCallableWorker.setGeneralRemediation(TriageAndRemediationCallableWorker.java:158)
	at ai.glog.execute.workers.TriageAndRemediationCallableWorker.call(TriageAndRemediationCallableWorker.java:73)
	at ai.glog.execute.workers.TriageAndRemediationCallableWorker.call(TriageAndRemediationCallableWorker.java:31)
	at java.base/java.util.concurrent.FutureTask.run(FutureTask.java:317)
	at java.base/java.util.concurrent.ThreadPoolExecutor.runWorker(ThreadPoolExecutor.java:1144)
	at java.base/java.util.concurrent.ThreadPoolExecutor$Worker.run(ThreadPoolExecutor.java:642)
	at java.base/java.lang.Thread.run(Thread.java:1623)
Caused by: java.lang.IllegalStateException: Expected BEGIN_ARRAY but was BEGIN_OBJECT at line 1 column 2 path $
	at com.google.gson.stream.JsonReader.beginArray(JsonReader.java:350)
	at com.google.gson.internal.bind.ArrayTypeAdapter.read(ArrayTypeAdapter.java:70)
	at com.google.gson.Gson.fromJson(Gson.java:991)
	... 10 more

Oct 06, 2025 5:15:24 PM ai.glog.execute.workers.TriageAndRemediationCallableWorker call
SEVERE: null
java.lang.NullPointerException
	at java.base/java.util.Objects.requireNonNull(Objects.java:233)
	at java.base/java.util.Arrays$ArrayList.<init>(Arrays.java:4234)
	at java.base/java.util.Arrays.asList(Arrays.java:4219)
	at ai.glog.execute.workers.TriageAndRemediationCallableWorker.setGeneralRemediation(TriageAndRemediationCallableWorker.java:162)
	at ai.glog.execute.workers.TriageAndRemediationCallableWorker.call(TriageAndRemediationCallableWorker.java:73)
	at ai.glog.execute.workers.TriageAndRemediationCallableWorker.call(TriageAndRemediationCallableWorker.java:31)
	at java.base/java.util.concurrent.FutureTask.run(FutureTask.java:317)
	at java.base/java.util.concurrent.ThreadPoolExecutor.runWorker(ThreadPoolExecutor.java:1144)
	at java.base/java.util.concurrent.ThreadPoolExecutor$Worker.run(ThreadPoolExecutor.java:642)
	at java.base/java.lang.Thread.run(Thread.java:1623)

Oct 06, 2025 5:15:24 PM ai.glog.service.GlogService getFromGlog
SEVERE: java.lang.IllegalStateException: Expected BEGIN_ARRAY but was BEGIN_OBJECT at line 1 column 2 path $
{"detail":"Invalid token."}
com.google.gson.JsonSyntaxException: java.lang.IllegalStateException: Expected BEGIN_ARRAY but was BEGIN_OBJECT at line 1 column 2 path $
	at com.google.gson.Gson.fromJson(Gson.java:1003)
	at com.google.gson.Gson.fromJson(Gson.java:956)
	at com.google.gson.Gson.fromJson(Gson.java:905)
	at ai.glog.service.GlogService.getFromGlog(GlogService.java:174)
	at ai.glog.execute.workers.TriageAndRemediationCallableWorker.setGeneralRemediation(TriageAndRemediationCallableWorker.java:158)
	at ai.glog.execute.workers.TriageAndRemediationCallableWorker.call(TriageAndRemediationCallableWorker.java:73)
	at ai.glog.execute.workers.TriageAndRemediationCallableWorker.call(TriageAndRemediationCallableWorker.java:31)
	at java.base/java.util.concurrent.FutureTask.run(FutureTask.java:317)
	at java.base/java.util.concurrent.ThreadPoolExecutor.runWorker(ThreadPoolExecutor.java:1144)
	at java.base/java.util.concurrent.ThreadPoolExecutor$Worker.run(ThreadPoolExecutor.java:642)
	at java.base/java.lang.Thread.run(Thread.java:1623)
Caused by: java.lang.IllegalStateException: Expected BEGIN_ARRAY but was BEGIN_OBJECT at line 1 column 2 path $
	at com.google.gson.stream.JsonReader.beginArray(JsonReader.java:350)
	at com.google.gson.internal.bind.ArrayTypeAdapter.read(ArrayTypeAdapter.java:70)
	at com.google.gson.Gson.fromJson(Gson.java:991)
	... 10 more

Oct 06, 2025 5:15:24 PM ai.glog.execute.workers.TriageAndRemediationCallableWorker call
SEVERE: null
java.lang.NullPointerException
	at java.base/java.util.Objects.requireNonNull(Objects.java:233)
	at java.base/java.util.Arrays$ArrayList.<init>(Arrays.java:4234)
	at java.base/java.util.Arrays.asList(Arrays.java:4219)
	at ai.glog.execute.workers.TriageAndRemediationCallableWorker.setGeneralRemediation(TriageAndRemediationCallableWorker.java:162)
	at ai.glog.execute.workers.TriageAndRemediationCallableWorker.call(TriageAndRemediationCallableWorker.java:73)
	at ai.glog.execute.workers.TriageAndRemediationCallableWorker.call(TriageAndRemediationCallableWorker.java:31)
	at java.base/java.util.concurrent.FutureTask.run(FutureTask.java:317)
	at java.base/java.util.concurrent.ThreadPoolExecutor.runWorker(ThreadPoolExecutor.java:1144)
	at java.base/java.util.concurrent.ThreadPoolExecutor$Worker.run(ThreadPoolExecutor.java:642)
	at java.base/java.lang.Thread.run(Thread.java:1623)

Oct 06, 2025 5:15:24 PM ai.glog.service.GlogService getFromGlog
SEVERE: java.lang.IllegalStateException: Expected BEGIN_ARRAY but was BEGIN_OBJECT at line 1 column 2 path $
{"detail":"Invalid token."}
com.google.gson.JsonSyntaxException: java.lang.IllegalStateException: Expected BEGIN_ARRAY but was BEGIN_OBJECT at line 1 column 2 path $
	at com.google.gson.Gson.fromJson(Gson.java:1003)
	at com.google.gson.Gson.fromJson(Gson.java:956)
	at com.google.gson.Gson.fromJson(Gson.java:905)
	at ai.glog.service.GlogService.getFromGlog(GlogService.java:174)
	at ai.glog.execute.workers.TriageAndRemediationCallableWorker.setGeneralRemediation(TriageAndRemediationCallableWorker.java:158)
	at ai.glog.execute.workers.TriageAndRemediationCallableWorker.call(TriageAndRemediationCallableWorker.java:73)
	at ai.glog.execute.workers.TriageAndRemediationCallableWorker.call(TriageAndRemediationCallableWorker.java:31)
	at java.base/java.util.concurrent.FutureTask.run(FutureTask.java:317)
	at java.base/java.util.concurrent.ThreadPoolExecutor.runWorker(ThreadPoolExecutor.java:1144)
	at java.base/java.util.concurrent.ThreadPoolExecutor$Worker.run(ThreadPoolExecutor.java:642)
	at java.base/java.lang.Thread.run(Thread.java:1623)
Caused by: java.lang.IllegalStateException: Expected BEGIN_ARRAY but was BEGIN_OBJECT at line 1 column 2 path $
	at com.google.gson.stream.JsonReader.beginArray(JsonReader.java:350)
	at com.google.gson.internal.bind.ArrayTypeAdapter.read(ArrayTypeAdapter.java:70)
	at com.google.gson.Gson.fromJson(Gson.java:991)
	... 10 more

Oct 06, 2025 5:15:24 PM ai.glog.execute.workers.TriageAndRemediationCallableWorker call
SEVERE: null
java.lang.NullPointerException
	at java.base/java.util.Objects.requireNonNull(Objects.java:233)
	at java.base/java.util.Arrays$ArrayList.<init>(Arrays.java:4234)
	at java.base/java.util.Arrays.asList(Arrays.java:4219)
	at ai.glog.execute.workers.TriageAndRemediationCallableWorker.setGeneralRemediation(TriageAndRemediationCallableWorker.java:162)
	at ai.glog.execute.workers.TriageAndRemediationCallableWorker.call(TriageAndRemediationCallableWorker.java:73)
	at ai.glog.execute.workers.TriageAndRemediationCallableWorker.call(TriageAndRemediationCallableWorker.java:31)
	at java.base/java.util.concurrent.FutureTask.run(FutureTask.java:317)
	at java.base/java.util.concurrent.ThreadPoolExecutor.runWorker(ThreadPoolExecutor.java:1144)
	at java.base/java.util.concurrent.ThreadPoolExecutor$Worker.run(ThreadPoolExecutor.java:642)
	at java.base/java.lang.Thread.run(Thread.java:1623)

Oct 06, 2025 5:15:24 PM ai.glog.service.GlogService getFromGlog
SEVERE: java.lang.IllegalStateException: Expected BEGIN_ARRAY but was BEGIN_OBJECT at line 1 column 2 path $
{"detail":"Invalid token."}
com.google.gson.JsonSyntaxException: java.lang.IllegalStateException: Expected BEGIN_ARRAY but was BEGIN_OBJECT at line 1 column 2 path $
	at com.google.gson.Gson.fromJson(Gson.java:1003)
	at com.google.gson.Gson.fromJson(Gson.java:956)
	at com.google.gson.Gson.fromJson(Gson.java:905)
	at ai.glog.service.GlogService.getFromGlog(GlogService.java:174)
	at ai.glog.execute.workers.TriageAndRemediationCallableWorker.setGeneralRemediation(TriageAndRemediationCallableWorker.java:158)
	at ai.glog.execute.workers.TriageAndRemediationCallableWorker.call(TriageAndRemediationCallableWorker.java:73)
	at ai.glog.execute.workers.TriageAndRemediationCallableWorker.call(TriageAndRemediationCallableWorker.java:31)
	at java.base/java.util.concurrent.FutureTask.run(FutureTask.java:317)
	at java.base/java.util.concurrent.ThreadPoolExecutor.runWorker(ThreadPoolExecutor.java:1144)
	at java.base/java.util.concurrent.ThreadPoolExecutor$Worker.run(ThreadPoolExecutor.java:642)
	at java.base/java.lang.Thread.run(Thread.java:1623)
Caused by: java.lang.IllegalStateException: Expected BEGIN_ARRAY but was BEGIN_OBJECT at line 1 column 2 path $
	at com.google.gson.stream.JsonReader.beginArray(JsonReader.java:350)
	at com.google.gson.internal.bind.ArrayTypeAdapter.read(ArrayTypeAdapter.java:70)
	at com.google.gson.Gson.fromJson(Gson.java:991)
	... 10 more

Oct 06, 2025 5:15:24 PM ai.glog.execute.workers.TriageAndRemediationCallableWorker call
SEVERE: null
java.lang.NullPointerException
	at java.base/java.util.Objects.requireNonNull(Objects.java:233)
	at java.base/java.util.Arrays$ArrayList.<init>(Arrays.java:4234)
	at java.base/java.util.Arrays.asList(Arrays.java:4219)
	at ai.glog.execute.workers.TriageAndRemediationCallableWorker.setGeneralRemediation(TriageAndRemediationCallableWorker.java:162)
	at ai.glog.execute.workers.TriageAndRemediationCallableWorker.call(TriageAndRemediationCallableWorker.java:73)
	at ai.glog.execute.workers.TriageAndRemediationCallableWorker.call(TriageAndRemediationCallableWorker.java:31)
	at java.base/java.util.concurrent.FutureTask.run(FutureTask.java:317)
	at java.base/java.util.concurrent.ThreadPoolExecutor.runWorker(ThreadPoolExecutor.java:1144)
	at java.base/java.util.concurrent.ThreadPoolExecutor$Worker.run(ThreadPoolExecutor.java:642)
	at java.base/java.lang.Thread.run(Thread.java:1623)

Oct 06, 2025 5:15:25 PM ai.glog.service.GlogService getFromGlog
SEVERE: java.lang.IllegalStateException: Expected BEGIN_ARRAY but was BEGIN_OBJECT at line 1 column 2 path $
{"detail":"Invalid token."}
com.google.gson.JsonSyntaxException: java.lang.IllegalStateException: Expected BEGIN_ARRAY but was BEGIN_OBJECT at line 1 column 2 path $
	at com.google.gson.Gson.fromJson(Gson.java:1003)
	at com.google.gson.Gson.fromJson(Gson.java:956)
	at com.google.gson.Gson.fromJson(Gson.java:905)
	at ai.glog.service.GlogService.getFromGlog(GlogService.java:174)
	at ai.glog.execute.workers.TriageAndRemediationCallableWorker.setGeneralRemediation(TriageAndRemediationCallableWorker.java:158)
	at ai.glog.execute.workers.TriageAndRemediationCallableWorker.call(TriageAndRemediationCallableWorker.java:73)
	at ai.glog.execute.workers.TriageAndRemediationCallableWorker.call(TriageAndRemediationCallableWorker.java:31)
	at java.base/java.util.concurrent.FutureTask.run(FutureTask.java:317)
	at java.base/java.util.concurrent.ThreadPoolExecutor.runWorker(ThreadPoolExecutor.java:1144)
	at java.base/java.util.concurrent.ThreadPoolExecutor$Worker.run(ThreadPoolExecutor.java:642)
	at java.base/java.lang.Thread.run(Thread.java:1623)
Caused by: java.lang.IllegalStateException: Expected BEGIN_ARRAY but was BEGIN_OBJECT at line 1 column 2 path $
	at com.google.gson.stream.JsonReader.beginArray(JsonReader.java:350)
	at com.google.gson.internal.bind.ArrayTypeAdapter.read(ArrayTypeAdapter.java:70)
	at com.google.gson.Gson.fromJson(Gson.java:991)
	... 10 more

Oct 06, 2025 5:15:25 PM ai.glog.execute.workers.TriageAndRemediationCallableWorker call
SEVERE: null
java.lang.NullPointerException
	at java.base/java.util.Objects.requireNonNull(Objects.java:233)
	at java.base/java.util.Arrays$ArrayList.<init>(Arrays.java:4234)
	at java.base/java.util.Arrays.asList(Arrays.java:4219)
	at ai.glog.execute.workers.TriageAndRemediationCallableWorker.setGeneralRemediation(TriageAndRemediationCallableWorker.java:162)
	at ai.glog.execute.workers.TriageAndRemediationCallableWorker.call(TriageAndRemediationCallableWorker.java:73)
	at ai.glog.execute.workers.TriageAndRemediationCallableWorker.call(TriageAndRemediationCallableWorker.java:31)
	at java.base/java.util.concurrent.FutureTask.run(FutureTask.java:317)
	at java.base/java.util.concurrent.ThreadPoolExecutor.runWorker(ThreadPoolExecutor.java:1144)
	at java.base/java.util.concurrent.ThreadPoolExecutor$Worker.run(ThreadPoolExecutor.java:642)
	at java.base/java.lang.Thread.run(Thread.java:1623)

Oct 06, 2025 5:15:25 PM ai.glog.service.GlogService getFromGlog
SEVERE: java.lang.IllegalStateException: Expected BEGIN_ARRAY but was BEGIN_OBJECT at line 1 column 2 path $
{"detail":"Invalid token."}
com.google.gson.JsonSyntaxException: java.lang.IllegalStateException: Expected BEGIN_ARRAY but was BEGIN_OBJECT at line 1 column 2 path $
	at com.google.gson.Gson.fromJson(Gson.java:1003)
	at com.google.gson.Gson.fromJson(Gson.java:956)
	at com.google.gson.Gson.fromJson(Gson.java:905)
	at ai.glog.service.GlogService.getFromGlog(GlogService.java:174)
	at ai.glog.execute.workers.TriageAndRemediationCallableWorker.setGeneralRemediation(TriageAndRemediationCallableWorker.java:158)
	at ai.glog.execute.workers.TriageAndRemediationCallableWorker.call(TriageAndRemediationCallableWorker.java:73)
	at ai.glog.execute.workers.TriageAndRemediationCallableWorker.call(TriageAndRemediationCallableWorker.java:31)
	at java.base/java.util.concurrent.FutureTask.run(FutureTask.java:317)
	at java.base/java.util.concurrent.ThreadPoolExecutor.runWorker(ThreadPoolExecutor.java:1144)
	at java.base/java.util.concurrent.ThreadPoolExecutor$Worker.run(ThreadPoolExecutor.java:642)
	at java.base/java.lang.Thread.run(Thread.java:1623)
Caused by: java.lang.IllegalStateException: Expected BEGIN_ARRAY but was BEGIN_OBJECT at line 1 column 2 path $
	at com.google.gson.stream.JsonReader.beginArray(JsonReader.java:350)
	at com.google.gson.internal.bind.ArrayTypeAdapter.read(ArrayTypeAdapter.java:70)
	at com.google.gson.Gson.fromJson(Gson.java:991)
	... 10 more

Oct 06, 2025 5:15:25 PM ai.glog.execute.workers.TriageAndRemediationCallableWorker call
SEVERE: null
java.lang.NullPointerException
	at java.base/java.util.Objects.requireNonNull(Objects.java:233)
	at java.base/java.util.Arrays$ArrayList.<init>(Arrays.java:4234)
	at java.base/java.util.Arrays.asList(Arrays.java:4219)
	at ai.glog.execute.workers.TriageAndRemediationCallableWorker.setGeneralRemediation(TriageAndRemediationCallableWorker.java:162)
	at ai.glog.execute.workers.TriageAndRemediationCallableWorker.call(TriageAndRemediationCallableWorker.java:73)
	at ai.glog.execute.workers.TriageAndRemediationCallableWorker.call(TriageAndRemediationCallableWorker.java:31)
	at java.base/java.util.concurrent.FutureTask.run(FutureTask.java:317)
	at java.base/java.util.concurrent.ThreadPoolExecutor.runWorker(ThreadPoolExecutor.java:1144)
	at java.base/java.util.concurrent.ThreadPoolExecutor$Worker.run(ThreadPoolExecutor.java:642)
	at java.base/java.lang.Thread.run(Thread.java:1623)

Oct 06, 2025 5:15:25 PM ai.glog.service.GlogService getFromGlog
SEVERE: java.lang.IllegalStateException: Expected BEGIN_ARRAY but was BEGIN_OBJECT at line 1 column 2 path $
{"detail":"Invalid token."}
com.google.gson.JsonSyntaxException: java.lang.IllegalStateException: Expected BEGIN_ARRAY but was BEGIN_OBJECT at line 1 column 2 path $
	at com.google.gson.Gson.fromJson(Gson.java:1003)
	at com.google.gson.Gson.fromJson(Gson.java:956)
	at com.google.gson.Gson.fromJson(Gson.java:905)
	at ai.glog.service.GlogService.getFromGlog(GlogService.java:174)
	at ai.glog.execute.workers.TriageAndRemediationCallableWorker.setGeneralRemediation(TriageAndRemediationCallableWorker.java:158)
	at ai.glog.execute.workers.TriageAndRemediationCallableWorker.call(TriageAndRemediationCallableWorker.java:73)
	at ai.glog.execute.workers.TriageAndRemediationCallableWorker.call(TriageAndRemediationCallableWorker.java:31)
	at java.base/java.util.concurrent.FutureTask.run(FutureTask.java:317)
	at java.base/java.util.concurrent.ThreadPoolExecutor.runWorker(ThreadPoolExecutor.java:1144)
	at java.base/java.util.concurrent.ThreadPoolExecutor$Worker.run(ThreadPoolExecutor.java:642)
	at java.base/java.lang.Thread.run(Thread.java:1623)
Caused by: java.lang.IllegalStateException: Expected BEGIN_ARRAY but was BEGIN_OBJECT at line 1 column 2 path $
	at com.google.gson.stream.JsonReader.beginArray(JsonReader.java:350)
	at com.google.gson.internal.bind.ArrayTypeAdapter.read(ArrayTypeAdapter.java:70)
	at com.google.gson.Gson.fromJson(Gson.java:991)
	... 10 more

Oct 06, 2025 5:15:25 PM ai.glog.execute.workers.TriageAndRemediationCallableWorker call
SEVERE: null
java.lang.NullPointerException
	at java.base/java.util.Objects.requireNonNull(Objects.java:233)
	at java.base/java.util.Arrays$ArrayList.<init>(Arrays.java:4234)
	at java.base/java.util.Arrays.asList(Arrays.java:4219)
	at ai.glog.execute.workers.TriageAndRemediationCallableWorker.setGeneralRemediation(TriageAndRemediationCallableWorker.java:162)
	at ai.glog.execute.workers.TriageAndRemediationCallableWorker.call(TriageAndRemediationCallableWorker.java:73)
	at ai.glog.execute.workers.TriageAndRemediationCallableWorker.call(TriageAndRemediationCallableWorker.java:31)
	at java.base/java.util.concurrent.FutureTask.run(FutureTask.java:317)
	at java.base/java.util.concurrent.ThreadPoolExecutor.runWorker(ThreadPoolExecutor.java:1144)
	at java.base/java.util.concurrent.ThreadPoolExecutor$Worker.run(ThreadPoolExecutor.java:642)
	at java.base/java.lang.Thread.run(Thread.java:1623)

Oct 06, 2025 5:15:25 PM ai.glog.service.GlogService getFromGlog
SEVERE: java.lang.IllegalStateException: Expected BEGIN_ARRAY but was BEGIN_OBJECT at line 1 column 2 path $
{"detail":"Invalid token."}
com.google.gson.JsonSyntaxException: java.lang.IllegalStateException: Expected BEGIN_ARRAY but was BEGIN_OBJECT at line 1 column 2 path $
	at com.google.gson.Gson.fromJson(Gson.java:1003)
	at com.google.gson.Gson.fromJson(Gson.java:956)
	at com.google.gson.Gson.fromJson(Gson.java:905)
	at ai.glog.service.GlogService.getFromGlog(GlogService.java:174)
	at ai.glog.execute.workers.TriageAndRemediationCallableWorker.setGeneralRemediation(TriageAndRemediationCallableWorker.java:158)
	at ai.glog.execute.workers.TriageAndRemediationCallableWorker.call(TriageAndRemediationCallableWorker.java:73)
	at ai.glog.execute.workers.TriageAndRemediationCallableWorker.call(TriageAndRemediationCallableWorker.java:31)
	at java.base/java.util.concurrent.FutureTask.run(FutureTask.java:317)
	at java.base/java.util.concurrent.ThreadPoolExecutor.runWorker(ThreadPoolExecutor.java:1144)
	at java.base/java.util.concurrent.ThreadPoolExecutor$Worker.run(ThreadPoolExecutor.java:642)
	at java.base/java.lang.Thread.run(Thread.java:1623)
Caused by: java.lang.IllegalStateException: Expected BEGIN_ARRAY but was BEGIN_OBJECT at line 1 column 2 path $
	at com.google.gson.stream.JsonReader.beginArray(JsonReader.java:350)
	at com.google.gson.internal.bind.ArrayTypeAdapter.read(ArrayTypeAdapter.java:70)
	at com.google.gson.Gson.fromJson(Gson.java:991)
	... 10 more

Oct 06, 2025 5:15:25 PM ai.glog.execute.workers.TriageAndRemediationCallableWorker call
SEVERE: null
java.lang.NullPointerException
	at java.base/java.util.Objects.requireNonNull(Objects.java:233)
	at java.base/java.util.Arrays$ArrayList.<init>(Arrays.java:4234)
	at java.base/java.util.Arrays.asList(Arrays.java:4219)
	at ai.glog.execute.workers.TriageAndRemediationCallableWorker.setGeneralRemediation(TriageAndRemediationCallableWorker.java:162)
	at ai.glog.execute.workers.TriageAndRemediationCallableWorker.call(TriageAndRemediationCallableWorker.java:73)
	at ai.glog.execute.workers.TriageAndRemediationCallableWorker.call(TriageAndRemediationCallableWorker.java:31)
	at java.base/java.util.concurrent.FutureTask.run(FutureTask.java:317)
	at java.base/java.util.concurrent.ThreadPoolExecutor.runWorker(ThreadPoolExecutor.java:1144)
	at java.base/java.util.concurrent.ThreadPoolExecutor$Worker.run(ThreadPoolExecutor.java:642)
	at java.base/java.lang.Thread.run(Thread.java:1623)

Oct 06, 2025 5:15:25 PM ai.glog.service.GlogService getFromGlog
SEVERE: java.lang.IllegalStateException: Expected BEGIN_ARRAY but was BEGIN_OBJECT at line 1 column 2 path $
{"detail":"Invalid token."}
com.google.gson.JsonSyntaxException: java.lang.IllegalStateException: Expected BEGIN_ARRAY but was BEGIN_OBJECT at line 1 column 2 path $
	at com.google.gson.Gson.fromJson(Gson.java:1003)
	at com.google.gson.Gson.fromJson(Gson.java:956)
	at com.google.gson.Gson.fromJson(Gson.java:905)
	at ai.glog.service.GlogService.getFromGlog(GlogService.java:174)
	at ai.glog.execute.workers.TriageAndRemediationCallableWorker.setGeneralRemediation(TriageAndRemediationCallableWorker.java:158)
	at ai.glog.execute.workers.TriageAndRemediationCallableWorker.call(TriageAndRemediationCallableWorker.java:73)
	at ai.glog.execute.workers.TriageAndRemediationCallableWorker.call(TriageAndRemediationCallableWorker.java:31)
	at java.base/java.util.concurrent.FutureTask.run(FutureTask.java:317)
	at java.base/java.util.concurrent.ThreadPoolExecutor.runWorker(ThreadPoolExecutor.java:1144)
	at java.base/java.util.concurrent.ThreadPoolExecutor$Worker.run(ThreadPoolExecutor.java:642)
	at java.base/java.lang.Thread.run(Thread.java:1623)
Caused by: java.lang.IllegalStateException: Expected BEGIN_ARRAY but was BEGIN_OBJECT at line 1 column 2 path $
	at com.google.gson.stream.JsonReader.beginArray(JsonReader.java:350)
	at com.google.gson.internal.bind.ArrayTypeAdapter.read(ArrayTypeAdapter.java:70)
	at com.google.gson.Gson.fromJson(Gson.java:991)
	... 10 more

Oct 06, 2025 5:15:25 PM ai.glog.execute.workers.TriageAndRemediationCallableWorker call
SEVERE: null
java.lang.NullPointerException
	at java.base/java.util.Objects.requireNonNull(Objects.java:233)
	at java.base/java.util.Arrays$ArrayList.<init>(Arrays.java:4234)
	at java.base/java.util.Arrays.asList(Arrays.java:4219)
	at ai.glog.execute.workers.TriageAndRemediationCallableWorker.setGeneralRemediation(TriageAndRemediationCallableWorker.java:162)
	at ai.glog.execute.workers.TriageAndRemediationCallableWorker.call(TriageAndRemediationCallableWorker.java:73)
	at ai.glog.execute.workers.TriageAndRemediationCallableWorker.call(TriageAndRemediationCallableWorker.java:31)
	at java.base/java.util.concurrent.FutureTask.run(FutureTask.java:317)
	at java.base/java.util.concurrent.ThreadPoolExecutor.runWorker(ThreadPoolExecutor.java:1144)
	at java.base/java.util.concurrent.ThreadPoolExecutor$Worker.run(ThreadPoolExecutor.java:642)
	at java.base/java.lang.Thread.run(Thread.java:1623)

Oct 06, 2025 5:15:25 PM ai.glog.service.GlogService getFromGlog
SEVERE: java.lang.IllegalStateException: Expected BEGIN_ARRAY but was BEGIN_OBJECT at line 1 column 2 path $
{"detail":"Invalid token."}
com.google.gson.JsonSyntaxException: java.lang.IllegalStateException: Expected BEGIN_ARRAY but was BEGIN_OBJECT at line 1 column 2 path $
	at com.google.gson.Gson.fromJson(Gson.java:1003)
	at com.google.gson.Gson.fromJson(Gson.java:956)
	at com.google.gson.Gson.fromJson(Gson.java:905)
	at ai.glog.service.GlogService.getFromGlog(GlogService.java:174)
	at ai.glog.execute.workers.TriageAndRemediationCallableWorker.setGeneralRemediation(TriageAndRemediationCallableWorker.java:158)
	at ai.glog.execute.workers.TriageAndRemediationCallableWorker.call(TriageAndRemediationCallableWorker.java:73)
	at ai.glog.execute.workers.TriageAndRemediationCallableWorker.call(TriageAndRemediationCallableWorker.java:31)
	at java.base/java.util.concurrent.FutureTask.run(FutureTask.java:317)
	at java.base/java.util.concurrent.ThreadPoolExecutor.runWorker(ThreadPoolExecutor.java:1144)
	at java.base/java.util.concurrent.ThreadPoolExecutor$Worker.run(ThreadPoolExecutor.java:642)
	at java.base/java.lang.Thread.run(Thread.java:1623)
Caused by: java.lang.IllegalStateException: Expected BEGIN_ARRAY but was BEGIN_OBJECT at line 1 column 2 path $
	at com.google.gson.stream.JsonReader.beginArray(JsonReader.java:350)
	at com.google.gson.internal.bind.ArrayTypeAdapter.read(ArrayTypeAdapter.java:70)
	at com.google.gson.Gson.fromJson(Gson.java:991)
	... 10 more

Oct 06, 2025 5:15:25 PM ai.glog.execute.workers.TriageAndRemediationCallableWorker call
SEVERE: null
java.lang.NullPointerException
	at java.base/java.util.Objects.requireNonNull(Objects.java:233)
	at java.base/java.util.Arrays$ArrayList.<init>(Arrays.java:4234)
	at java.base/java.util.Arrays.asList(Arrays.java:4219)
	at ai.glog.execute.workers.TriageAndRemediationCallableWorker.setGeneralRemediation(TriageAndRemediationCallableWorker.java:162)
	at ai.glog.execute.workers.TriageAndRemediationCallableWorker.call(TriageAndRemediationCallableWorker.java:73)
	at ai.glog.execute.workers.TriageAndRemediationCallableWorker.call(TriageAndRemediationCallableWorker.java:31)
	at java.base/java.util.concurrent.FutureTask.run(FutureTask.java:317)
	at java.base/java.util.concurrent.ThreadPoolExecutor.runWorker(ThreadPoolExecutor.java:1144)
	at java.base/java.util.concurrent.ThreadPoolExecutor$Worker.run(ThreadPoolExecutor.java:642)
	at java.base/java.lang.Thread.run(Thread.java:1623)

Oct 06, 2025 5:15:26 PM ai.glog.service.GlogService getFromGlog
SEVERE: java.lang.IllegalStateException: Expected BEGIN_ARRAY but was BEGIN_OBJECT at line 1 column 2 path $
{"detail":"Invalid token."}
com.google.gson.JsonSyntaxException: java.lang.IllegalStateException: Expected BEGIN_ARRAY but was BEGIN_OBJECT at line 1 column 2 path $
	at com.google.gson.Gson.fromJson(Gson.java:1003)
	at com.google.gson.Gson.fromJson(Gson.java:956)
	at com.google.gson.Gson.fromJson(Gson.java:905)
	at ai.glog.service.GlogService.getFromGlog(GlogService.java:174)
	at ai.glog.execute.workers.TriageAndRemediationCallableWorker.setGeneralRemediation(TriageAndRemediationCallableWorker.java:158)
	at ai.glog.execute.workers.TriageAndRemediationCallableWorker.call(TriageAndRemediationCallableWorker.java:73)
	at ai.glog.execute.workers.TriageAndRemediationCallableWorker.call(TriageAndRemediationCallableWorker.java:31)
	at java.base/java.util.concurrent.FutureTask.run(FutureTask.java:317)
	at java.base/java.util.concurrent.ThreadPoolExecutor.runWorker(ThreadPoolExecutor.java:1144)
	at java.base/java.util.concurrent.ThreadPoolExecutor$Worker.run(ThreadPoolExecutor.java:642)
	at java.base/java.lang.Thread.run(Thread.java:1623)
Caused by: java.lang.IllegalStateException: Expected BEGIN_ARRAY but was BEGIN_OBJECT at line 1 column 2 path $
	at com.google.gson.stream.JsonReader.beginArray(JsonReader.java:350)
	at com.google.gson.internal.bind.ArrayTypeAdapter.read(ArrayTypeAdapter.java:70)
	at com.google.gson.Gson.fromJson(Gson.java:991)
	... 10 more

Oct 06, 2025 5:15:26 PM ai.glog.execute.workers.TriageAndRemediationCallableWorker call
SEVERE: null
java.lang.NullPointerException
	at java.base/java.util.Objects.requireNonNull(Objects.java:233)
	at java.base/java.util.Arrays$ArrayList.<init>(Arrays.java:4234)
	at java.base/java.util.Arrays.asList(Arrays.java:4219)
	at ai.glog.execute.workers.TriageAndRemediationCallableWorker.setGeneralRemediation(TriageAndRemediationCallableWorker.java:162)
	at ai.glog.execute.workers.TriageAndRemediationCallableWorker.call(TriageAndRemediationCallableWorker.java:73)
	at ai.glog.execute.workers.TriageAndRemediationCallableWorker.call(TriageAndRemediationCallableWorker.java:31)
	at java.base/java.util.concurrent.FutureTask.run(FutureTask.java:317)
	at java.base/java.util.concurrent.ThreadPoolExecutor.runWorker(ThreadPoolExecutor.java:1144)
	at java.base/java.util.concurrent.ThreadPoolExecutor$Worker.run(ThreadPoolExecutor.java:642)
	at java.base/java.lang.Thread.run(Thread.java:1623)

Oct 06, 2025 5:15:26 PM ai.glog.service.GlogService getFromGlog
SEVERE: java.lang.IllegalStateException: Expected BEGIN_ARRAY but was BEGIN_OBJECT at line 1 column 2 path $
{"detail":"Invalid token."}
com.google.gson.JsonSyntaxException: java.lang.IllegalStateException: Expected BEGIN_ARRAY but was BEGIN_OBJECT at line 1 column 2 path $
	at com.google.gson.Gson.fromJson(Gson.java:1003)
	at com.google.gson.Gson.fromJson(Gson.java:956)
	at com.google.gson.Gson.fromJson(Gson.java:905)
	at ai.glog.service.GlogService.getFromGlog(GlogService.java:174)
	at ai.glog.execute.workers.TriageAndRemediationCallableWorker.setGeneralRemediation(TriageAndRemediationCallableWorker.java:158)
	at ai.glog.execute.workers.TriageAndRemediationCallableWorker.call(TriageAndRemediationCallableWorker.java:73)
	at ai.glog.execute.workers.TriageAndRemediationCallableWorker.call(TriageAndRemediationCallableWorker.java:31)
	at java.base/java.util.concurrent.FutureTask.run(FutureTask.java:317)
	at java.base/java.util.concurrent.ThreadPoolExecutor.runWorker(ThreadPoolExecutor.java:1144)
	at java.base/java.util.concurrent.ThreadPoolExecutor$Worker.run(ThreadPoolExecutor.java:642)
	at java.base/java.lang.Thread.run(Thread.java:1623)
Caused by: java.lang.IllegalStateException: Expected BEGIN_ARRAY but was BEGIN_OBJECT at line 1 column 2 path $
	at com.google.gson.stream.JsonReader.beginArray(JsonReader.java:350)
	at com.google.gson.internal.bind.ArrayTypeAdapter.read(ArrayTypeAdapter.java:70)
	at com.google.gson.Gson.fromJson(Gson.java:991)
	... 10 more

Oct 06, 2025 5:15:26 PM ai.glog.execute.workers.TriageAndRemediationCallableWorker call
SEVERE: null
java.lang.NullPointerException
	at java.base/java.util.Objects.requireNonNull(Objects.java:233)
	at java.base/java.util.Arrays$ArrayList.<init>(Arrays.java:4234)
	at java.base/java.util.Arrays.asList(Arrays.java:4219)
	at ai.glog.execute.workers.TriageAndRemediationCallableWorker.setGeneralRemediation(TriageAndRemediationCallableWorker.java:162)
	at ai.glog.execute.workers.TriageAndRemediationCallableWorker.call(TriageAndRemediationCallableWorker.java:73)
	at ai.glog.execute.workers.TriageAndRemediationCallableWorker.call(TriageAndRemediationCallableWorker.java:31)
	at java.base/java.util.concurrent.FutureTask.run(FutureTask.java:317)
	at java.base/java.util.concurrent.ThreadPoolExecutor.runWorker(ThreadPoolExecutor.java:1144)
	at java.base/java.util.concurrent.ThreadPoolExecutor$Worker.run(ThreadPoolExecutor.java:642)
	at java.base/java.lang.Thread.run(Thread.java:1623)

Oct 06, 2025 5:15:26 PM ai.glog.service.GlogService getFromGlog
SEVERE: java.lang.IllegalStateException: Expected BEGIN_ARRAY but was BEGIN_OBJECT at line 1 column 2 path $
{"detail":"Invalid token."}
com.google.gson.JsonSyntaxException: java.lang.IllegalStateException: Expected BEGIN_ARRAY but was BEGIN_OBJECT at line 1 column 2 path $
	at com.google.gson.Gson.fromJson(Gson.java:1003)
	at com.google.gson.Gson.fromJson(Gson.java:956)
	at com.google.gson.Gson.fromJson(Gson.java:905)
	at ai.glog.service.GlogService.getFromGlog(GlogService.java:174)
	at ai.glog.execute.workers.TriageAndRemediationCallableWorker.setGeneralRemediation(TriageAndRemediationCallableWorker.java:158)
	at ai.glog.execute.workers.TriageAndRemediationCallableWorker.call(TriageAndRemediationCallableWorker.java:73)
	at ai.glog.execute.workers.TriageAndRemediationCallableWorker.call(TriageAndRemediationCallableWorker.java:31)
	at java.base/java.util.concurrent.FutureTask.run(FutureTask.java:317)
	at java.base/java.util.concurrent.ThreadPoolExecutor.runWorker(ThreadPoolExecutor.java:1144)
	at java.base/java.util.concurrent.ThreadPoolExecutor$Worker.run(ThreadPoolExecutor.java:642)
	at java.base/java.lang.Thread.run(Thread.java:1623)
Caused by: java.lang.IllegalStateException: Expected BEGIN_ARRAY but was BEGIN_OBJECT at line 1 column 2 path $
	at com.google.gson.stream.JsonReader.beginArray(JsonReader.java:350)
	at com.google.gson.internal.bind.ArrayTypeAdapter.read(ArrayTypeAdapter.java:70)
	at com.google.gson.Gson.fromJson(Gson.java:991)
	... 10 more

Oct 06, 2025 5:15:26 PM ai.glog.execute.workers.TriageAndRemediationCallableWorker call
SEVERE: null
java.lang.NullPointerException
	at java.base/java.util.Objects.requireNonNull(Objects.java:233)
	at java.base/java.util.Arrays$ArrayList.<init>(Arrays.java:4234)
	at java.base/java.util.Arrays.asList(Arrays.java:4219)
	at ai.glog.execute.workers.TriageAndRemediationCallableWorker.setGeneralRemediation(TriageAndRemediationCallableWorker.java:162)
	at ai.glog.execute.workers.TriageAndRemediationCallableWorker.call(TriageAndRemediationCallableWorker.java:73)
	at ai.glog.execute.workers.TriageAndRemediationCallableWorker.call(TriageAndRemediationCallableWorker.java:31)
	at java.base/java.util.concurrent.FutureTask.run(FutureTask.java:317)
	at java.base/java.util.concurrent.ThreadPoolExecutor.runWorker(ThreadPoolExecutor.java:1144)
	at java.base/java.util.concurrent.ThreadPoolExecutor$Worker.run(ThreadPoolExecutor.java:642)
	at java.base/java.lang.Thread.run(Thread.java:1623)

Oct 06, 2025 5:15:27 PM ai.glog.service.GlogService getFromGlog
SEVERE: java.lang.IllegalStateException: Expected BEGIN_ARRAY but was BEGIN_OBJECT at line 1 column 2 path $
{"detail":"Invalid token."}
com.google.gson.JsonSyntaxException: java.lang.IllegalStateException: Expected BEGIN_ARRAY but was BEGIN_OBJECT at line 1 column 2 path $
	at com.google.gson.Gson.fromJson(Gson.java:1003)
	at com.google.gson.Gson.fromJson(Gson.java:956)
	at com.google.gson.Gson.fromJson(Gson.java:905)
	at ai.glog.service.GlogService.getFromGlog(GlogService.java:174)
	at ai.glog.execute.workers.TriageAndRemediationCallableWorker.setGeneralRemediation(TriageAndRemediationCallableWorker.java:158)
	at ai.glog.execute.workers.TriageAndRemediationCallableWorker.call(TriageAndRemediationCallableWorker.java:73)
	at ai.glog.execute.workers.TriageAndRemediationCallableWorker.call(TriageAndRemediationCallableWorker.java:31)
	at java.base/java.util.concurrent.FutureTask.run(FutureTask.java:317)
	at java.base/java.util.concurrent.ThreadPoolExecutor.runWorker(ThreadPoolExecutor.java:1144)
	at java.base/java.util.concurrent.ThreadPoolExecutor$Worker.run(ThreadPoolExecutor.java:642)
	at java.base/java.lang.Thread.run(Thread.java:1623)
Caused by: java.lang.IllegalStateException: Expected BEGIN_ARRAY but was BEGIN_OBJECT at line 1 column 2 path $
	at com.google.gson.stream.JsonReader.beginArray(JsonReader.java:350)
	at com.google.gson.internal.bind.ArrayTypeAdapter.read(ArrayTypeAdapter.java:70)
	at com.google.gson.Gson.fromJson(Gson.java:991)
	... 10 more

Oct 06, 2025 5:15:27 PM ai.glog.execute.workers.TriageAndRemediationCallableWorker call
SEVERE: null
java.lang.NullPointerException
	at java.base/java.util.Objects.requireNonNull(Objects.java:233)
	at java.base/java.util.Arrays$ArrayList.<init>(Arrays.java:4234)
	at java.base/java.util.Arrays.asList(Arrays.java:4219)
	at ai.glog.execute.workers.TriageAndRemediationCallableWorker.setGeneralRemediation(TriageAndRemediationCallableWorker.java:162)
	at ai.glog.execute.workers.TriageAndRemediationCallableWorker.call(TriageAndRemediationCallableWorker.java:73)
	at ai.glog.execute.workers.TriageAndRemediationCallableWorker.call(TriageAndRemediationCallableWorker.java:31)
	at java.base/java.util.concurrent.FutureTask.run(FutureTask.java:317)
	at java.base/java.util.concurrent.ThreadPoolExecutor.runWorker(ThreadPoolExecutor.java:1144)
	at java.base/java.util.concurrent.ThreadPoolExecutor$Worker.run(ThreadPoolExecutor.java:642)
	at java.base/java.lang.Thread.run(Thread.java:1623)

Oct 06, 2025 5:15:27 PM ai.glog.service.GlogService getFromGlog
SEVERE: java.lang.IllegalStateException: Expected BEGIN_ARRAY but was BEGIN_OBJECT at line 1 column 2 path $
{"detail":"Invalid token."}
com.google.gson.JsonSyntaxException: java.lang.IllegalStateException: Expected BEGIN_ARRAY but was BEGIN_OBJECT at line 1 column 2 path $
	at com.google.gson.Gson.fromJson(Gson.java:1003)
	at com.google.gson.Gson.fromJson(Gson.java:956)
	at com.google.gson.Gson.fromJson(Gson.java:905)
	at ai.glog.service.GlogService.getFromGlog(GlogService.java:174)
	at ai.glog.execute.workers.TriageAndRemediationCallableWorker.setGeneralRemediation(TriageAndRemediationCallableWorker.java:158)
	at ai.glog.execute.workers.TriageAndRemediationCallableWorker.call(TriageAndRemediationCallableWorker.java:73)
	at ai.glog.execute.workers.TriageAndRemediationCallableWorker.call(TriageAndRemediationCallableWorker.java:31)
	at java.base/java.util.concurrent.FutureTask.run(FutureTask.java:317)
	at java.base/java.util.concurrent.ThreadPoolExecutor.runWorker(ThreadPoolExecutor.java:1144)
	at java.base/java.util.concurrent.ThreadPoolExecutor$Worker.run(ThreadPoolExecutor.java:642)
	at java.base/java.lang.Thread.run(Thread.java:1623)
Caused by: java.lang.IllegalStateException: Expected BEGIN_ARRAY but was BEGIN_OBJECT at line 1 column 2 path $
	at com.google.gson.stream.JsonReader.beginArray(JsonReader.java:350)
	at com.google.gson.internal.bind.ArrayTypeAdapter.read(ArrayTypeAdapter.java:70)
	at com.google.gson.Gson.fromJson(Gson.java:991)
	... 10 more

Oct 06, 2025 5:15:27 PM ai.glog.service.GlogService getFromGlog
SEVERE: java.lang.IllegalStateException: Expected BEGIN_ARRAY but was BEGIN_OBJECT at line 1 column 2 path $
{"detail":"Invalid token."}
com.google.gson.JsonSyntaxException: java.lang.IllegalStateException: Expected BEGIN_ARRAY but was BEGIN_OBJECT at line 1 column 2 path $
	at com.google.gson.Gson.fromJson(Gson.java:1003)
	at com.google.gson.Gson.fromJson(Gson.java:956)
	at com.google.gson.Gson.fromJson(Gson.java:905)
	at ai.glog.service.GlogService.getFromGlog(GlogService.java:174)
	at ai.glog.execute.workers.TriageAndRemediationCallableWorker.setGeneralRemediation(TriageAndRemediationCallableWorker.java:158)
	at ai.glog.execute.workers.TriageAndRemediationCallableWorker.call(TriageAndRemediationCallableWorker.java:73)
	at ai.glog.execute.workers.TriageAndRemediationCallableWorker.call(TriageAndRemediationCallableWorker.java:31)
	at java.base/java.util.concurrent.FutureTask.run(FutureTask.java:317)
	at java.base/java.util.concurrent.ThreadPoolExecutor.runWorker(ThreadPoolExecutor.java:1144)
	at java.base/java.util.concurrent.ThreadPoolExecutor$Worker.run(ThreadPoolExecutor.java:642)
	at java.base/java.lang.Thread.run(Thread.java:1623)
Caused by: java.lang.IllegalStateException: Expected BEGIN_ARRAY but was BEGIN_OBJECT at line 1 column 2 path $
	at com.google.gson.stream.JsonReader.beginArray(JsonReader.java:350)
	at com.google.gson.internal.bind.ArrayTypeAdapter.read(ArrayTypeAdapter.java:70)
	at com.google.gson.Gson.fromJson(Gson.java:991)
	... 10 more

Oct 06, 2025 5:15:27 PM ai.glog.execute.workers.TriageAndRemediationCallableWorker call
SEVERE: null
java.lang.NullPointerException
	at java.base/java.util.Objects.requireNonNull(Objects.java:233)
	at java.base/java.util.Arrays$ArrayList.<init>(Arrays.java:4234)
	at java.base/java.util.Arrays.asList(Arrays.java:4219)
	at ai.glog.execute.workers.TriageAndRemediationCallableWorker.setGeneralRemediation(TriageAndRemediationCallableWorker.java:162)
	at ai.glog.execute.workers.TriageAndRemediationCallableWorker.call(TriageAndRemediationCallableWorker.java:73)
	at ai.glog.execute.workers.TriageAndRemediationCallableWorker.call(TriageAndRemediationCallableWorker.java:31)
	at java.base/java.util.concurrent.FutureTask.run(FutureTask.java:317)
	at java.base/java.util.concurrent.ThreadPoolExecutor.runWorker(ThreadPoolExecutor.java:1144)
	at java.base/java.util.concurrent.ThreadPoolExecutor$Worker.run(ThreadPoolExecutor.java:642)
	at java.base/java.lang.Thread.run(Thread.java:1623)

Oct 06, 2025 5:15:27 PM ai.glog.execute.workers.TriageAndRemediationCallableWorker call
SEVERE: null
java.lang.NullPointerException
	at java.base/java.util.Objects.requireNonNull(Objects.java:233)
	at java.base/java.util.Arrays$ArrayList.<init>(Arrays.java:4234)
	at java.base/java.util.Arrays.asList(Arrays.java:4219)
	at ai.glog.execute.workers.TriageAndRemediationCallableWorker.setGeneralRemediation(TriageAndRemediationCallableWorker.java:162)
	at ai.glog.execute.workers.TriageAndRemediationCallableWorker.call(TriageAndRemediationCallableWorker.java:73)
	at ai.glog.execute.workers.TriageAndRemediationCallableWorker.call(TriageAndRemediationCallableWorker.java:31)
	at java.base/java.util.concurrent.FutureTask.run(FutureTask.java:317)
	at java.base/java.util.concurrent.ThreadPoolExecutor.runWorker(ThreadPoolExecutor.java:1144)
	at java.base/java.util.concurrent.ThreadPoolExecutor$Worker.run(ThreadPoolExecutor.java:642)
	at java.base/java.lang.Thread.run(Thread.java:1623)

Oct 06, 2025 5:15:28 PM ai.glog.service.GlogService getFromGlog
SEVERE: java.lang.IllegalStateException: Expected BEGIN_ARRAY but was BEGIN_OBJECT at line 1 column 2 path $
{"detail":"Invalid token."}
com.google.gson.JsonSyntaxException: java.lang.IllegalStateException: Expected BEGIN_ARRAY but was BEGIN_OBJECT at line 1 column 2 path $
	at com.google.gson.Gson.fromJson(Gson.java:1003)
	at com.google.gson.Gson.fromJson(Gson.java:956)
	at com.google.gson.Gson.fromJson(Gson.java:905)
	at ai.glog.service.GlogService.getFromGlog(GlogService.java:174)
	at ai.glog.execute.workers.TriageAndRemediationCallableWorker.setGeneralRemediation(TriageAndRemediationCallableWorker.java:158)
	at ai.glog.execute.workers.TriageAndRemediationCallableWorker.call(TriageAndRemediationCallableWorker.java:73)
	at ai.glog.execute.workers.TriageAndRemediationCallableWorker.call(TriageAndRemediationCallableWorker.java:31)
	at java.base/java.util.concurrent.FutureTask.run(FutureTask.java:317)
	at java.base/java.util.concurrent.ThreadPoolExecutor.runWorker(ThreadPoolExecutor.java:1144)
	at java.base/java.util.concurrent.ThreadPoolExecutor$Worker.run(ThreadPoolExecutor.java:642)
	at java.base/java.lang.Thread.run(Thread.java:1623)
Caused by: java.lang.IllegalStateException: Expected BEGIN_ARRAY but was BEGIN_OBJECT at line 1 column 2 path $
	at com.google.gson.stream.JsonReader.beginArray(JsonReader.java:350)
	at com.google.gson.internal.bind.ArrayTypeAdapter.read(ArrayTypeAdapter.java:70)
	at com.google.gson.Gson.fromJson(Gson.java:991)
	... 10 more

Oct 06, 2025 5:15:28 PM ai.glog.execute.workers.TriageAndRemediationCallableWorker call
SEVERE: null
java.lang.NullPointerException
	at java.base/java.util.Objects.requireNonNull(Objects.java:233)
	at java.base/java.util.Arrays$ArrayList.<init>(Arrays.java:4234)
	at java.base/java.util.Arrays.asList(Arrays.java:4219)
	at ai.glog.execute.workers.TriageAndRemediationCallableWorker.setGeneralRemediation(TriageAndRemediationCallableWorker.java:162)
	at ai.glog.execute.workers.TriageAndRemediationCallableWorker.call(TriageAndRemediationCallableWorker.java:73)
	at ai.glog.execute.workers.TriageAndRemediationCallableWorker.call(TriageAndRemediationCallableWorker.java:31)
	at java.base/java.util.concurrent.FutureTask.run(FutureTask.java:317)
	at java.base/java.util.concurrent.ThreadPoolExecutor.runWorker(ThreadPoolExecutor.java:1144)
	at java.base/java.util.concurrent.ThreadPoolExecutor$Worker.run(ThreadPoolExecutor.java:642)
	at java.base/java.lang.Thread.run(Thread.java:1623)

Oct 06, 2025 5:15:28 PM ai.glog.service.GlogService getFromGlog
SEVERE: java.lang.IllegalStateException: Expected BEGIN_ARRAY but was BEGIN_OBJECT at line 1 column 2 path $
{"detail":"Invalid token."}
com.google.gson.JsonSyntaxException: java.lang.IllegalStateException: Expected BEGIN_ARRAY but was BEGIN_OBJECT at line 1 column 2 path $
	at com.google.gson.Gson.fromJson(Gson.java:1003)
	at com.google.gson.Gson.fromJson(Gson.java:956)
	at com.google.gson.Gson.fromJson(Gson.java:905)
	at ai.glog.service.GlogService.getFromGlog(GlogService.java:174)
	at ai.glog.execute.workers.TriageAndRemediationCallableWorker.setGeneralRemediation(TriageAndRemediationCallableWorker.java:158)
	at ai.glog.execute.workers.TriageAndRemediationCallableWorker.call(TriageAndRemediationCallableWorker.java:73)
	at ai.glog.execute.workers.TriageAndRemediationCallableWorker.call(TriageAndRemediationCallableWorker.java:31)
	at java.base/java.util.concurrent.FutureTask.run(FutureTask.java:317)
	at java.base/java.util.concurrent.ThreadPoolExecutor.runWorker(ThreadPoolExecutor.java:1144)
	at java.base/java.util.concurrent.ThreadPoolExecutor$Worker.run(ThreadPoolExecutor.java:642)
	at java.base/java.lang.Thread.run(Thread.java:1623)
Caused by: java.lang.IllegalStateException: Expected BEGIN_ARRAY but was BEGIN_OBJECT at line 1 column 2 path $
	at com.google.gson.stream.JsonReader.beginArray(JsonReader.java:350)
	at com.google.gson.internal.bind.ArrayTypeAdapter.read(ArrayTypeAdapter.java:70)
	at com.google.gson.Gson.fromJson(Gson.java:991)
	... 10 more

Oct 06, 2025 5:15:28 PM ai.glog.execute.workers.TriageAndRemediationCallableWorker call
SEVERE: null
java.lang.NullPointerException
	at java.base/java.util.Objects.requireNonNull(Objects.java:233)
	at java.base/java.util.Arrays$ArrayList.<init>(Arrays.java:4234)
	at java.base/java.util.Arrays.asList(Arrays.java:4219)
	at ai.glog.execute.workers.TriageAndRemediationCallableWorker.setGeneralRemediation(TriageAndRemediationCallableWorker.java:162)
	at ai.glog.execute.workers.TriageAndRemediationCallableWorker.call(TriageAndRemediationCallableWorker.java:73)
	at ai.glog.execute.workers.TriageAndRemediationCallableWorker.call(TriageAndRemediationCallableWorker.java:31)
	at java.base/java.util.concurrent.FutureTask.run(FutureTask.java:317)
	at java.base/java.util.concurrent.ThreadPoolExecutor.runWorker(ThreadPoolExecutor.java:1144)
	at java.base/java.util.concurrent.ThreadPoolExecutor$Worker.run(ThreadPoolExecutor.java:642)
	at java.base/java.lang.Thread.run(Thread.java:1623)

Oct 06, 2025 5:15:28 PM ai.glog.service.GlogService getFromGlog
SEVERE: java.lang.IllegalStateException: Expected BEGIN_ARRAY but was BEGIN_OBJECT at line 1 column 2 path $
{"detail":"Invalid token."}
com.google.gson.JsonSyntaxException: java.lang.IllegalStateException: Expected BEGIN_ARRAY but was BEGIN_OBJECT at line 1 column 2 path $
	at com.google.gson.Gson.fromJson(Gson.java:1003)
	at com.google.gson.Gson.fromJson(Gson.java:956)
	at com.google.gson.Gson.fromJson(Gson.java:905)
	at ai.glog.service.GlogService.getFromGlog(GlogService.java:174)
	at ai.glog.execute.workers.TriageAndRemediationCallableWorker.setGeneralRemediation(TriageAndRemediationCallableWorker.java:158)
	at ai.glog.execute.workers.TriageAndRemediationCallableWorker.call(TriageAndRemediationCallableWorker.java:73)
	at ai.glog.execute.workers.TriageAndRemediationCallableWorker.call(TriageAndRemediationCallableWorker.java:31)
	at java.base/java.util.concurrent.FutureTask.run(FutureTask.java:317)
	at java.base/java.util.concurrent.ThreadPoolExecutor.runWorker(ThreadPoolExecutor.java:1144)
	at java.base/java.util.concurrent.ThreadPoolExecutor$Worker.run(ThreadPoolExecutor.java:642)
	at java.base/java.lang.Thread.run(Thread.java:1623)
Caused by: java.lang.IllegalStateException: Expected BEGIN_ARRAY but was BEGIN_OBJECT at line 1 column 2 path $
	at com.google.gson.stream.JsonReader.beginArray(JsonReader.java:350)
	at com.google.gson.internal.bind.ArrayTypeAdapter.read(ArrayTypeAdapter.java:70)
	at com.google.gson.Gson.fromJson(Gson.java:991)
	... 10 more

Oct 06, 2025 5:15:28 PM ai.glog.execute.workers.TriageAndRemediationCallableWorker call
SEVERE: null
java.lang.NullPointerException
	at java.base/java.util.Objects.requireNonNull(Objects.java:233)
	at java.base/java.util.Arrays$ArrayList.<init>(Arrays.java:4234)
	at java.base/java.util.Arrays.asList(Arrays.java:4219)
	at ai.glog.execute.workers.TriageAndRemediationCallableWorker.setGeneralRemediation(TriageAndRemediationCallableWorker.java:162)
	at ai.glog.execute.workers.TriageAndRemediationCallableWorker.call(TriageAndRemediationCallableWorker.java:73)
	at ai.glog.execute.workers.TriageAndRemediationCallableWorker.call(TriageAndRemediationCallableWorker.java:31)
	at java.base/java.util.concurrent.FutureTask.run(FutureTask.java:317)
	at java.base/java.util.concurrent.ThreadPoolExecutor.runWorker(ThreadPoolExecutor.java:1144)
	at java.base/java.util.concurrent.ThreadPoolExecutor$Worker.run(ThreadPoolExecutor.java:642)
	at java.base/java.lang.Thread.run(Thread.java:1623)

Oct 06, 2025 5:15:28 PM ai.glog.service.GlogService getFromGlog
SEVERE: java.lang.IllegalStateException: Expected BEGIN_ARRAY but was BEGIN_OBJECT at line 1 column 2 path $
{"detail":"Invalid token."}
com.google.gson.JsonSyntaxException: java.lang.IllegalStateException: Expected BEGIN_ARRAY but was BEGIN_OBJECT at line 1 column 2 path $
	at com.google.gson.Gson.fromJson(Gson.java:1003)
	at com.google.gson.Gson.fromJson(Gson.java:956)
	at com.google.gson.Gson.fromJson(Gson.java:905)
	at ai.glog.service.GlogService.getFromGlog(GlogService.java:174)
	at ai.glog.execute.workers.TriageAndRemediationCallableWorker.setGeneralRemediation(TriageAndRemediationCallableWorker.java:158)
	at ai.glog.execute.workers.TriageAndRemediationCallableWorker.call(TriageAndRemediationCallableWorker.java:73)
	at ai.glog.execute.workers.TriageAndRemediationCallableWorker.call(TriageAndRemediationCallableWorker.java:31)
	at java.base/java.util.concurrent.FutureTask.run(FutureTask.java:317)
	at java.base/java.util.concurrent.ThreadPoolExecutor.runWorker(ThreadPoolExecutor.java:1144)
	at java.base/java.util.concurrent.ThreadPoolExecutor$Worker.run(ThreadPoolExecutor.java:642)
	at java.base/java.lang.Thread.run(Thread.java:1623)
Caused by: java.lang.IllegalStateException: Expected BEGIN_ARRAY but was BEGIN_OBJECT at line 1 column 2 path $
	at com.google.gson.stream.JsonReader.beginArray(JsonReader.java:350)
	at com.google.gson.internal.bind.ArrayTypeAdapter.read(ArrayTypeAdapter.java:70)
	at com.google.gson.Gson.fromJson(Gson.java:991)
	... 10 more

Oct 06, 2025 5:15:28 PM ai.glog.execute.workers.TriageAndRemediationCallableWorker call
SEVERE: null
java.lang.NullPointerException
	at java.base/java.util.Objects.requireNonNull(Objects.java:233)
	at java.base/java.util.Arrays$ArrayList.<init>(Arrays.java:4234)
	at java.base/java.util.Arrays.asList(Arrays.java:4219)
	at ai.glog.execute.workers.TriageAndRemediationCallableWorker.setGeneralRemediation(TriageAndRemediationCallableWorker.java:162)
	at ai.glog.execute.workers.TriageAndRemediationCallableWorker.call(TriageAndRemediationCallableWorker.java:73)
	at ai.glog.execute.workers.TriageAndRemediationCallableWorker.call(TriageAndRemediationCallableWorker.java:31)
	at java.base/java.util.concurrent.FutureTask.run(FutureTask.java:317)
	at java.base/java.util.concurrent.ThreadPoolExecutor.runWorker(ThreadPoolExecutor.java:1144)
	at java.base/java.util.concurrent.ThreadPoolExecutor$Worker.run(ThreadPoolExecutor.java:642)
	at java.base/java.lang.Thread.run(Thread.java:1623)

Oct 06, 2025 5:15:29 PM ai.glog.service.GlogService getFromGlog
SEVERE: java.lang.IllegalStateException: Expected BEGIN_ARRAY but was BEGIN_OBJECT at line 1 column 2 path $
{"detail":"Invalid token."}
com.google.gson.JsonSyntaxException: java.lang.IllegalStateException: Expected BEGIN_ARRAY but was BEGIN_OBJECT at line 1 column 2 path $
	at com.google.gson.Gson.fromJson(Gson.java:1003)
	at com.google.gson.Gson.fromJson(Gson.java:956)
	at com.google.gson.Gson.fromJson(Gson.java:905)
	at ai.glog.service.GlogService.getFromGlog(GlogService.java:174)
	at ai.glog.execute.workers.TriageAndRemediationCallableWorker.setGeneralRemediation(TriageAndRemediationCallableWorker.java:158)
	at ai.glog.execute.workers.TriageAndRemediationCallableWorker.call(TriageAndRemediationCallableWorker.java:73)
	at ai.glog.execute.workers.TriageAndRemediationCallableWorker.call(TriageAndRemediationCallableWorker.java:31)
	at java.base/java.util.concurrent.FutureTask.run(FutureTask.java:317)
	at java.base/java.util.concurrent.ThreadPoolExecutor.runWorker(ThreadPoolExecutor.java:1144)
	at java.base/java.util.concurrent.ThreadPoolExecutor$Worker.run(ThreadPoolExecutor.java:642)
	at java.base/java.lang.Thread.run(Thread.java:1623)
Caused by: java.lang.IllegalStateException: Expected BEGIN_ARRAY but was BEGIN_OBJECT at line 1 column 2 path $
	at com.google.gson.stream.JsonReader.beginArray(JsonReader.java:350)
	at com.google.gson.internal.bind.ArrayTypeAdapter.read(ArrayTypeAdapter.java:70)
	at com.google.gson.Gson.fromJson(Gson.java:991)
	... 10 more

Oct 06, 2025 5:15:29 PM ai.glog.execute.workers.TriageAndRemediationCallableWorker call
SEVERE: null
java.lang.NullPointerException
	at java.base/java.util.Objects.requireNonNull(Objects.java:233)
	at java.base/java.util.Arrays$ArrayList.<init>(Arrays.java:4234)
	at java.base/java.util.Arrays.asList(Arrays.java:4219)
	at ai.glog.execute.workers.TriageAndRemediationCallableWorker.setGeneralRemediation(TriageAndRemediationCallableWorker.java:162)
	at ai.glog.execute.workers.TriageAndRemediationCallableWorker.call(TriageAndRemediationCallableWorker.java:73)
	at ai.glog.execute.workers.TriageAndRemediationCallableWorker.call(TriageAndRemediationCallableWorker.java:31)
	at java.base/java.util.concurrent.FutureTask.run(FutureTask.java:317)
	at java.base/java.util.concurrent.ThreadPoolExecutor.runWorker(ThreadPoolExecutor.java:1144)
	at java.base/java.util.concurrent.ThreadPoolExecutor$Worker.run(ThreadPoolExecutor.java:642)
	at java.base/java.lang.Thread.run(Thread.java:1623)

Oct 06, 2025 5:15:29 PM ai.glog.service.GlogService getFromGlog
SEVERE: java.lang.IllegalStateException: Expected BEGIN_ARRAY but was BEGIN_OBJECT at line 1 column 2 path $
{"detail":"Invalid token."}
com.google.gson.JsonSyntaxException: java.lang.IllegalStateException: Expected BEGIN_ARRAY but was BEGIN_OBJECT at line 1 column 2 path $
	at com.google.gson.Gson.fromJson(Gson.java:1003)
	at com.google.gson.Gson.fromJson(Gson.java:956)
	at com.google.gson.Gson.fromJson(Gson.java:905)
	at ai.glog.service.GlogService.getFromGlog(GlogService.java:174)
	at ai.glog.execute.workers.TriageAndRemediationCallableWorker.setGeneralRemediation(TriageAndRemediationCallableWorker.java:158)
	at ai.glog.execute.workers.TriageAndRemediationCallableWorker.call(TriageAndRemediationCallableWorker.java:73)
	at ai.glog.execute.workers.TriageAndRemediationCallableWorker.call(TriageAndRemediationCallableWorker.java:31)
	at java.base/java.util.concurrent.FutureTask.run(FutureTask.java:317)
	at java.base/java.util.concurrent.ThreadPoolExecutor.runWorker(ThreadPoolExecutor.java:1144)
	at java.base/java.util.concurrent.ThreadPoolExecutor$Worker.run(ThreadPoolExecutor.java:642)
	at java.base/java.lang.Thread.run(Thread.java:1623)
Caused by: java.lang.IllegalStateException: Expected BEGIN_ARRAY but was BEGIN_OBJECT at line 1 column 2 path $
	at com.google.gson.stream.JsonReader.beginArray(JsonReader.java:350)
	at com.google.gson.internal.bind.ArrayTypeAdapter.read(ArrayTypeAdapter.java:70)
	at com.google.gson.Gson.fromJson(Gson.java:991)
	... 10 more

Oct 06, 2025 5:15:29 PM ai.glog.execute.workers.TriageAndRemediationCallableWorker call
SEVERE: null
java.lang.NullPointerException
	at java.base/java.util.Objects.requireNonNull(Objects.java:233)
	at java.base/java.util.Arrays$ArrayList.<init>(Arrays.java:4234)
	at java.base/java.util.Arrays.asList(Arrays.java:4219)
	at ai.glog.execute.workers.TriageAndRemediationCallableWorker.setGeneralRemediation(TriageAndRemediationCallableWorker.java:162)
	at ai.glog.execute.workers.TriageAndRemediationCallableWorker.call(TriageAndRemediationCallableWorker.java:73)
	at ai.glog.execute.workers.TriageAndRemediationCallableWorker.call(TriageAndRemediationCallableWorker.java:31)
	at java.base/java.util.concurrent.FutureTask.run(FutureTask.java:317)
	at java.base/java.util.concurrent.ThreadPoolExecutor.runWorker(ThreadPoolExecutor.java:1144)
	at java.base/java.util.concurrent.ThreadPoolExecutor$Worker.run(ThreadPoolExecutor.java:642)
	at java.base/java.lang.Thread.run(Thread.java:1623)

Oct 06, 2025 5:15:29 PM ai.glog.service.GlogService getFromGlog
SEVERE: java.lang.IllegalStateException: Expected BEGIN_ARRAY but was BEGIN_OBJECT at line 1 column 2 path $
{"detail":"Invalid token."}
com.google.gson.JsonSyntaxException: java.lang.IllegalStateException: Expected BEGIN_ARRAY but was BEGIN_OBJECT at line 1 column 2 path $
	at com.google.gson.Gson.fromJson(Gson.java:1003)
	at com.google.gson.Gson.fromJson(Gson.java:956)
	at com.google.gson.Gson.fromJson(Gson.java:905)
	at ai.glog.service.GlogService.getFromGlog(GlogService.java:174)
	at ai.glog.execute.workers.TriageAndRemediationCallableWorker.setGeneralRemediation(TriageAndRemediationCallableWorker.java:158)
	at ai.glog.execute.workers.TriageAndRemediationCallableWorker.call(TriageAndRemediationCallableWorker.java:73)
	at ai.glog.execute.workers.TriageAndRemediationCallableWorker.call(TriageAndRemediationCallableWorker.java:31)
	at java.base/java.util.concurrent.FutureTask.run(FutureTask.java:317)
	at java.base/java.util.concurrent.ThreadPoolExecutor.runWorker(ThreadPoolExecutor.java:1144)
	at java.base/java.util.concurrent.ThreadPoolExecutor$Worker.run(ThreadPoolExecutor.java:642)
	at java.base/java.lang.Thread.run(Thread.java:1623)
Caused by: java.lang.IllegalStateException: Expected BEGIN_ARRAY but was BEGIN_OBJECT at line 1 column 2 path $
	at com.google.gson.stream.JsonReader.beginArray(JsonReader.java:350)
	at com.google.gson.internal.bind.ArrayTypeAdapter.read(ArrayTypeAdapter.java:70)
	at com.google.gson.Gson.fromJson(Gson.java:991)
	... 10 more

Oct 06, 2025 5:15:29 PM ai.glog.execute.workers.TriageAndRemediationCallableWorker call
SEVERE: null
java.lang.NullPointerException
	at java.base/java.util.Objects.requireNonNull(Objects.java:233)
	at java.base/java.util.Arrays$ArrayList.<init>(Arrays.java:4234)
	at java.base/java.util.Arrays.asList(Arrays.java:4219)
	at ai.glog.execute.workers.TriageAndRemediationCallableWorker.setGeneralRemediation(TriageAndRemediationCallableWorker.java:162)
	at ai.glog.execute.workers.TriageAndRemediationCallableWorker.call(TriageAndRemediationCallableWorker.java:73)
	at ai.glog.execute.workers.TriageAndRemediationCallableWorker.call(TriageAndRemediationCallableWorker.java:31)
	at java.base/java.util.concurrent.FutureTask.run(FutureTask.java:317)
	at java.base/java.util.concurrent.ThreadPoolExecutor.runWorker(ThreadPoolExecutor.java:1144)
	at java.base/java.util.concurrent.ThreadPoolExecutor$Worker.run(ThreadPoolExecutor.java:642)
	at java.base/java.lang.Thread.run(Thread.java:1623)

Oct 06, 2025 5:15:29 PM ai.glog.service.GlogService getFromGlog
SEVERE: java.lang.IllegalStateException: Expected BEGIN_ARRAY but was BEGIN_OBJECT at line 1 column 2 path $
{"detail":"Invalid token."}
com.google.gson.JsonSyntaxException: java.lang.IllegalStateException: Expected BEGIN_ARRAY but was BEGIN_OBJECT at line 1 column 2 path $
	at com.google.gson.Gson.fromJson(Gson.java:1003)
	at com.google.gson.Gson.fromJson(Gson.java:956)
	at com.google.gson.Gson.fromJson(Gson.java:905)
	at ai.glog.service.GlogService.getFromGlog(GlogService.java:174)
	at ai.glog.execute.workers.TriageAndRemediationCallableWorker.setGeneralRemediation(TriageAndRemediationCallableWorker.java:158)
	at ai.glog.execute.workers.TriageAndRemediationCallableWorker.call(TriageAndRemediationCallableWorker.java:73)
	at ai.glog.execute.workers.TriageAndRemediationCallableWorker.call(TriageAndRemediationCallableWorker.java:31)
	at java.base/java.util.concurrent.FutureTask.run(FutureTask.java:317)
	at java.base/java.util.concurrent.ThreadPoolExecutor.runWorker(ThreadPoolExecutor.java:1144)
	at java.base/java.util.concurrent.ThreadPoolExecutor$Worker.run(ThreadPoolExecutor.java:642)
	at java.base/java.lang.Thread.run(Thread.java:1623)
Caused by: java.lang.IllegalStateException: Expected BEGIN_ARRAY but was BEGIN_OBJECT at line 1 column 2 path $
	at com.google.gson.stream.JsonReader.beginArray(JsonReader.java:350)
	at com.google.gson.internal.bind.ArrayTypeAdapter.read(ArrayTypeAdapter.java:70)
	at com.google.gson.Gson.fromJson(Gson.java:991)
	... 10 more

Oct 06, 2025 5:15:29 PM ai.glog.execute.workers.TriageAndRemediationCallableWorker call
SEVERE: null
java.lang.NullPointerException
	at java.base/java.util.Objects.requireNonNull(Objects.java:233)
	at java.base/java.util.Arrays$ArrayList.<init>(Arrays.java:4234)
	at java.base/java.util.Arrays.asList(Arrays.java:4219)
	at ai.glog.execute.workers.TriageAndRemediationCallableWorker.setGeneralRemediation(TriageAndRemediationCallableWorker.java:162)
	at ai.glog.execute.workers.TriageAndRemediationCallableWorker.call(TriageAndRemediationCallableWorker.java:73)
	at ai.glog.execute.workers.TriageAndRemediationCallableWorker.call(TriageAndRemediationCallableWorker.java:31)
	at java.base/java.util.concurrent.FutureTask.run(FutureTask.java:317)
	at java.base/java.util.concurrent.ThreadPoolExecutor.runWorker(ThreadPoolExecutor.java:1144)
	at java.base/java.util.concurrent.ThreadPoolExecutor$Worker.run(ThreadPoolExecutor.java:642)
	at java.base/java.lang.Thread.run(Thread.java:1623)

Oct 06, 2025 5:15:29 PM ai.glog.service.GlogService getFromGlog
SEVERE: java.lang.IllegalStateException: Expected BEGIN_ARRAY but was BEGIN_OBJECT at line 1 column 2 path $
{"detail":"Invalid token."}
com.google.gson.JsonSyntaxException: java.lang.IllegalStateException: Expected BEGIN_ARRAY but was BEGIN_OBJECT at line 1 column 2 path $
	at com.google.gson.Gson.fromJson(Gson.java:1003)
	at com.google.gson.Gson.fromJson(Gson.java:956)
	at com.google.gson.Gson.fromJson(Gson.java:905)
	at ai.glog.service.GlogService.getFromGlog(GlogService.java:174)
	at ai.glog.execute.workers.TriageAndRemediationCallableWorker.setGeneralRemediation(TriageAndRemediationCallableWorker.java:158)
	at ai.glog.execute.workers.TriageAndRemediationCallableWorker.call(TriageAndRemediationCallableWorker.java:73)
	at ai.glog.execute.workers.TriageAndRemediationCallableWorker.call(TriageAndRemediationCallableWorker.java:31)
	at java.base/java.util.concurrent.FutureTask.run(FutureTask.java:317)
	at java.base/java.util.concurrent.ThreadPoolExecutor.runWorker(ThreadPoolExecutor.java:1144)
	at java.base/java.util.concurrent.ThreadPoolExecutor$Worker.run(ThreadPoolExecutor.java:642)
	at java.base/java.lang.Thread.run(Thread.java:1623)
Caused by: java.lang.IllegalStateException: Expected BEGIN_ARRAY but was BEGIN_OBJECT at line 1 column 2 path $
	at com.google.gson.stream.JsonReader.beginArray(JsonReader.java:350)
	at com.google.gson.internal.bind.ArrayTypeAdapter.read(ArrayTypeAdapter.java:70)
	at com.google.gson.Gson.fromJson(Gson.java:991)
	... 10 more

Oct 06, 2025 5:15:29 PM ai.glog.execute.workers.TriageAndRemediationCallableWorker call
SEVERE: null
java.lang.NullPointerException
	at java.base/java.util.Objects.requireNonNull(Objects.java:233)
	at java.base/java.util.Arrays$ArrayList.<init>(Arrays.java:4234)
	at java.base/java.util.Arrays.asList(Arrays.java:4219)
	at ai.glog.execute.workers.TriageAndRemediationCallableWorker.setGeneralRemediation(TriageAndRemediationCallableWorker.java:162)
	at ai.glog.execute.workers.TriageAndRemediationCallableWorker.call(TriageAndRemediationCallableWorker.java:73)
	at ai.glog.execute.workers.TriageAndRemediationCallableWorker.call(TriageAndRemediationCallableWorker.java:31)
	at java.base/java.util.concurrent.FutureTask.run(FutureTask.java:317)
	at java.base/java.util.concurrent.ThreadPoolExecutor.runWorker(ThreadPoolExecutor.java:1144)
	at java.base/java.util.concurrent.ThreadPoolExecutor$Worker.run(ThreadPoolExecutor.java:642)
	at java.base/java.lang.Thread.run(Thread.java:1623)

Oct 06, 2025 5:15:30 PM ai.glog.service.GlogService getFromGlog
SEVERE: java.lang.IllegalStateException: Expected BEGIN_ARRAY but was BEGIN_OBJECT at line 1 column 2 path $
{"detail":"Invalid token."}
com.google.gson.JsonSyntaxException: java.lang.IllegalStateException: Expected BEGIN_ARRAY but was BEGIN_OBJECT at line 1 column 2 path $
	at com.google.gson.Gson.fromJson(Gson.java:1003)
	at com.google.gson.Gson.fromJson(Gson.java:956)
	at com.google.gson.Gson.fromJson(Gson.java:905)
	at ai.glog.service.GlogService.getFromGlog(GlogService.java:174)
	at ai.glog.execute.workers.TriageAndRemediationCallableWorker.setGeneralRemediation(TriageAndRemediationCallableWorker.java:158)
	at ai.glog.execute.workers.TriageAndRemediationCallableWorker.call(TriageAndRemediationCallableWorker.java:73)
	at ai.glog.execute.workers.TriageAndRemediationCallableWorker.call(TriageAndRemediationCallableWorker.java:31)
	at java.base/java.util.concurrent.FutureTask.run(FutureTask.java:317)
	at java.base/java.util.concurrent.ThreadPoolExecutor.runWorker(ThreadPoolExecutor.java:1144)
	at java.base/java.util.concurrent.ThreadPoolExecutor$Worker.run(ThreadPoolExecutor.java:642)
	at java.base/java.lang.Thread.run(Thread.java:1623)
Caused by: java.lang.IllegalStateException: Expected BEGIN_ARRAY but was BEGIN_OBJECT at line 1 column 2 path $
	at com.google.gson.stream.JsonReader.beginArray(JsonReader.java:350)
	at com.google.gson.internal.bind.ArrayTypeAdapter.read(ArrayTypeAdapter.java:70)
	at com.google.gson.Gson.fromJson(Gson.java:991)
	... 10 more

Oct 06, 2025 5:15:30 PM ai.glog.execute.workers.TriageAndRemediationCallableWorker call
SEVERE: null
java.lang.NullPointerException
	at java.base/java.util.Objects.requireNonNull(Objects.java:233)
	at java.base/java.util.Arrays$ArrayList.<init>(Arrays.java:4234)
	at java.base/java.util.Arrays.asList(Arrays.java:4219)
	at ai.glog.execute.workers.TriageAndRemediationCallableWorker.setGeneralRemediation(TriageAndRemediationCallableWorker.java:162)
	at ai.glog.execute.workers.TriageAndRemediationCallableWorker.call(TriageAndRemediationCallableWorker.java:73)
	at ai.glog.execute.workers.TriageAndRemediationCallableWorker.call(TriageAndRemediationCallableWorker.java:31)
	at java.base/java.util.concurrent.FutureTask.run(FutureTask.java:317)
	at java.base/java.util.concurrent.ThreadPoolExecutor.runWorker(ThreadPoolExecutor.java:1144)
	at java.base/java.util.concurrent.ThreadPoolExecutor$Worker.run(ThreadPoolExecutor.java:642)
	at java.base/java.lang.Thread.run(Thread.java:1623)

Oct 06, 2025 5:15:30 PM ai.glog.service.GlogService getFromGlog
SEVERE: java.lang.IllegalStateException: Expected BEGIN_ARRAY but was BEGIN_OBJECT at line 1 column 2 path $
{"detail":"Invalid token."}
com.google.gson.JsonSyntaxException: java.lang.IllegalStateException: Expected BEGIN_ARRAY but was BEGIN_OBJECT at line 1 column 2 path $
	at com.google.gson.Gson.fromJson(Gson.java:1003)
	at com.google.gson.Gson.fromJson(Gson.java:956)
	at com.google.gson.Gson.fromJson(Gson.java:905)
	at ai.glog.service.GlogService.getFromGlog(GlogService.java:174)
	at ai.glog.execute.workers.TriageAndRemediationCallableWorker.setGeneralRemediation(TriageAndRemediationCallableWorker.java:158)
	at ai.glog.execute.workers.TriageAndRemediationCallableWorker.call(TriageAndRemediationCallableWorker.java:73)
	at ai.glog.execute.workers.TriageAndRemediationCallableWorker.call(TriageAndRemediationCallableWorker.java:31)
	at java.base/java.util.concurrent.FutureTask.run(FutureTask.java:317)
	at java.base/java.util.concurrent.ThreadPoolExecutor.runWorker(ThreadPoolExecutor.java:1144)
	at java.base/java.util.concurrent.ThreadPoolExecutor$Worker.run(ThreadPoolExecutor.java:642)
	at java.base/java.lang.Thread.run(Thread.java:1623)
Caused by: java.lang.IllegalStateException: Expected BEGIN_ARRAY but was BEGIN_OBJECT at line 1 column 2 path $
	at com.google.gson.stream.JsonReader.beginArray(JsonReader.java:350)
	at com.google.gson.internal.bind.ArrayTypeAdapter.read(ArrayTypeAdapter.java:70)
	at com.google.gson.Gson.fromJson(Gson.java:991)
	... 10 more

Oct 06, 2025 5:15:30 PM ai.glog.execute.workers.TriageAndRemediationCallableWorker call
SEVERE: null
java.lang.NullPointerException
	at java.base/java.util.Objects.requireNonNull(Objects.java:233)
	at java.base/java.util.Arrays$ArrayList.<init>(Arrays.java:4234)
	at java.base/java.util.Arrays.asList(Arrays.java:4219)
	at ai.glog.execute.workers.TriageAndRemediationCallableWorker.setGeneralRemediation(TriageAndRemediationCallableWorker.java:162)
	at ai.glog.execute.workers.TriageAndRemediationCallableWorker.call(TriageAndRemediationCallableWorker.java:73)
	at ai.glog.execute.workers.TriageAndRemediationCallableWorker.call(TriageAndRemediationCallableWorker.java:31)
	at java.base/java.util.concurrent.FutureTask.run(FutureTask.java:317)
	at java.base/java.util.concurrent.ThreadPoolExecutor.runWorker(ThreadPoolExecutor.java:1144)
	at java.base/java.util.concurrent.ThreadPoolExecutor$Worker.run(ThreadPoolExecutor.java:642)
	at java.base/java.lang.Thread.run(Thread.java:1623)

Oct 06, 2025 5:15:30 PM ai.glog.service.GlogService getFromGlog
SEVERE: java.lang.IllegalStateException: Expected BEGIN_ARRAY but was BEGIN_OBJECT at line 1 column 2 path $
{"detail":"Invalid token."}
com.google.gson.JsonSyntaxException: java.lang.IllegalStateException: Expected BEGIN_ARRAY but was BEGIN_OBJECT at line 1 column 2 path $
	at com.google.gson.Gson.fromJson(Gson.java:1003)
	at com.google.gson.Gson.fromJson(Gson.java:956)
	at com.google.gson.Gson.fromJson(Gson.java:905)
	at ai.glog.service.GlogService.getFromGlog(GlogService.java:174)
	at ai.glog.execute.workers.TriageAndRemediationCallableWorker.setGeneralRemediation(TriageAndRemediationCallableWorker.java:158)
	at ai.glog.execute.workers.TriageAndRemediationCallableWorker.call(TriageAndRemediationCallableWorker.java:73)
	at ai.glog.execute.workers.TriageAndRemediationCallableWorker.call(TriageAndRemediationCallableWorker.java:31)
	at java.base/java.util.concurrent.FutureTask.run(FutureTask.java:317)
	at java.base/java.util.concurrent.ThreadPoolExecutor.runWorker(ThreadPoolExecutor.java:1144)
	at java.base/java.util.concurrent.ThreadPoolExecutor$Worker.run(ThreadPoolExecutor.java:642)
	at java.base/java.lang.Thread.run(Thread.java:1623)
Caused by: java.lang.IllegalStateException: Expected BEGIN_ARRAY but was BEGIN_OBJECT at line 1 column 2 path $
	at com.google.gson.stream.JsonReader.beginArray(JsonReader.java:350)
	at com.google.gson.internal.bind.ArrayTypeAdapter.read(ArrayTypeAdapter.java:70)
	at com.google.gson.Gson.fromJson(Gson.java:991)
	... 10 more

Oct 06, 2025 5:15:30 PM ai.glog.execute.workers.TriageAndRemediationCallableWorker call
SEVERE: null
java.lang.NullPointerException
	at java.base/java.util.Objects.requireNonNull(Objects.java:233)
	at java.base/java.util.Arrays$ArrayList.<init>(Arrays.java:4234)
	at java.base/java.util.Arrays.asList(Arrays.java:4219)
	at ai.glog.execute.workers.TriageAndRemediationCallableWorker.setGeneralRemediation(TriageAndRemediationCallableWorker.java:162)
	at ai.glog.execute.workers.TriageAndRemediationCallableWorker.call(TriageAndRemediationCallableWorker.java:73)
	at ai.glog.execute.workers.TriageAndRemediationCallableWorker.call(TriageAndRemediationCallableWorker.java:31)
	at java.base/java.util.concurrent.FutureTask.run(FutureTask.java:317)
	at java.base/java.util.concurrent.ThreadPoolExecutor.runWorker(ThreadPoolExecutor.java:1144)
	at java.base/java.util.concurrent.ThreadPoolExecutor$Worker.run(ThreadPoolExecutor.java:642)
	at java.base/java.lang.Thread.run(Thread.java:1623)

Oct 06, 2025 5:15:31 PM ai.glog.service.GlogService getFromGlog
SEVERE: java.lang.IllegalStateException: Expected BEGIN_ARRAY but was BEGIN_OBJECT at line 1 column 2 path $
{"detail":"Invalid token."}
com.google.gson.JsonSyntaxException: java.lang.IllegalStateException: Expected BEGIN_ARRAY but was BEGIN_OBJECT at line 1 column 2 path $
	at com.google.gson.Gson.fromJson(Gson.java:1003)
	at com.google.gson.Gson.fromJson(Gson.java:956)
	at com.google.gson.Gson.fromJson(Gson.java:905)
	at ai.glog.service.GlogService.getFromGlog(GlogService.java:174)
	at ai.glog.execute.workers.TriageAndRemediationCallableWorker.setGeneralRemediation(TriageAndRemediationCallableWorker.java:158)
	at ai.glog.execute.workers.TriageAndRemediationCallableWorker.call(TriageAndRemediationCallableWorker.java:73)
	at ai.glog.execute.workers.TriageAndRemediationCallableWorker.call(TriageAndRemediationCallableWorker.java:31)
	at java.base/java.util.concurrent.FutureTask.run(FutureTask.java:317)
	at java.base/java.util.concurrent.ThreadPoolExecutor.runWorker(ThreadPoolExecutor.java:1144)
	at java.base/java.util.concurrent.ThreadPoolExecutor$Worker.run(ThreadPoolExecutor.java:642)
	at java.base/java.lang.Thread.run(Thread.java:1623)
Caused by: java.lang.IllegalStateException: Expected BEGIN_ARRAY but was BEGIN_OBJECT at line 1 column 2 path $
	at com.google.gson.stream.JsonReader.beginArray(JsonReader.java:350)
	at com.google.gson.internal.bind.ArrayTypeAdapter.read(ArrayTypeAdapter.java:70)
	at com.google.gson.Gson.fromJson(Gson.java:991)
	... 10 more

Oct 06, 2025 5:15:31 PM ai.glog.execute.workers.TriageAndRemediationCallableWorker call
SEVERE: null
java.lang.NullPointerException
	at java.base/java.util.Objects.requireNonNull(Objects.java:233)
	at java.base/java.util.Arrays$ArrayList.<init>(Arrays.java:4234)
	at java.base/java.util.Arrays.asList(Arrays.java:4219)
	at ai.glog.execute.workers.TriageAndRemediationCallableWorker.setGeneralRemediation(TriageAndRemediationCallableWorker.java:162)
	at ai.glog.execute.workers.TriageAndRemediationCallableWorker.call(TriageAndRemediationCallableWorker.java:73)
	at ai.glog.execute.workers.TriageAndRemediationCallableWorker.call(TriageAndRemediationCallableWorker.java:31)
	at java.base/java.util.concurrent.FutureTask.run(FutureTask.java:317)
	at java.base/java.util.concurrent.ThreadPoolExecutor.runWorker(ThreadPoolExecutor.java:1144)
	at java.base/java.util.concurrent.ThreadPoolExecutor$Worker.run(ThreadPoolExecutor.java:642)
	at java.base/java.lang.Thread.run(Thread.java:1623)

Oct 06, 2025 5:15:31 PM ai.glog.service.GlogService getFromGlog
SEVERE: java.lang.IllegalStateException: Expected BEGIN_ARRAY but was BEGIN_OBJECT at line 1 column 2 path $
{"detail":"Invalid token."}
com.google.gson.JsonSyntaxException: java.lang.IllegalStateException: Expected BEGIN_ARRAY but was BEGIN_OBJECT at line 1 column 2 path $
	at com.google.gson.Gson.fromJson(Gson.java:1003)
	at com.google.gson.Gson.fromJson(Gson.java:956)
	at com.google.gson.Gson.fromJson(Gson.java:905)
	at ai.glog.service.GlogService.getFromGlog(GlogService.java:174)
	at ai.glog.execute.workers.TriageAndRemediationCallableWorker.setGeneralRemediation(TriageAndRemediationCallableWorker.java:158)
	at ai.glog.execute.workers.TriageAndRemediationCallableWorker.call(TriageAndRemediationCallableWorker.java:73)
	at ai.glog.execute.workers.TriageAndRemediationCallableWorker.call(TriageAndRemediationCallableWorker.java:31)
	at java.base/java.util.concurrent.FutureTask.run(FutureTask.java:317)
	at java.base/java.util.concurrent.ThreadPoolExecutor.runWorker(ThreadPoolExecutor.java:1144)
	at java.base/java.util.concurrent.ThreadPoolExecutor$Worker.run(ThreadPoolExecutor.java:642)
	at java.base/java.lang.Thread.run(Thread.java:1623)
Caused by: java.lang.IllegalStateException: Expected BEGIN_ARRAY but was BEGIN_OBJECT at line 1 column 2 path $
	at com.google.gson.stream.JsonReader.beginArray(JsonReader.java:350)
	at com.google.gson.internal.bind.ArrayTypeAdapter.read(ArrayTypeAdapter.java:70)
	at com.google.gson.Gson.fromJson(Gson.java:991)
	... 10 more

Oct 06, 2025 5:15:31 PM ai.glog.execute.workers.TriageAndRemediationCallableWorker call
SEVERE: null
java.lang.NullPointerException
	at java.base/java.util.Objects.requireNonNull(Objects.java:233)
	at java.base/java.util.Arrays$ArrayList.<init>(Arrays.java:4234)
	at java.base/java.util.Arrays.asList(Arrays.java:4219)
	at ai.glog.execute.workers.TriageAndRemediationCallableWorker.setGeneralRemediation(TriageAndRemediationCallableWorker.java:162)
	at ai.glog.execute.workers.TriageAndRemediationCallableWorker.call(TriageAndRemediationCallableWorker.java:73)
	at ai.glog.execute.workers.TriageAndRemediationCallableWorker.call(TriageAndRemediationCallableWorker.java:31)
	at java.base/java.util.concurrent.FutureTask.run(FutureTask.java:317)
	at java.base/java.util.concurrent.ThreadPoolExecutor.runWorker(ThreadPoolExecutor.java:1144)
	at java.base/java.util.concurrent.ThreadPoolExecutor$Worker.run(ThreadPoolExecutor.java:642)
	at java.base/java.lang.Thread.run(Thread.java:1623)

Oct 06, 2025 5:15:32 PM ai.glog.service.GlogService getFromGlog
SEVERE: java.lang.IllegalStateException: Expected BEGIN_ARRAY but was BEGIN_OBJECT at line 1 column 2 path $
{"detail":"Invalid token."}
com.google.gson.JsonSyntaxException: java.lang.IllegalStateException: Expected BEGIN_ARRAY but was BEGIN_OBJECT at line 1 column 2 path $
	at com.google.gson.Gson.fromJson(Gson.java:1003)
	at com.google.gson.Gson.fromJson(Gson.java:956)
	at com.google.gson.Gson.fromJson(Gson.java:905)
	at ai.glog.service.GlogService.getFromGlog(GlogService.java:174)
	at ai.glog.execute.workers.TriageAndRemediationCallableWorker.setGeneralRemediation(TriageAndRemediationCallableWorker.java:158)
	at ai.glog.execute.workers.TriageAndRemediationCallableWorker.call(TriageAndRemediationCallableWorker.java:73)
	at ai.glog.execute.workers.TriageAndRemediationCallableWorker.call(TriageAndRemediationCallableWorker.java:31)
	at java.base/java.util.concurrent.FutureTask.run(FutureTask.java:317)
	at java.base/java.util.concurrent.ThreadPoolExecutor.runWorker(ThreadPoolExecutor.java:1144)
	at java.base/java.util.concurrent.ThreadPoolExecutor$Worker.run(ThreadPoolExecutor.java:642)
	at java.base/java.lang.Thread.run(Thread.java:1623)
Caused by: java.lang.IllegalStateException: Expected BEGIN_ARRAY but was BEGIN_OBJECT at line 1 column 2 path $
	at com.google.gson.stream.JsonReader.beginArray(JsonReader.java:350)
	at com.google.gson.internal.bind.ArrayTypeAdapter.read(ArrayTypeAdapter.java:70)
	at com.google.gson.Gson.fromJson(Gson.java:991)
	... 10 more

Oct 06, 2025 5:15:32 PM ai.glog.execute.workers.TriageAndRemediationCallableWorker call
SEVERE: null
java.lang.NullPointerException
	at java.base/java.util.Objects.requireNonNull(Objects.java:233)
	at java.base/java.util.Arrays$ArrayList.<init>(Arrays.java:4234)
	at java.base/java.util.Arrays.asList(Arrays.java:4219)
	at ai.glog.execute.workers.TriageAndRemediationCallableWorker.setGeneralRemediation(TriageAndRemediationCallableWorker.java:162)
	at ai.glog.execute.workers.TriageAndRemediationCallableWorker.call(TriageAndRemediationCallableWorker.java:73)
	at ai.glog.execute.workers.TriageAndRemediationCallableWorker.call(TriageAndRemediationCallableWorker.java:31)
	at java.base/java.util.concurrent.FutureTask.run(FutureTask.java:317)
	at java.base/java.util.concurrent.ThreadPoolExecutor.runWorker(ThreadPoolExecutor.java:1144)
	at java.base/java.util.concurrent.ThreadPoolExecutor$Worker.run(ThreadPoolExecutor.java:642)
	at java.base/java.lang.Thread.run(Thread.java:1623)

Oct 06, 2025 5:15:42 PM ai.glog.service.GlogService getFromGlog
SEVERE: java.lang.IllegalStateException: Expected BEGIN_ARRAY but was BEGIN_OBJECT at line 1 column 2 path $
{"detail":"Invalid token."}
com.google.gson.JsonSyntaxException: java.lang.IllegalStateException: Expected BEGIN_ARRAY but was BEGIN_OBJECT at line 1 column 2 path $
	at com.google.gson.Gson.fromJson(Gson.java:1003)
	at com.google.gson.Gson.fromJson(Gson.java:956)
	at com.google.gson.Gson.fromJson(Gson.java:905)
	at ai.glog.service.GlogService.getFromGlog(GlogService.java:174)
	at ai.glog.execute.workers.TriageAndRemediationCallableWorker.setGeneralRemediation(TriageAndRemediationCallableWorker.java:158)
	at ai.glog.execute.workers.TriageAndRemediationCallableWorker.call(TriageAndRemediationCallableWorker.java:73)
	at ai.glog.execute.workers.TriageAndRemediationCallableWorker.call(TriageAndRemediationCallableWorker.java:31)
	at java.base/java.util.concurrent.FutureTask.run(FutureTask.java:317)
	at java.base/java.util.concurrent.ThreadPoolExecutor.runWorker(ThreadPoolExecutor.java:1144)
	at java.base/java.util.concurrent.ThreadPoolExecutor$Worker.run(ThreadPoolExecutor.java:642)
	at java.base/java.lang.Thread.run(Thread.java:1623)
Caused by: java.lang.IllegalStateException: Expected BEGIN_ARRAY but was BEGIN_OBJECT at line 1 column 2 path $
	at com.google.gson.stream.JsonReader.beginArray(JsonReader.java:350)
	at com.google.gson.internal.bind.ArrayTypeAdapter.read(ArrayTypeAdapter.java:70)
	at com.google.gson.Gson.fromJson(Gson.java:991)
	... 10 more

Oct 06, 2025 5:15:42 PM ai.glog.execute.workers.TriageAndRemediationCallableWorker call
SEVERE: null
java.lang.NullPointerException
	at java.base/java.util.Objects.requireNonNull(Objects.java:233)
	at java.base/java.util.Arrays$ArrayList.<init>(Arrays.java:4234)
	at java.base/java.util.Arrays.asList(Arrays.java:4219)
	at ai.glog.execute.workers.TriageAndRemediationCallableWorker.setGeneralRemediation(TriageAndRemediationCallableWorker.java:162)
	at ai.glog.execute.workers.TriageAndRemediationCallableWorker.call(TriageAndRemediationCallableWorker.java:73)
	at ai.glog.execute.workers.TriageAndRemediationCallableWorker.call(TriageAndRemediationCallableWorker.java:31)
	at java.base/java.util.concurrent.FutureTask.run(FutureTask.java:317)
	at java.base/java.util.concurrent.ThreadPoolExecutor.runWorker(ThreadPoolExecutor.java:1144)
	at java.base/java.util.concurrent.ThreadPoolExecutor$Worker.run(ThreadPoolExecutor.java:642)
	at java.base/java.lang.Thread.run(Thread.java:1623)

Oct 06, 2025 5:15:52 PM ai.glog.service.GlogService getFromGlog
SEVERE: java.lang.IllegalStateException: Expected BEGIN_ARRAY but was BEGIN_OBJECT at line 1 column 2 path $
{"detail":"Invalid token."}
com.google.gson.JsonSyntaxException: java.lang.IllegalStateException: Expected BEGIN_ARRAY but was BEGIN_OBJECT at line 1 column 2 path $
	at com.google.gson.Gson.fromJson(Gson.java:1003)
	at com.google.gson.Gson.fromJson(Gson.java:956)
	at com.google.gson.Gson.fromJson(Gson.java:905)
	at ai.glog.service.GlogService.getFromGlog(GlogService.java:174)
	at ai.glog.execute.workers.TriageAndRemediationCallableWorker.setGeneralRemediation(TriageAndRemediationCallableWorker.java:158)
	at ai.glog.execute.workers.TriageAndRemediationCallableWorker.call(TriageAndRemediationCallableWorker.java:73)
	at ai.glog.execute.workers.TriageAndRemediationCallableWorker.call(TriageAndRemediationCallableWorker.java:31)
	at java.base/java.util.concurrent.FutureTask.run(FutureTask.java:317)
	at java.base/java.util.concurrent.ThreadPoolExecutor.runWorker(ThreadPoolExecutor.java:1144)
	at java.base/java.util.concurrent.ThreadPoolExecutor$Worker.run(ThreadPoolExecutor.java:642)
	at java.base/java.lang.Thread.run(Thread.java:1623)
Caused by: java.lang.IllegalStateException: Expected BEGIN_ARRAY but was BEGIN_OBJECT at line 1 column 2 path $
	at com.google.gson.stream.JsonReader.beginArray(JsonReader.java:350)
	at com.google.gson.internal.bind.ArrayTypeAdapter.read(ArrayTypeAdapter.java:70)
	at com.google.gson.Gson.fromJson(Gson.java:991)
	... 10 more

Oct 06, 2025 5:15:52 PM ai.glog.execute.workers.TriageAndRemediationCallableWorker call
SEVERE: null
java.lang.NullPointerException
	at java.base/java.util.Objects.requireNonNull(Objects.java:233)
	at java.base/java.util.Arrays$ArrayList.<init>(Arrays.java:4234)
	at java.base/java.util.Arrays.asList(Arrays.java:4219)
	at ai.glog.execute.workers.TriageAndRemediationCallableWorker.setGeneralRemediation(TriageAndRemediationCallableWorker.java:162)
	at ai.glog.execute.workers.TriageAndRemediationCallableWorker.call(TriageAndRemediationCallableWorker.java:73)
	at ai.glog.execute.workers.TriageAndRemediationCallableWorker.call(TriageAndRemediationCallableWorker.java:31)
	at java.base/java.util.concurrent.FutureTask.run(FutureTask.java:317)
	at java.base/java.util.concurrent.ThreadPoolExecutor.runWorker(ThreadPoolExecutor.java:1144)
	at java.base/java.util.concurrent.ThreadPoolExecutor$Worker.run(ThreadPoolExecutor.java:642)
	at java.base/java.lang.Thread.run(Thread.java:1623)

Oct 06, 2025 5:15:53 PM ai.glog.service.GlogService getFromGlog
SEVERE: java.lang.IllegalStateException: Expected BEGIN_ARRAY but was BEGIN_OBJECT at line 1 column 2 path $
{"detail":"Invalid token."}
com.google.gson.JsonSyntaxException: java.lang.IllegalStateException: Expected BEGIN_ARRAY but was BEGIN_OBJECT at line 1 column 2 path $
	at com.google.gson.Gson.fromJson(Gson.java:1003)
	at com.google.gson.Gson.fromJson(Gson.java:956)
	at com.google.gson.Gson.fromJson(Gson.java:905)
	at ai.glog.service.GlogService.getFromGlog(GlogService.java:174)
	at ai.glog.execute.workers.TriageAndRemediationCallableWorker.setGeneralRemediation(TriageAndRemediationCallableWorker.java:158)
	at ai.glog.execute.workers.TriageAndRemediationCallableWorker.call(TriageAndRemediationCallableWorker.java:73)
	at ai.glog.execute.workers.TriageAndRemediationCallableWorker.call(TriageAndRemediationCallableWorker.java:31)
	at java.base/java.util.concurrent.FutureTask.run(FutureTask.java:317)
	at java.base/java.util.concurrent.ThreadPoolExecutor.runWorker(ThreadPoolExecutor.java:1144)
	at java.base/java.util.concurrent.ThreadPoolExecutor$Worker.run(ThreadPoolExecutor.java:642)
	at java.base/java.lang.Thread.run(Thread.java:1623)
Caused by: java.lang.IllegalStateException: Expected BEGIN_ARRAY but was BEGIN_OBJECT at line 1 column 2 path $
	at com.google.gson.stream.JsonReader.beginArray(JsonReader.java:350)
	at com.google.gson.internal.bind.ArrayTypeAdapter.read(ArrayTypeAdapter.java:70)
	at com.google.gson.Gson.fromJson(Gson.java:991)
	... 10 more

Oct 06, 2025 5:15:53 PM ai.glog.execute.workers.TriageAndRemediationCallableWorker call
SEVERE: null
java.lang.NullPointerException
	at java.base/java.util.Objects.requireNonNull(Objects.java:233)
	at java.base/java.util.Arrays$ArrayList.<init>(Arrays.java:4234)
	at java.base/java.util.Arrays.asList(Arrays.java:4219)
	at ai.glog.execute.workers.TriageAndRemediationCallableWorker.setGeneralRemediation(TriageAndRemediationCallableWorker.java:162)
	at ai.glog.execute.workers.TriageAndRemediationCallableWorker.call(TriageAndRemediationCallableWorker.java:73)
	at ai.glog.execute.workers.TriageAndRemediationCallableWorker.call(TriageAndRemediationCallableWorker.java:31)
	at java.base/java.util.concurrent.FutureTask.run(FutureTask.java:317)
	at java.base/java.util.concurrent.ThreadPoolExecutor.runWorker(ThreadPoolExecutor.java:1144)
	at java.base/java.util.concurrent.ThreadPoolExecutor$Worker.run(ThreadPoolExecutor.java:642)
	at java.base/java.lang.Thread.run(Thread.java:1623)

Oct 06, 2025 5:15:53 PM ai.glog.service.GlogService getFromGlog
SEVERE: java.lang.IllegalStateException: Expected BEGIN_ARRAY but was BEGIN_OBJECT at line 1 column 2 path $
{"detail":"Invalid token."}
com.google.gson.JsonSyntaxException: java.lang.IllegalStateException: Expected BEGIN_ARRAY but was BEGIN_OBJECT at line 1 column 2 path $
	at com.google.gson.Gson.fromJson(Gson.java:1003)
	at com.google.gson.Gson.fromJson(Gson.java:956)
	at com.google.gson.Gson.fromJson(Gson.java:905)
	at ai.glog.service.GlogService.getFromGlog(GlogService.java:174)
	at ai.glog.execute.workers.TriageAndRemediationCallableWorker.setGeneralRemediation(TriageAndRemediationCallableWorker.java:158)
	at ai.glog.execute.workers.TriageAndRemediationCallableWorker.call(TriageAndRemediationCallableWorker.java:73)
	at ai.glog.execute.workers.TriageAndRemediationCallableWorker.call(TriageAndRemediationCallableWorker.java:31)
	at java.base/java.util.concurrent.FutureTask.run(FutureTask.java:317)
	at java.base/java.util.concurrent.ThreadPoolExecutor.runWorker(ThreadPoolExecutor.java:1144)
	at java.base/java.util.concurrent.ThreadPoolExecutor$Worker.run(ThreadPoolExecutor.java:642)
	at java.base/java.lang.Thread.run(Thread.java:1623)
Caused by: java.lang.IllegalStateException: Expected BEGIN_ARRAY but was BEGIN_OBJECT at line 1 column 2 path $
	at com.google.gson.stream.JsonReader.beginArray(JsonReader.java:350)
	at com.google.gson.internal.bind.ArrayTypeAdapter.read(ArrayTypeAdapter.java:70)
	at com.google.gson.Gson.fromJson(Gson.java:991)
	... 10 more

Oct 06, 2025 5:15:53 PM ai.glog.execute.workers.TriageAndRemediationCallableWorker call
SEVERE: null
java.lang.NullPointerException
	at java.base/java.util.Objects.requireNonNull(Objects.java:233)
	at java.base/java.util.Arrays$ArrayList.<init>(Arrays.java:4234)
	at java.base/java.util.Arrays.asList(Arrays.java:4219)
	at ai.glog.execute.workers.TriageAndRemediationCallableWorker.setGeneralRemediation(TriageAndRemediationCallableWorker.java:162)
	at ai.glog.execute.workers.TriageAndRemediationCallableWorker.call(TriageAndRemediationCallableWorker.java:73)
	at ai.glog.execute.workers.TriageAndRemediationCallableWorker.call(TriageAndRemediationCallableWorker.java:31)
	at java.base/java.util.concurrent.FutureTask.run(FutureTask.java:317)
	at java.base/java.util.concurrent.ThreadPoolExecutor.runWorker(ThreadPoolExecutor.java:1144)
	at java.base/java.util.concurrent.ThreadPoolExecutor$Worker.run(ThreadPoolExecutor.java:642)
	at java.base/java.lang.Thread.run(Thread.java:1623)

Oct 06, 2025 5:15:54 PM ai.glog.service.GlogService getFromGlog
SEVERE: java.lang.IllegalStateException: Expected BEGIN_ARRAY but was BEGIN_OBJECT at line 1 column 2 path $
{"detail":"Invalid token."}
com.google.gson.JsonSyntaxException: java.lang.IllegalStateException: Expected BEGIN_ARRAY but was BEGIN_OBJECT at line 1 column 2 path $
	at com.google.gson.Gson.fromJson(Gson.java:1003)
	at com.google.gson.Gson.fromJson(Gson.java:956)
	at com.google.gson.Gson.fromJson(Gson.java:905)
	at ai.glog.service.GlogService.getFromGlog(GlogService.java:174)
	at ai.glog.execute.workers.TriageAndRemediationCallableWorker.setGeneralRemediation(TriageAndRemediationCallableWorker.java:158)
	at ai.glog.execute.workers.TriageAndRemediationCallableWorker.call(TriageAndRemediationCallableWorker.java:73)
	at ai.glog.execute.workers.TriageAndRemediationCallableWorker.call(TriageAndRemediationCallableWorker.java:31)
	at java.base/java.util.concurrent.FutureTask.run(FutureTask.java:317)
	at java.base/java.util.concurrent.ThreadPoolExecutor.runWorker(ThreadPoolExecutor.java:1144)
	at java.base/java.util.concurrent.ThreadPoolExecutor$Worker.run(ThreadPoolExecutor.java:642)
	at java.base/java.lang.Thread.run(Thread.java:1623)
Caused by: java.lang.IllegalStateException: Expected BEGIN_ARRAY but was BEGIN_OBJECT at line 1 column 2 path $
	at com.google.gson.stream.JsonReader.beginArray(JsonReader.java:350)
	at com.google.gson.internal.bind.ArrayTypeAdapter.read(ArrayTypeAdapter.java:70)
	at com.google.gson.Gson.fromJson(Gson.java:991)
	... 10 more

Oct 06, 2025 5:15:54 PM ai.glog.execute.workers.TriageAndRemediationCallableWorker call
SEVERE: null
java.lang.NullPointerException
	at java.base/java.util.Objects.requireNonNull(Objects.java:233)
	at java.base/java.util.Arrays$ArrayList.<init>(Arrays.java:4234)
	at java.base/java.util.Arrays.asList(Arrays.java:4219)
	at ai.glog.execute.workers.TriageAndRemediationCallableWorker.setGeneralRemediation(TriageAndRemediationCallableWorker.java:162)
	at ai.glog.execute.workers.TriageAndRemediationCallableWorker.call(TriageAndRemediationCallableWorker.java:73)
	at ai.glog.execute.workers.TriageAndRemediationCallableWorker.call(TriageAndRemediationCallableWorker.java:31)
	at java.base/java.util.concurrent.FutureTask.run(FutureTask.java:317)
	at java.base/java.util.concurrent.ThreadPoolExecutor.runWorker(ThreadPoolExecutor.java:1144)
	at java.base/java.util.concurrent.ThreadPoolExecutor$Worker.run(ThreadPoolExecutor.java:642)
	at java.base/java.lang.Thread.run(Thread.java:1623)

Oct 06, 2025 5:15:55 PM ai.glog.service.GlogService getFromGlog
SEVERE: java.lang.IllegalStateException: Expected BEGIN_ARRAY but was BEGIN_OBJECT at line 1 column 2 path $
{"detail":"Invalid token."}
com.google.gson.JsonSyntaxException: java.lang.IllegalStateException: Expected BEGIN_ARRAY but was BEGIN_OBJECT at line 1 column 2 path $
	at com.google.gson.Gson.fromJson(Gson.java:1003)
	at com.google.gson.Gson.fromJson(Gson.java:956)
	at com.google.gson.Gson.fromJson(Gson.java:905)
	at ai.glog.service.GlogService.getFromGlog(GlogService.java:174)
	at ai.glog.execute.workers.TriageAndRemediationCallableWorker.setGeneralRemediation(TriageAndRemediationCallableWorker.java:158)
	at ai.glog.execute.workers.TriageAndRemediationCallableWorker.call(TriageAndRemediationCallableWorker.java:73)
	at ai.glog.execute.workers.TriageAndRemediationCallableWorker.call(TriageAndRemediationCallableWorker.java:31)
	at java.base/java.util.concurrent.FutureTask.run(FutureTask.java:317)
	at java.base/java.util.concurrent.ThreadPoolExecutor.runWorker(ThreadPoolExecutor.java:1144)
	at java.base/java.util.concurrent.ThreadPoolExecutor$Worker.run(ThreadPoolExecutor.java:642)
	at java.base/java.lang.Thread.run(Thread.java:1623)
Caused by: java.lang.IllegalStateException: Expected BEGIN_ARRAY but was BEGIN_OBJECT at line 1 column 2 path $
	at com.google.gson.stream.JsonReader.beginArray(JsonReader.java:350)
	at com.google.gson.internal.bind.ArrayTypeAdapter.read(ArrayTypeAdapter.java:70)
	at com.google.gson.Gson.fromJson(Gson.java:991)
	... 10 more

Oct 06, 2025 5:15:55 PM ai.glog.execute.workers.TriageAndRemediationCallableWorker call
SEVERE: null
java.lang.NullPointerException
	at java.base/java.util.Objects.requireNonNull(Objects.java:233)
	at java.base/java.util.Arrays$ArrayList.<init>(Arrays.java:4234)
	at java.base/java.util.Arrays.asList(Arrays.java:4219)
	at ai.glog.execute.workers.TriageAndRemediationCallableWorker.setGeneralRemediation(TriageAndRemediationCallableWorker.java:162)
	at ai.glog.execute.workers.TriageAndRemediationCallableWorker.call(TriageAndRemediationCallableWorker.java:73)
	at ai.glog.execute.workers.TriageAndRemediationCallableWorker.call(TriageAndRemediationCallableWorker.java:31)
	at java.base/java.util.concurrent.FutureTask.run(FutureTask.java:317)
	at java.base/java.util.concurrent.ThreadPoolExecutor.runWorker(ThreadPoolExecutor.java:1144)
	at java.base/java.util.concurrent.ThreadPoolExecutor$Worker.run(ThreadPoolExecutor.java:642)
	at java.base/java.lang.Thread.run(Thread.java:1623)

Oct 06, 2025 5:15:55 PM ai.glog.service.GlogService getFromGlog
SEVERE: java.lang.IllegalStateException: Expected BEGIN_ARRAY but was BEGIN_OBJECT at line 1 column 2 path $
{"detail":"Invalid token."}
com.google.gson.JsonSyntaxException: java.lang.IllegalStateException: Expected BEGIN_ARRAY but was BEGIN_OBJECT at line 1 column 2 path $
	at com.google.gson.Gson.fromJson(Gson.java:1003)
	at com.google.gson.Gson.fromJson(Gson.java:956)
	at com.google.gson.Gson.fromJson(Gson.java:905)
	at ai.glog.service.GlogService.getFromGlog(GlogService.java:174)
	at ai.glog.execute.workers.TriageAndRemediationCallableWorker.setGeneralRemediation(TriageAndRemediationCallableWorker.java:158)
	at ai.glog.execute.workers.TriageAndRemediationCallableWorker.call(TriageAndRemediationCallableWorker.java:73)
	at ai.glog.execute.workers.TriageAndRemediationCallableWorker.call(TriageAndRemediationCallableWorker.java:31)
	at java.base/java.util.concurrent.FutureTask.run(FutureTask.java:317)
	at java.base/java.util.concurrent.ThreadPoolExecutor.runWorker(ThreadPoolExecutor.java:1144)
	at java.base/java.util.concurrent.ThreadPoolExecutor$Worker.run(ThreadPoolExecutor.java:642)
	at java.base/java.lang.Thread.run(Thread.java:1623)
Caused by: java.lang.IllegalStateException: Expected BEGIN_ARRAY but was BEGIN_OBJECT at line 1 column 2 path $
	at com.google.gson.stream.JsonReader.beginArray(JsonReader.java:350)
	at com.google.gson.internal.bind.ArrayTypeAdapter.read(ArrayTypeAdapter.java:70)
	at com.google.gson.Gson.fromJson(Gson.java:991)
	... 10 more

Oct 06, 2025 5:15:55 PM ai.glog.execute.workers.TriageAndRemediationCallableWorker call
SEVERE: null
java.lang.NullPointerException
	at java.base/java.util.Objects.requireNonNull(Objects.java:233)
	at java.base/java.util.Arrays$ArrayList.<init>(Arrays.java:4234)
	at java.base/java.util.Arrays.asList(Arrays.java:4219)
	at ai.glog.execute.workers.TriageAndRemediationCallableWorker.setGeneralRemediation(TriageAndRemediationCallableWorker.java:162)
	at ai.glog.execute.workers.TriageAndRemediationCallableWorker.call(TriageAndRemediationCallableWorker.java:73)
	at ai.glog.execute.workers.TriageAndRemediationCallableWorker.call(TriageAndRemediationCallableWorker.java:31)
	at java.base/java.util.concurrent.FutureTask.run(FutureTask.java:317)
	at java.base/java.util.concurrent.ThreadPoolExecutor.runWorker(ThreadPoolExecutor.java:1144)
	at java.base/java.util.concurrent.ThreadPoolExecutor$Worker.run(ThreadPoolExecutor.java:642)
	at java.base/java.lang.Thread.run(Thread.java:1623)

Oct 06, 2025 5:15:56 PM ai.glog.service.GlogService getFromGlog
SEVERE: java.lang.IllegalStateException: Expected BEGIN_ARRAY but was BEGIN_OBJECT at line 1 column 2 path $
{"detail":"Invalid token."}
com.google.gson.JsonSyntaxException: java.lang.IllegalStateException: Expected BEGIN_ARRAY but was BEGIN_OBJECT at line 1 column 2 path $
	at com.google.gson.Gson.fromJson(Gson.java:1003)
	at com.google.gson.Gson.fromJson(Gson.java:956)
	at com.google.gson.Gson.fromJson(Gson.java:905)
	at ai.glog.service.GlogService.getFromGlog(GlogService.java:174)
	at ai.glog.execute.workers.TriageAndRemediationCallableWorker.setGeneralRemediation(TriageAndRemediationCallableWorker.java:158)
	at ai.glog.execute.workers.TriageAndRemediationCallableWorker.call(TriageAndRemediationCallableWorker.java:73)
	at ai.glog.execute.workers.TriageAndRemediationCallableWorker.call(TriageAndRemediationCallableWorker.java:31)
	at java.base/java.util.concurrent.FutureTask.run(FutureTask.java:317)
	at java.base/java.util.concurrent.ThreadPoolExecutor.runWorker(ThreadPoolExecutor.java:1144)
	at java.base/java.util.concurrent.ThreadPoolExecutor$Worker.run(ThreadPoolExecutor.java:642)
	at java.base/java.lang.Thread.run(Thread.java:1623)
Caused by: java.lang.IllegalStateException: Expected BEGIN_ARRAY but was BEGIN_OBJECT at line 1 column 2 path $
	at com.google.gson.stream.JsonReader.beginArray(JsonReader.java:350)
	at com.google.gson.internal.bind.ArrayTypeAdapter.read(ArrayTypeAdapter.java:70)
	at com.google.gson.Gson.fromJson(Gson.java:991)
	... 10 more

Oct 06, 2025 5:15:56 PM ai.glog.execute.workers.TriageAndRemediationCallableWorker call
SEVERE: null
java.lang.NullPointerException
	at java.base/java.util.Objects.requireNonNull(Objects.java:233)
	at java.base/java.util.Arrays$ArrayList.<init>(Arrays.java:4234)
	at java.base/java.util.Arrays.asList(Arrays.java:4219)
	at ai.glog.execute.workers.TriageAndRemediationCallableWorker.setGeneralRemediation(TriageAndRemediationCallableWorker.java:162)
	at ai.glog.execute.workers.TriageAndRemediationCallableWorker.call(TriageAndRemediationCallableWorker.java:73)
	at ai.glog.execute.workers.TriageAndRemediationCallableWorker.call(TriageAndRemediationCallableWorker.java:31)
	at java.base/java.util.concurrent.FutureTask.run(FutureTask.java:317)
	at java.base/java.util.concurrent.ThreadPoolExecutor.runWorker(ThreadPoolExecutor.java:1144)
	at java.base/java.util.concurrent.ThreadPoolExecutor$Worker.run(ThreadPoolExecutor.java:642)
	at java.base/java.lang.Thread.run(Thread.java:1623)

Oct 06, 2025 5:15:56 PM ai.glog.service.GlogService getFromGlog
SEVERE: java.lang.IllegalStateException: Expected BEGIN_ARRAY but was BEGIN_OBJECT at line 1 column 2 path $
{"detail":"Invalid token."}
com.google.gson.JsonSyntaxException: java.lang.IllegalStateException: Expected BEGIN_ARRAY but was BEGIN_OBJECT at line 1 column 2 path $
	at com.google.gson.Gson.fromJson(Gson.java:1003)
	at com.google.gson.Gson.fromJson(Gson.java:956)
	at com.google.gson.Gson.fromJson(Gson.java:905)
	at ai.glog.service.GlogService.getFromGlog(GlogService.java:174)
	at ai.glog.execute.workers.TriageAndRemediationCallableWorker.setGeneralRemediation(TriageAndRemediationCallableWorker.java:158)
	at ai.glog.execute.workers.TriageAndRemediationCallableWorker.call(TriageAndRemediationCallableWorker.java:73)
	at ai.glog.execute.workers.TriageAndRemediationCallableWorker.call(TriageAndRemediationCallableWorker.java:31)
	at java.base/java.util.concurrent.FutureTask.run(FutureTask.java:317)
	at java.base/java.util.concurrent.ThreadPoolExecutor.runWorker(ThreadPoolExecutor.java:1144)
	at java.base/java.util.concurrent.ThreadPoolExecutor$Worker.run(ThreadPoolExecutor.java:642)
	at java.base/java.lang.Thread.run(Thread.java:1623)
Caused by: java.lang.IllegalStateException: Expected BEGIN_ARRAY but was BEGIN_OBJECT at line 1 column 2 path $
	at com.google.gson.stream.JsonReader.beginArray(JsonReader.java:350)
	at com.google.gson.internal.bind.ArrayTypeAdapter.read(ArrayTypeAdapter.java:70)
	at com.google.gson.Gson.fromJson(Gson.java:991)
	... 10 more

Oct 06, 2025 5:15:56 PM ai.glog.execute.workers.TriageAndRemediationCallableWorker call
SEVERE: null
java.lang.NullPointerException
	at java.base/java.util.Objects.requireNonNull(Objects.java:233)
	at java.base/java.util.Arrays$ArrayList.<init>(Arrays.java:4234)
	at java.base/java.util.Arrays.asList(Arrays.java:4219)
	at ai.glog.execute.workers.TriageAndRemediationCallableWorker.setGeneralRemediation(TriageAndRemediationCallableWorker.java:162)
	at ai.glog.execute.workers.TriageAndRemediationCallableWorker.call(TriageAndRemediationCallableWorker.java:73)
	at ai.glog.execute.workers.TriageAndRemediationCallableWorker.call(TriageAndRemediationCallableWorker.java:31)
	at java.base/java.util.concurrent.FutureTask.run(FutureTask.java:317)
	at java.base/java.util.concurrent.ThreadPoolExecutor.runWorker(ThreadPoolExecutor.java:1144)
	at java.base/java.util.concurrent.ThreadPoolExecutor$Worker.run(ThreadPoolExecutor.java:642)
	at java.base/java.lang.Thread.run(Thread.java:1623)

Oct 06, 2025 5:15:56 PM ai.glog.service.GlogService getFromGlog
SEVERE: java.lang.IllegalStateException: Expected BEGIN_ARRAY but was BEGIN_OBJECT at line 1 column 2 path $
{"detail":"Invalid token."}
com.google.gson.JsonSyntaxException: java.lang.IllegalStateException: Expected BEGIN_ARRAY but was BEGIN_OBJECT at line 1 column 2 path $
	at com.google.gson.Gson.fromJson(Gson.java:1003)
	at com.google.gson.Gson.fromJson(Gson.java:956)
	at com.google.gson.Gson.fromJson(Gson.java:905)
	at ai.glog.service.GlogService.getFromGlog(GlogService.java:174)
	at ai.glog.execute.workers.TriageAndRemediationCallableWorker.setGeneralRemediation(TriageAndRemediationCallableWorker.java:158)
	at ai.glog.execute.workers.TriageAndRemediationCallableWorker.call(TriageAndRemediationCallableWorker.java:73)
	at ai.glog.execute.workers.TriageAndRemediationCallableWorker.call(TriageAndRemediationCallableWorker.java:31)
	at java.base/java.util.concurrent.FutureTask.run(FutureTask.java:317)
	at java.base/java.util.concurrent.ThreadPoolExecutor.runWorker(ThreadPoolExecutor.java:1144)
	at java.base/java.util.concurrent.ThreadPoolExecutor$Worker.run(ThreadPoolExecutor.java:642)
	at java.base/java.lang.Thread.run(Thread.java:1623)
Caused by: java.lang.IllegalStateException: Expected BEGIN_ARRAY but was BEGIN_OBJECT at line 1 column 2 path $
	at com.google.gson.stream.JsonReader.beginArray(JsonReader.java:350)
	at com.google.gson.internal.bind.ArrayTypeAdapter.read(ArrayTypeAdapter.java:70)
	at com.google.gson.Gson.fromJson(Gson.java:991)
	... 10 more

Oct 06, 2025 5:15:56 PM ai.glog.execute.workers.TriageAndRemediationCallableWorker call
SEVERE: null
java.lang.NullPointerException
	at java.base/java.util.Objects.requireNonNull(Objects.java:233)
	at java.base/java.util.Arrays$ArrayList.<init>(Arrays.java:4234)
	at java.base/java.util.Arrays.asList(Arrays.java:4219)
	at ai.glog.execute.workers.TriageAndRemediationCallableWorker.setGeneralRemediation(TriageAndRemediationCallableWorker.java:162)
	at ai.glog.execute.workers.TriageAndRemediationCallableWorker.call(TriageAndRemediationCallableWorker.java:73)
	at ai.glog.execute.workers.TriageAndRemediationCallableWorker.call(TriageAndRemediationCallableWorker.java:31)
	at java.base/java.util.concurrent.FutureTask.run(FutureTask.java:317)
	at java.base/java.util.concurrent.ThreadPoolExecutor.runWorker(ThreadPoolExecutor.java:1144)
	at java.base/java.util.concurrent.ThreadPoolExecutor$Worker.run(ThreadPoolExecutor.java:642)
	at java.base/java.lang.Thread.run(Thread.java:1623)

Oct 06, 2025 5:15:57 PM ai.glog.service.GlogService getFromGlog
SEVERE: java.lang.IllegalStateException: Expected BEGIN_ARRAY but was BEGIN_OBJECT at line 1 column 2 path $
{"detail":"Invalid token."}
com.google.gson.JsonSyntaxException: java.lang.IllegalStateException: Expected BEGIN_ARRAY but was BEGIN_OBJECT at line 1 column 2 path $
	at com.google.gson.Gson.fromJson(Gson.java:1003)
	at com.google.gson.Gson.fromJson(Gson.java:956)
	at com.google.gson.Gson.fromJson(Gson.java:905)
	at ai.glog.service.GlogService.getFromGlog(GlogService.java:174)
	at ai.glog.execute.workers.TriageAndRemediationCallableWorker.setGeneralRemediation(TriageAndRemediationCallableWorker.java:158)
	at ai.glog.execute.workers.TriageAndRemediationCallableWorker.call(TriageAndRemediationCallableWorker.java:73)
	at ai.glog.execute.workers.TriageAndRemediationCallableWorker.call(TriageAndRemediationCallableWorker.java:31)
	at java.base/java.util.concurrent.FutureTask.run(FutureTask.java:317)
	at java.base/java.util.concurrent.ThreadPoolExecutor.runWorker(ThreadPoolExecutor.java:1144)
	at java.base/java.util.concurrent.ThreadPoolExecutor$Worker.run(ThreadPoolExecutor.java:642)
	at java.base/java.lang.Thread.run(Thread.java:1623)
Caused by: java.lang.IllegalStateException: Expected BEGIN_ARRAY but was BEGIN_OBJECT at line 1 column 2 path $
	at com.google.gson.stream.JsonReader.beginArray(JsonReader.java:350)
	at com.google.gson.internal.bind.ArrayTypeAdapter.read(ArrayTypeAdapter.java:70)
	at com.google.gson.Gson.fromJson(Gson.java:991)
	... 10 more

Oct 06, 2025 5:15:57 PM ai.glog.execute.workers.TriageAndRemediationCallableWorker call
SEVERE: null
java.lang.NullPointerException
	at java.base/java.util.Objects.requireNonNull(Objects.java:233)
	at java.base/java.util.Arrays$ArrayList.<init>(Arrays.java:4234)
	at java.base/java.util.Arrays.asList(Arrays.java:4219)
	at ai.glog.execute.workers.TriageAndRemediationCallableWorker.setGeneralRemediation(TriageAndRemediationCallableWorker.java:162)
	at ai.glog.execute.workers.TriageAndRemediationCallableWorker.call(TriageAndRemediationCallableWorker.java:73)
	at ai.glog.execute.workers.TriageAndRemediationCallableWorker.call(TriageAndRemediationCallableWorker.java:31)
	at java.base/java.util.concurrent.FutureTask.run(FutureTask.java:317)
	at java.base/java.util.concurrent.ThreadPoolExecutor.runWorker(ThreadPoolExecutor.java:1144)
	at java.base/java.util.concurrent.ThreadPoolExecutor$Worker.run(ThreadPoolExecutor.java:642)
	at java.base/java.lang.Thread.run(Thread.java:1623)

Oct 06, 2025 5:15:57 PM ai.glog.service.GlogService getFromGlog
SEVERE: java.lang.IllegalStateException: Expected BEGIN_ARRAY but was BEGIN_OBJECT at line 1 column 2 path $
{"detail":"Invalid token."}
com.google.gson.JsonSyntaxException: java.lang.IllegalStateException: Expected BEGIN_ARRAY but was BEGIN_OBJECT at line 1 column 2 path $
	at com.google.gson.Gson.fromJson(Gson.java:1003)
	at com.google.gson.Gson.fromJson(Gson.java:956)
	at com.google.gson.Gson.fromJson(Gson.java:905)
	at ai.glog.service.GlogService.getFromGlog(GlogService.java:174)
	at ai.glog.execute.workers.TriageAndRemediationCallableWorker.setGeneralRemediation(TriageAndRemediationCallableWorker.java:158)
	at ai.glog.execute.workers.TriageAndRemediationCallableWorker.call(TriageAndRemediationCallableWorker.java:73)
	at ai.glog.execute.workers.TriageAndRemediationCallableWorker.call(TriageAndRemediationCallableWorker.java:31)
	at java.base/java.util.concurrent.FutureTask.run(FutureTask.java:317)
	at java.base/java.util.concurrent.ThreadPoolExecutor.runWorker(ThreadPoolExecutor.java:1144)
	at java.base/java.util.concurrent.ThreadPoolExecutor$Worker.run(ThreadPoolExecutor.java:642)
	at java.base/java.lang.Thread.run(Thread.java:1623)
Caused by: java.lang.IllegalStateException: Expected BEGIN_ARRAY but was BEGIN_OBJECT at line 1 column 2 path $
	at com.google.gson.stream.JsonReader.beginArray(JsonReader.java:350)
	at com.google.gson.internal.bind.ArrayTypeAdapter.read(ArrayTypeAdapter.java:70)
	at com.google.gson.Gson.fromJson(Gson.java:991)
	... 10 more

Oct 06, 2025 5:15:57 PM ai.glog.execute.workers.TriageAndRemediationCallableWorker call
SEVERE: null
java.lang.NullPointerException
	at java.base/java.util.Objects.requireNonNull(Objects.java:233)
	at java.base/java.util.Arrays$ArrayList.<init>(Arrays.java:4234)
	at java.base/java.util.Arrays.asList(Arrays.java:4219)
	at ai.glog.execute.workers.TriageAndRemediationCallableWorker.setGeneralRemediation(TriageAndRemediationCallableWorker.java:162)
	at ai.glog.execute.workers.TriageAndRemediationCallableWorker.call(TriageAndRemediationCallableWorker.java:73)
	at ai.glog.execute.workers.TriageAndRemediationCallableWorker.call(TriageAndRemediationCallableWorker.java:31)
	at java.base/java.util.concurrent.FutureTask.run(FutureTask.java:317)
	at java.base/java.util.concurrent.ThreadPoolExecutor.runWorker(ThreadPoolExecutor.java:1144)
	at java.base/java.util.concurrent.ThreadPoolExecutor$Worker.run(ThreadPoolExecutor.java:642)
	at java.base/java.lang.Thread.run(Thread.java:1623)

Oct 06, 2025 5:15:58 PM ai.glog.service.GlogService getFromGlog
SEVERE: java.lang.IllegalStateException: Expected BEGIN_ARRAY but was BEGIN_OBJECT at line 1 column 2 path $
{"detail":"Invalid token."}
com.google.gson.JsonSyntaxException: java.lang.IllegalStateException: Expected BEGIN_ARRAY but was BEGIN_OBJECT at line 1 column 2 path $
	at com.google.gson.Gson.fromJson(Gson.java:1003)
	at com.google.gson.Gson.fromJson(Gson.java:956)
	at com.google.gson.Gson.fromJson(Gson.java:905)
	at ai.glog.service.GlogService.getFromGlog(GlogService.java:174)
	at ai.glog.execute.workers.TriageAndRemediationCallableWorker.setGeneralRemediation(TriageAndRemediationCallableWorker.java:158)
	at ai.glog.execute.workers.TriageAndRemediationCallableWorker.call(TriageAndRemediationCallableWorker.java:73)
	at ai.glog.execute.workers.TriageAndRemediationCallableWorker.call(TriageAndRemediationCallableWorker.java:31)
	at java.base/java.util.concurrent.FutureTask.run(FutureTask.java:317)
	at java.base/java.util.concurrent.ThreadPoolExecutor.runWorker(ThreadPoolExecutor.java:1144)
	at java.base/java.util.concurrent.ThreadPoolExecutor$Worker.run(ThreadPoolExecutor.java:642)
	at java.base/java.lang.Thread.run(Thread.java:1623)
Caused by: java.lang.IllegalStateException: Expected BEGIN_ARRAY but was BEGIN_OBJECT at line 1 column 2 path $
	at com.google.gson.stream.JsonReader.beginArray(JsonReader.java:350)
	at com.google.gson.internal.bind.ArrayTypeAdapter.read(ArrayTypeAdapter.java:70)
	at com.google.gson.Gson.fromJson(Gson.java:991)
	... 10 more

Oct 06, 2025 5:15:58 PM ai.glog.execute.workers.TriageAndRemediationCallableWorker call
SEVERE: null
java.lang.NullPointerException
	at java.base/java.util.Objects.requireNonNull(Objects.java:233)
	at java.base/java.util.Arrays$ArrayList.<init>(Arrays.java:4234)
	at java.base/java.util.Arrays.asList(Arrays.java:4219)
	at ai.glog.execute.workers.TriageAndRemediationCallableWorker.setGeneralRemediation(TriageAndRemediationCallableWorker.java:162)
	at ai.glog.execute.workers.TriageAndRemediationCallableWorker.call(TriageAndRemediationCallableWorker.java:73)
	at ai.glog.execute.workers.TriageAndRemediationCallableWorker.call(TriageAndRemediationCallableWorker.java:31)
	at java.base/java.util.concurrent.FutureTask.run(FutureTask.java:317)
	at java.base/java.util.concurrent.ThreadPoolExecutor.runWorker(ThreadPoolExecutor.java:1144)
	at java.base/java.util.concurrent.ThreadPoolExecutor$Worker.run(ThreadPoolExecutor.java:642)
	at java.base/java.lang.Thread.run(Thread.java:1623)

Oct 06, 2025 5:15:58 PM ai.glog.service.GlogService getFromGlog
SEVERE: java.lang.IllegalStateException: Expected BEGIN_ARRAY but was BEGIN_OBJECT at line 1 column 2 path $
{"detail":"Invalid token."}
com.google.gson.JsonSyntaxException: java.lang.IllegalStateException: Expected BEGIN_ARRAY but was BEGIN_OBJECT at line 1 column 2 path $
	at com.google.gson.Gson.fromJson(Gson.java:1003)
	at com.google.gson.Gson.fromJson(Gson.java:956)
	at com.google.gson.Gson.fromJson(Gson.java:905)
	at ai.glog.service.GlogService.getFromGlog(GlogService.java:174)
	at ai.glog.execute.workers.TriageAndRemediationCallableWorker.setGeneralRemediation(TriageAndRemediationCallableWorker.java:158)
	at ai.glog.execute.workers.TriageAndRemediationCallableWorker.call(TriageAndRemediationCallableWorker.java:73)
	at ai.glog.execute.workers.TriageAndRemediationCallableWorker.call(TriageAndRemediationCallableWorker.java:31)
	at java.base/java.util.concurrent.FutureTask.run(FutureTask.java:317)
	at java.base/java.util.concurrent.ThreadPoolExecutor.runWorker(ThreadPoolExecutor.java:1144)
	at java.base/java.util.concurrent.ThreadPoolExecutor$Worker.run(ThreadPoolExecutor.java:642)
	at java.base/java.lang.Thread.run(Thread.java:1623)
Caused by: java.lang.IllegalStateException: Expected BEGIN_ARRAY but was BEGIN_OBJECT at line 1 column 2 path $
	at com.google.gson.stream.JsonReader.beginArray(JsonReader.java:350)
	at com.google.gson.internal.bind.ArrayTypeAdapter.read(ArrayTypeAdapter.java:70)
	at com.google.gson.Gson.fromJson(Gson.java:991)
	... 10 more

Oct 06, 2025 5:15:58 PM ai.glog.execute.workers.TriageAndRemediationCallableWorker call
SEVERE: null
java.lang.NullPointerException
	at java.base/java.util.Objects.requireNonNull(Objects.java:233)
	at java.base/java.util.Arrays$ArrayList.<init>(Arrays.java:4234)
	at java.base/java.util.Arrays.asList(Arrays.java:4219)
	at ai.glog.execute.workers.TriageAndRemediationCallableWorker.setGeneralRemediation(TriageAndRemediationCallableWorker.java:162)
	at ai.glog.execute.workers.TriageAndRemediationCallableWorker.call(TriageAndRemediationCallableWorker.java:73)
	at ai.glog.execute.workers.TriageAndRemediationCallableWorker.call(TriageAndRemediationCallableWorker.java:31)
	at java.base/java.util.concurrent.FutureTask.run(FutureTask.java:317)
	at java.base/java.util.concurrent.ThreadPoolExecutor.runWorker(ThreadPoolExecutor.java:1144)
	at java.base/java.util.concurrent.ThreadPoolExecutor$Worker.run(ThreadPoolExecutor.java:642)
	at java.base/java.lang.Thread.run(Thread.java:1623)

Oct 06, 2025 5:15:59 PM ai.glog.service.GlogService getFromGlog
SEVERE: java.lang.IllegalStateException: Expected BEGIN_ARRAY but was BEGIN_OBJECT at line 1 column 2 path $
{"detail":"Invalid token."}
com.google.gson.JsonSyntaxException: java.lang.IllegalStateException: Expected BEGIN_ARRAY but was BEGIN_OBJECT at line 1 column 2 path $
	at com.google.gson.Gson.fromJson(Gson.java:1003)
	at com.google.gson.Gson.fromJson(Gson.java:956)
	at com.google.gson.Gson.fromJson(Gson.java:905)
	at ai.glog.service.GlogService.getFromGlog(GlogService.java:174)
	at ai.glog.execute.workers.TriageAndRemediationCallableWorker.setGeneralRemediation(TriageAndRemediationCallableWorker.java:158)
	at ai.glog.execute.workers.TriageAndRemediationCallableWorker.call(TriageAndRemediationCallableWorker.java:73)
	at ai.glog.execute.workers.TriageAndRemediationCallableWorker.call(TriageAndRemediationCallableWorker.java:31)
	at java.base/java.util.concurrent.FutureTask.run(FutureTask.java:317)
	at java.base/java.util.concurrent.ThreadPoolExecutor.runWorker(ThreadPoolExecutor.java:1144)
	at java.base/java.util.concurrent.ThreadPoolExecutor$Worker.run(ThreadPoolExecutor.java:642)
	at java.base/java.lang.Thread.run(Thread.java:1623)
Caused by: java.lang.IllegalStateException: Expected BEGIN_ARRAY but was BEGIN_OBJECT at line 1 column 2 path $
	at com.google.gson.stream.JsonReader.beginArray(JsonReader.java:350)
	at com.google.gson.internal.bind.ArrayTypeAdapter.read(ArrayTypeAdapter.java:70)
	at com.google.gson.Gson.fromJson(Gson.java:991)
	... 10 more

Oct 06, 2025 5:15:59 PM ai.glog.execute.workers.TriageAndRemediationCallableWorker call
SEVERE: null
java.lang.NullPointerException
	at java.base/java.util.Objects.requireNonNull(Objects.java:233)
	at java.base/java.util.Arrays$ArrayList.<init>(Arrays.java:4234)
	at java.base/java.util.Arrays.asList(Arrays.java:4219)
	at ai.glog.execute.workers.TriageAndRemediationCallableWorker.setGeneralRemediation(TriageAndRemediationCallableWorker.java:162)
	at ai.glog.execute.workers.TriageAndRemediationCallableWorker.call(TriageAndRemediationCallableWorker.java:73)
	at ai.glog.execute.workers.TriageAndRemediationCallableWorker.call(TriageAndRemediationCallableWorker.java:31)
	at java.base/java.util.concurrent.FutureTask.run(FutureTask.java:317)
	at java.base/java.util.concurrent.ThreadPoolExecutor.runWorker(ThreadPoolExecutor.java:1144)
	at java.base/java.util.concurrent.ThreadPoolExecutor$Worker.run(ThreadPoolExecutor.java:642)
	at java.base/java.lang.Thread.run(Thread.java:1623)

Oct 06, 2025 5:16:00 PM ai.glog.service.GlogService getFromGlog
SEVERE: java.lang.IllegalStateException: Expected BEGIN_ARRAY but was BEGIN_OBJECT at line 1 column 2 path $
{"detail":"Invalid token."}
com.google.gson.JsonSyntaxException: java.lang.IllegalStateException: Expected BEGIN_ARRAY but was BEGIN_OBJECT at line 1 column 2 path $
	at com.google.gson.Gson.fromJson(Gson.java:1003)
	at com.google.gson.Gson.fromJson(Gson.java:956)
	at com.google.gson.Gson.fromJson(Gson.java:905)
	at ai.glog.service.GlogService.getFromGlog(GlogService.java:174)
	at ai.glog.execute.workers.TriageAndRemediationCallableWorker.setGeneralRemediation(TriageAndRemediationCallableWorker.java:158)
	at ai.glog.execute.workers.TriageAndRemediationCallableWorker.call(TriageAndRemediationCallableWorker.java:73)
	at ai.glog.execute.workers.TriageAndRemediationCallableWorker.call(TriageAndRemediationCallableWorker.java:31)
	at java.base/java.util.concurrent.FutureTask.run(FutureTask.java:317)
	at java.base/java.util.concurrent.ThreadPoolExecutor.runWorker(ThreadPoolExecutor.java:1144)
	at java.base/java.util.concurrent.ThreadPoolExecutor$Worker.run(ThreadPoolExecutor.java:642)
	at java.base/java.lang.Thread.run(Thread.java:1623)
Caused by: java.lang.IllegalStateException: Expected BEGIN_ARRAY but was BEGIN_OBJECT at line 1 column 2 path $
	at com.google.gson.stream.JsonReader.beginArray(JsonReader.java:350)
	at com.google.gson.internal.bind.ArrayTypeAdapter.read(ArrayTypeAdapter.java:70)
	at com.google.gson.Gson.fromJson(Gson.java:991)
	... 10 more

Oct 06, 2025 5:16:00 PM ai.glog.execute.workers.TriageAndRemediationCallableWorker call
SEVERE: null
java.lang.NullPointerException
	at java.base/java.util.Objects.requireNonNull(Objects.java:233)
	at java.base/java.util.Arrays$ArrayList.<init>(Arrays.java:4234)
	at java.base/java.util.Arrays.asList(Arrays.java:4219)
	at ai.glog.execute.workers.TriageAndRemediationCallableWorker.setGeneralRemediation(TriageAndRemediationCallableWorker.java:162)
	at ai.glog.execute.workers.TriageAndRemediationCallableWorker.call(TriageAndRemediationCallableWorker.java:73)
	at ai.glog.execute.workers.TriageAndRemediationCallableWorker.call(TriageAndRemediationCallableWorker.java:31)
	at java.base/java.util.concurrent.FutureTask.run(FutureTask.java:317)
	at java.base/java.util.concurrent.ThreadPoolExecutor.runWorker(ThreadPoolExecutor.java:1144)
	at java.base/java.util.concurrent.ThreadPoolExecutor$Worker.run(ThreadPoolExecutor.java:642)
	at java.base/java.lang.Thread.run(Thread.java:1623)

Oct 06, 2025 5:16:00 PM ai.glog.service.GlogService getFromGlog
SEVERE: java.lang.IllegalStateException: Expected BEGIN_ARRAY but was BEGIN_OBJECT at line 1 column 2 path $
{"detail":"Invalid token."}
com.google.gson.JsonSyntaxException: java.lang.IllegalStateException: Expected BEGIN_ARRAY but was BEGIN_OBJECT at line 1 column 2 path $
	at com.google.gson.Gson.fromJson(Gson.java:1003)
	at com.google.gson.Gson.fromJson(Gson.java:956)
	at com.google.gson.Gson.fromJson(Gson.java:905)
	at ai.glog.service.GlogService.getFromGlog(GlogService.java:174)
	at ai.glog.execute.workers.TriageAndRemediationCallableWorker.setGeneralRemediation(TriageAndRemediationCallableWorker.java:158)
	at ai.glog.execute.workers.TriageAndRemediationCallableWorker.call(TriageAndRemediationCallableWorker.java:73)
	at ai.glog.execute.workers.TriageAndRemediationCallableWorker.call(TriageAndRemediationCallableWorker.java:31)
	at java.base/java.util.concurrent.FutureTask.run(FutureTask.java:317)
	at java.base/java.util.concurrent.ThreadPoolExecutor.runWorker(ThreadPoolExecutor.java:1144)
	at java.base/java.util.concurrent.ThreadPoolExecutor$Worker.run(ThreadPoolExecutor.java:642)
	at java.base/java.lang.Thread.run(Thread.java:1623)
Caused by: java.lang.IllegalStateException: Expected BEGIN_ARRAY but was BEGIN_OBJECT at line 1 column 2 path $
	at com.google.gson.stream.JsonReader.beginArray(JsonReader.java:350)
	at com.google.gson.internal.bind.ArrayTypeAdapter.read(ArrayTypeAdapter.java:70)
	at com.google.gson.Gson.fromJson(Gson.java:991)
	... 10 more

Oct 06, 2025 5:16:00 PM ai.glog.execute.workers.TriageAndRemediationCallableWorker call
SEVERE: null
java.lang.NullPointerException
	at java.base/java.util.Objects.requireNonNull(Objects.java:233)
	at java.base/java.util.Arrays$ArrayList.<init>(Arrays.java:4234)
	at java.base/java.util.Arrays.asList(Arrays.java:4219)
	at ai.glog.execute.workers.TriageAndRemediationCallableWorker.setGeneralRemediation(TriageAndRemediationCallableWorker.java:162)
	at ai.glog.execute.workers.TriageAndRemediationCallableWorker.call(TriageAndRemediationCallableWorker.java:73)
	at ai.glog.execute.workers.TriageAndRemediationCallableWorker.call(TriageAndRemediationCallableWorker.java:31)
	at java.base/java.util.concurrent.FutureTask.run(FutureTask.java:317)
	at java.base/java.util.concurrent.ThreadPoolExecutor.runWorker(ThreadPoolExecutor.java:1144)
	at java.base/java.util.concurrent.ThreadPoolExecutor$Worker.run(ThreadPoolExecutor.java:642)
	at java.base/java.lang.Thread.run(Thread.java:1623)

Oct 06, 2025 5:16:01 PM ai.glog.service.GlogService getFromGlog
SEVERE: java.lang.IllegalStateException: Expected BEGIN_ARRAY but was BEGIN_OBJECT at line 1 column 2 path $
{"detail":"Invalid token."}
com.google.gson.JsonSyntaxException: java.lang.IllegalStateException: Expected BEGIN_ARRAY but was BEGIN_OBJECT at line 1 column 2 path $
	at com.google.gson.Gson.fromJson(Gson.java:1003)
	at com.google.gson.Gson.fromJson(Gson.java:956)
	at com.google.gson.Gson.fromJson(Gson.java:905)
	at ai.glog.service.GlogService.getFromGlog(GlogService.java:174)
	at ai.glog.execute.workers.TriageAndRemediationCallableWorker.setGeneralRemediation(TriageAndRemediationCallableWorker.java:158)
	at ai.glog.execute.workers.TriageAndRemediationCallableWorker.call(TriageAndRemediationCallableWorker.java:73)
	at ai.glog.execute.workers.TriageAndRemediationCallableWorker.call(TriageAndRemediationCallableWorker.java:31)
	at java.base/java.util.concurrent.FutureTask.run(FutureTask.java:317)
	at java.base/java.util.concurrent.ThreadPoolExecutor.runWorker(ThreadPoolExecutor.java:1144)
	at java.base/java.util.concurrent.ThreadPoolExecutor$Worker.run(ThreadPoolExecutor.java:642)
	at java.base/java.lang.Thread.run(Thread.java:1623)
Caused by: java.lang.IllegalStateException: Expected BEGIN_ARRAY but was BEGIN_OBJECT at line 1 column 2 path $
	at com.google.gson.stream.JsonReader.beginArray(JsonReader.java:350)
	at com.google.gson.internal.bind.ArrayTypeAdapter.read(ArrayTypeAdapter.java:70)
	at com.google.gson.Gson.fromJson(Gson.java:991)
	... 10 more

Oct 06, 2025 5:16:01 PM ai.glog.execute.workers.TriageAndRemediationCallableWorker call
SEVERE: null
java.lang.NullPointerException
	at java.base/java.util.Objects.requireNonNull(Objects.java:233)
	at java.base/java.util.Arrays$ArrayList.<init>(Arrays.java:4234)
	at java.base/java.util.Arrays.asList(Arrays.java:4219)
	at ai.glog.execute.workers.TriageAndRemediationCallableWorker.setGeneralRemediation(TriageAndRemediationCallableWorker.java:162)
	at ai.glog.execute.workers.TriageAndRemediationCallableWorker.call(TriageAndRemediationCallableWorker.java:73)
	at ai.glog.execute.workers.TriageAndRemediationCallableWorker.call(TriageAndRemediationCallableWorker.java:31)
	at java.base/java.util.concurrent.FutureTask.run(FutureTask.java:317)
	at java.base/java.util.concurrent.ThreadPoolExecutor.runWorker(ThreadPoolExecutor.java:1144)
	at java.base/java.util.concurrent.ThreadPoolExecutor$Worker.run(ThreadPoolExecutor.java:642)
	at java.base/java.lang.Thread.run(Thread.java:1623)

Oct 06, 2025 5:16:02 PM ai.glog.service.GlogService getFromGlog
SEVERE: java.lang.IllegalStateException: Expected BEGIN_ARRAY but was BEGIN_OBJECT at line 1 column 2 path $
{"detail":"Invalid token."}
com.google.gson.JsonSyntaxException: java.lang.IllegalStateException: Expected BEGIN_ARRAY but was BEGIN_OBJECT at line 1 column 2 path $
	at com.google.gson.Gson.fromJson(Gson.java:1003)
	at com.google.gson.Gson.fromJson(Gson.java:956)
	at com.google.gson.Gson.fromJson(Gson.java:905)
	at ai.glog.service.GlogService.getFromGlog(GlogService.java:174)
	at ai.glog.execute.workers.TriageAndRemediationCallableWorker.setGeneralRemediation(TriageAndRemediationCallableWorker.java:158)
	at ai.glog.execute.workers.TriageAndRemediationCallableWorker.call(TriageAndRemediationCallableWorker.java:73)
	at ai.glog.execute.workers.TriageAndRemediationCallableWorker.call(TriageAndRemediationCallableWorker.java:31)
	at java.base/java.util.concurrent.FutureTask.run(FutureTask.java:317)
	at java.base/java.util.concurrent.ThreadPoolExecutor.runWorker(ThreadPoolExecutor.java:1144)
	at java.base/java.util.concurrent.ThreadPoolExecutor$Worker.run(ThreadPoolExecutor.java:642)
	at java.base/java.lang.Thread.run(Thread.java:1623)
Caused by: java.lang.IllegalStateException: Expected BEGIN_ARRAY but was BEGIN_OBJECT at line 1 column 2 path $
	at com.google.gson.stream.JsonReader.beginArray(JsonReader.java:350)
	at com.google.gson.internal.bind.ArrayTypeAdapter.read(ArrayTypeAdapter.java:70)
	at com.google.gson.Gson.fromJson(Gson.java:991)
	... 10 more

Oct 06, 2025 5:16:02 PM ai.glog.execute.workers.TriageAndRemediationCallableWorker call
SEVERE: null
java.lang.NullPointerException
	at java.base/java.util.Objects.requireNonNull(Objects.java:233)
	at java.base/java.util.Arrays$ArrayList.<init>(Arrays.java:4234)
	at java.base/java.util.Arrays.asList(Arrays.java:4219)
	at ai.glog.execute.workers.TriageAndRemediationCallableWorker.setGeneralRemediation(TriageAndRemediationCallableWorker.java:162)
	at ai.glog.execute.workers.TriageAndRemediationCallableWorker.call(TriageAndRemediationCallableWorker.java:73)
	at ai.glog.execute.workers.TriageAndRemediationCallableWorker.call(TriageAndRemediationCallableWorker.java:31)
	at java.base/java.util.concurrent.FutureTask.run(FutureTask.java:317)
	at java.base/java.util.concurrent.ThreadPoolExecutor.runWorker(ThreadPoolExecutor.java:1144)
	at java.base/java.util.concurrent.ThreadPoolExecutor$Worker.run(ThreadPoolExecutor.java:642)
	at java.base/java.lang.Thread.run(Thread.java:1623)

Oct 06, 2025 5:16:02 PM ai.glog.service.GlogService getFromGlog
SEVERE: java.lang.IllegalStateException: Expected BEGIN_ARRAY but was BEGIN_OBJECT at line 1 column 2 path $
{"detail":"Invalid token."}
com.google.gson.JsonSyntaxException: java.lang.IllegalStateException: Expected BEGIN_ARRAY but was BEGIN_OBJECT at line 1 column 2 path $
	at com.google.gson.Gson.fromJson(Gson.java:1003)
	at com.google.gson.Gson.fromJson(Gson.java:956)
	at com.google.gson.Gson.fromJson(Gson.java:905)
	at ai.glog.service.GlogService.getFromGlog(GlogService.java:174)
	at ai.glog.execute.workers.TriageAndRemediationCallableWorker.setGeneralRemediation(TriageAndRemediationCallableWorker.java:158)
	at ai.glog.execute.workers.TriageAndRemediationCallableWorker.call(TriageAndRemediationCallableWorker.java:73)
	at ai.glog.execute.workers.TriageAndRemediationCallableWorker.call(TriageAndRemediationCallableWorker.java:31)
	at java.base/java.util.concurrent.FutureTask.run(FutureTask.java:317)
	at java.base/java.util.concurrent.ThreadPoolExecutor.runWorker(ThreadPoolExecutor.java:1144)
	at java.base/java.util.concurrent.ThreadPoolExecutor$Worker.run(ThreadPoolExecutor.java:642)
	at java.base/java.lang.Thread.run(Thread.java:1623)
Caused by: java.lang.IllegalStateException: Expected BEGIN_ARRAY but was BEGIN_OBJECT at line 1 column 2 path $
	at com.google.gson.stream.JsonReader.beginArray(JsonReader.java:350)
	at com.google.gson.internal.bind.ArrayTypeAdapter.read(ArrayTypeAdapter.java:70)
	at com.google.gson.Gson.fromJson(Gson.java:991)
	... 10 more

Oct 06, 2025 5:16:02 PM ai.glog.execute.workers.TriageAndRemediationCallableWorker call
SEVERE: null
java.lang.NullPointerException
	at java.base/java.util.Objects.requireNonNull(Objects.java:233)
	at java.base/java.util.Arrays$ArrayList.<init>(Arrays.java:4234)
	at java.base/java.util.Arrays.asList(Arrays.java:4219)
	at ai.glog.execute.workers.TriageAndRemediationCallableWorker.setGeneralRemediation(TriageAndRemediationCallableWorker.java:162)
	at ai.glog.execute.workers.TriageAndRemediationCallableWorker.call(TriageAndRemediationCallableWorker.java:73)
	at ai.glog.execute.workers.TriageAndRemediationCallableWorker.call(TriageAndRemediationCallableWorker.java:31)
	at java.base/java.util.concurrent.FutureTask.run(FutureTask.java:317)
	at java.base/java.util.concurrent.ThreadPoolExecutor.runWorker(ThreadPoolExecutor.java:1144)
	at java.base/java.util.concurrent.ThreadPoolExecutor$Worker.run(ThreadPoolExecutor.java:642)
	at java.base/java.lang.Thread.run(Thread.java:1623)

Oct 06, 2025 5:16:03 PM ai.glog.service.GlogService getFromGlog
SEVERE: java.lang.IllegalStateException: Expected BEGIN_ARRAY but was BEGIN_OBJECT at line 1 column 2 path $
{"detail":"Invalid token."}
com.google.gson.JsonSyntaxException: java.lang.IllegalStateException: Expected BEGIN_ARRAY but was BEGIN_OBJECT at line 1 column 2 path $
	at com.google.gson.Gson.fromJson(Gson.java:1003)
	at com.google.gson.Gson.fromJson(Gson.java:956)
	at com.google.gson.Gson.fromJson(Gson.java:905)
	at ai.glog.service.GlogService.getFromGlog(GlogService.java:174)
	at ai.glog.execute.workers.TriageAndRemediationCallableWorker.setGeneralRemediation(TriageAndRemediationCallableWorker.java:158)
	at ai.glog.execute.workers.TriageAndRemediationCallableWorker.call(TriageAndRemediationCallableWorker.java:73)
	at ai.glog.execute.workers.TriageAndRemediationCallableWorker.call(TriageAndRemediationCallableWorker.java:31)
	at java.base/java.util.concurrent.FutureTask.run(FutureTask.java:317)
	at java.base/java.util.concurrent.ThreadPoolExecutor.runWorker(ThreadPoolExecutor.java:1144)
	at java.base/java.util.concurrent.ThreadPoolExecutor$Worker.run(ThreadPoolExecutor.java:642)
	at java.base/java.lang.Thread.run(Thread.java:1623)
Caused by: java.lang.IllegalStateException: Expected BEGIN_ARRAY but was BEGIN_OBJECT at line 1 column 2 path $
	at com.google.gson.stream.JsonReader.beginArray(JsonReader.java:350)
	at com.google.gson.internal.bind.ArrayTypeAdapter.read(ArrayTypeAdapter.java:70)
	at com.google.gson.Gson.fromJson(Gson.java:991)
	... 10 more

Oct 06, 2025 5:16:03 PM ai.glog.execute.workers.TriageAndRemediationCallableWorker call
SEVERE: null
java.lang.NullPointerException
	at java.base/java.util.Objects.requireNonNull(Objects.java:233)
	at java.base/java.util.Arrays$ArrayList.<init>(Arrays.java:4234)
	at java.base/java.util.Arrays.asList(Arrays.java:4219)
	at ai.glog.execute.workers.TriageAndRemediationCallableWorker.setGeneralRemediation(TriageAndRemediationCallableWorker.java:162)
	at ai.glog.execute.workers.TriageAndRemediationCallableWorker.call(TriageAndRemediationCallableWorker.java:73)
	at ai.glog.execute.workers.TriageAndRemediationCallableWorker.call(TriageAndRemediationCallableWorker.java:31)
	at java.base/java.util.concurrent.FutureTask.run(FutureTask.java:317)
	at java.base/java.util.concurrent.ThreadPoolExecutor.runWorker(ThreadPoolExecutor.java:1144)
	at java.base/java.util.concurrent.ThreadPoolExecutor$Worker.run(ThreadPoolExecutor.java:642)
	at java.base/java.lang.Thread.run(Thread.java:1623)

Oct 06, 2025 5:16:04 PM ai.glog.service.GlogService getFromGlog
SEVERE: java.lang.IllegalStateException: Expected BEGIN_ARRAY but was BEGIN_OBJECT at line 1 column 2 path $
{"detail":"Invalid token."}
com.google.gson.JsonSyntaxException: java.lang.IllegalStateException: Expected BEGIN_ARRAY but was BEGIN_OBJECT at line 1 column 2 path $
	at com.google.gson.Gson.fromJson(Gson.java:1003)
	at com.google.gson.Gson.fromJson(Gson.java:956)
	at com.google.gson.Gson.fromJson(Gson.java:905)
	at ai.glog.service.GlogService.getFromGlog(GlogService.java:174)
	at ai.glog.execute.workers.TriageAndRemediationCallableWorker.setGeneralRemediation(TriageAndRemediationCallableWorker.java:158)
	at ai.glog.execute.workers.TriageAndRemediationCallableWorker.call(TriageAndRemediationCallableWorker.java:73)
	at ai.glog.execute.workers.TriageAndRemediationCallableWorker.call(TriageAndRemediationCallableWorker.java:31)
	at java.base/java.util.concurrent.FutureTask.run(FutureTask.java:317)
	at java.base/java.util.concurrent.ThreadPoolExecutor.runWorker(ThreadPoolExecutor.java:1144)
	at java.base/java.util.concurrent.ThreadPoolExecutor$Worker.run(ThreadPoolExecutor.java:642)
	at java.base/java.lang.Thread.run(Thread.java:1623)
Caused by: java.lang.IllegalStateException: Expected BEGIN_ARRAY but was BEGIN_OBJECT at line 1 column 2 path $
	at com.google.gson.stream.JsonReader.beginArray(JsonReader.java:350)
	at com.google.gson.internal.bind.ArrayTypeAdapter.read(ArrayTypeAdapter.java:70)
	at com.google.gson.Gson.fromJson(Gson.java:991)
	... 10 more

Oct 06, 2025 5:16:04 PM ai.glog.execute.workers.TriageAndRemediationCallableWorker call
SEVERE: null
java.lang.NullPointerException
	at java.base/java.util.Objects.requireNonNull(Objects.java:233)
	at java.base/java.util.Arrays$ArrayList.<init>(Arrays.java:4234)
	at java.base/java.util.Arrays.asList(Arrays.java:4219)
	at ai.glog.execute.workers.TriageAndRemediationCallableWorker.setGeneralRemediation(TriageAndRemediationCallableWorker.java:162)
	at ai.glog.execute.workers.TriageAndRemediationCallableWorker.call(TriageAndRemediationCallableWorker.java:73)
	at ai.glog.execute.workers.TriageAndRemediationCallableWorker.call(TriageAndRemediationCallableWorker.java:31)
	at java.base/java.util.concurrent.FutureTask.run(FutureTask.java:317)
	at java.base/java.util.concurrent.ThreadPoolExecutor.runWorker(ThreadPoolExecutor.java:1144)
	at java.base/java.util.concurrent.ThreadPoolExecutor$Worker.run(ThreadPoolExecutor.java:642)
	at java.base/java.lang.Thread.run(Thread.java:1623)

Oct 06, 2025 5:16:04 PM ai.glog.service.GlogService getFromGlog
SEVERE: java.lang.IllegalStateException: Expected BEGIN_ARRAY but was BEGIN_OBJECT at line 1 column 2 path $
{"detail":"Invalid token."}
com.google.gson.JsonSyntaxException: java.lang.IllegalStateException: Expected BEGIN_ARRAY but was BEGIN_OBJECT at line 1 column 2 path $
	at com.google.gson.Gson.fromJson(Gson.java:1003)
	at com.google.gson.Gson.fromJson(Gson.java:956)
	at com.google.gson.Gson.fromJson(Gson.java:905)
	at ai.glog.service.GlogService.getFromGlog(GlogService.java:174)
	at ai.glog.execute.workers.TriageAndRemediationCallableWorker.setGeneralRemediation(TriageAndRemediationCallableWorker.java:158)
	at ai.glog.execute.workers.TriageAndRemediationCallableWorker.call(TriageAndRemediationCallableWorker.java:73)
	at ai.glog.execute.workers.TriageAndRemediationCallableWorker.call(TriageAndRemediationCallableWorker.java:31)
	at java.base/java.util.concurrent.FutureTask.run(FutureTask.java:317)
	at java.base/java.util.concurrent.ThreadPoolExecutor.runWorker(ThreadPoolExecutor.java:1144)
	at java.base/java.util.concurrent.ThreadPoolExecutor$Worker.run(ThreadPoolExecutor.java:642)
	at java.base/java.lang.Thread.run(Thread.java:1623)
Caused by: java.lang.IllegalStateException: Expected BEGIN_ARRAY but was BEGIN_OBJECT at line 1 column 2 path $
	at com.google.gson.stream.JsonReader.beginArray(JsonReader.java:350)
	at com.google.gson.internal.bind.ArrayTypeAdapter.read(ArrayTypeAdapter.java:70)
	at com.google.gson.Gson.fromJson(Gson.java:991)
	... 10 more

Oct 06, 2025 5:16:04 PM ai.glog.execute.workers.TriageAndRemediationCallableWorker call
SEVERE: null
java.lang.NullPointerException
	at java.base/java.util.Objects.requireNonNull(Objects.java:233)
	at java.base/java.util.Arrays$ArrayList.<init>(Arrays.java:4234)
	at java.base/java.util.Arrays.asList(Arrays.java:4219)
	at ai.glog.execute.workers.TriageAndRemediationCallableWorker.setGeneralRemediation(TriageAndRemediationCallableWorker.java:162)
	at ai.glog.execute.workers.TriageAndRemediationCallableWorker.call(TriageAndRemediationCallableWorker.java:73)
	at ai.glog.execute.workers.TriageAndRemediationCallableWorker.call(TriageAndRemediationCallableWorker.java:31)
	at java.base/java.util.concurrent.FutureTask.run(FutureTask.java:317)
	at java.base/java.util.concurrent.ThreadPoolExecutor.runWorker(ThreadPoolExecutor.java:1144)
	at java.base/java.util.concurrent.ThreadPoolExecutor$Worker.run(ThreadPoolExecutor.java:642)
	at java.base/java.lang.Thread.run(Thread.java:1623)

Oct 06, 2025 5:16:05 PM ai.glog.service.GlogService getFromGlog
SEVERE: java.lang.IllegalStateException: Expected BEGIN_ARRAY but was BEGIN_OBJECT at line 1 column 2 path $
{"detail":"Invalid token."}
com.google.gson.JsonSyntaxException: java.lang.IllegalStateException: Expected BEGIN_ARRAY but was BEGIN_OBJECT at line 1 column 2 path $
	at com.google.gson.Gson.fromJson(Gson.java:1003)
	at com.google.gson.Gson.fromJson(Gson.java:956)
	at com.google.gson.Gson.fromJson(Gson.java:905)
	at ai.glog.service.GlogService.getFromGlog(GlogService.java:174)
	at ai.glog.execute.workers.TriageAndRemediationCallableWorker.setGeneralRemediation(TriageAndRemediationCallableWorker.java:158)
	at ai.glog.execute.workers.TriageAndRemediationCallableWorker.call(TriageAndRemediationCallableWorker.java:73)
	at ai.glog.execute.workers.TriageAndRemediationCallableWorker.call(TriageAndRemediationCallableWorker.java:31)
	at java.base/java.util.concurrent.FutureTask.run(FutureTask.java:317)
	at java.base/java.util.concurrent.ThreadPoolExecutor.runWorker(ThreadPoolExecutor.java:1144)
	at java.base/java.util.concurrent.ThreadPoolExecutor$Worker.run(ThreadPoolExecutor.java:642)
	at java.base/java.lang.Thread.run(Thread.java:1623)
Caused by: java.lang.IllegalStateException: Expected BEGIN_ARRAY but was BEGIN_OBJECT at line 1 column 2 path $
	at com.google.gson.stream.JsonReader.beginArray(JsonReader.java:350)
	at com.google.gson.internal.bind.ArrayTypeAdapter.read(ArrayTypeAdapter.java:70)
	at com.google.gson.Gson.fromJson(Gson.java:991)
	... 10 more

Oct 06, 2025 5:16:05 PM ai.glog.execute.workers.TriageAndRemediationCallableWorker call
SEVERE: null
java.lang.NullPointerException
	at java.base/java.util.Objects.requireNonNull(Objects.java:233)
	at java.base/java.util.Arrays$ArrayList.<init>(Arrays.java:4234)
	at java.base/java.util.Arrays.asList(Arrays.java:4219)
	at ai.glog.execute.workers.TriageAndRemediationCallableWorker.setGeneralRemediation(TriageAndRemediationCallableWorker.java:162)
	at ai.glog.execute.workers.TriageAndRemediationCallableWorker.call(TriageAndRemediationCallableWorker.java:73)
	at ai.glog.execute.workers.TriageAndRemediationCallableWorker.call(TriageAndRemediationCallableWorker.java:31)
	at java.base/java.util.concurrent.FutureTask.run(FutureTask.java:317)
	at java.base/java.util.concurrent.ThreadPoolExecutor.runWorker(ThreadPoolExecutor.java:1144)
	at java.base/java.util.concurrent.ThreadPoolExecutor$Worker.run(ThreadPoolExecutor.java:642)
	at java.base/java.lang.Thread.run(Thread.java:1623)

Oct 06, 2025 5:16:05 PM ai.glog.service.GlogService getFromGlog
SEVERE: java.lang.IllegalStateException: Expected BEGIN_ARRAY but was BEGIN_OBJECT at line 1 column 2 path $
{"detail":"Invalid token."}
com.google.gson.JsonSyntaxException: java.lang.IllegalStateException: Expected BEGIN_ARRAY but was BEGIN_OBJECT at line 1 column 2 path $
	at com.google.gson.Gson.fromJson(Gson.java:1003)
	at com.google.gson.Gson.fromJson(Gson.java:956)
	at com.google.gson.Gson.fromJson(Gson.java:905)
	at ai.glog.service.GlogService.getFromGlog(GlogService.java:174)
	at ai.glog.execute.workers.TriageAndRemediationCallableWorker.setGeneralRemediation(TriageAndRemediationCallableWorker.java:158)
	at ai.glog.execute.workers.TriageAndRemediationCallableWorker.call(TriageAndRemediationCallableWorker.java:73)
	at ai.glog.execute.workers.TriageAndRemediationCallableWorker.call(TriageAndRemediationCallableWorker.java:31)
	at java.base/java.util.concurrent.FutureTask.run(FutureTask.java:317)
	at java.base/java.util.concurrent.ThreadPoolExecutor.runWorker(ThreadPoolExecutor.java:1144)
	at java.base/java.util.concurrent.ThreadPoolExecutor$Worker.run(ThreadPoolExecutor.java:642)
	at java.base/java.lang.Thread.run(Thread.java:1623)
Caused by: java.lang.IllegalStateException: Expected BEGIN_ARRAY but was BEGIN_OBJECT at line 1 column 2 path $
	at com.google.gson.stream.JsonReader.beginArray(JsonReader.java:350)
	at com.google.gson.internal.bind.ArrayTypeAdapter.read(ArrayTypeAdapter.java:70)
	at com.google.gson.Gson.fromJson(Gson.java:991)
	... 10 more

Oct 06, 2025 5:16:05 PM ai.glog.execute.workers.TriageAndRemediationCallableWorker call
SEVERE: null
java.lang.NullPointerException
	at java.base/java.util.Objects.requireNonNull(Objects.java:233)
	at java.base/java.util.Arrays$ArrayList.<init>(Arrays.java:4234)
	at java.base/java.util.Arrays.asList(Arrays.java:4219)
	at ai.glog.execute.workers.TriageAndRemediationCallableWorker.setGeneralRemediation(TriageAndRemediationCallableWorker.java:162)
	at ai.glog.execute.workers.TriageAndRemediationCallableWorker.call(TriageAndRemediationCallableWorker.java:73)
	at ai.glog.execute.workers.TriageAndRemediationCallableWorker.call(TriageAndRemediationCallableWorker.java:31)
	at java.base/java.util.concurrent.FutureTask.run(FutureTask.java:317)
	at java.base/java.util.concurrent.ThreadPoolExecutor.runWorker(ThreadPoolExecutor.java:1144)
	at java.base/java.util.concurrent.ThreadPoolExecutor$Worker.run(ThreadPoolExecutor.java:642)
	at java.base/java.lang.Thread.run(Thread.java:1623)

Oct 06, 2025 5:16:06 PM ai.glog.service.GlogService getFromGlog
SEVERE: java.lang.IllegalStateException: Expected BEGIN_ARRAY but was BEGIN_OBJECT at line 1 column 2 path $
{"detail":"Invalid token."}
com.google.gson.JsonSyntaxException: java.lang.IllegalStateException: Expected BEGIN_ARRAY but was BEGIN_OBJECT at line 1 column 2 path $
	at com.google.gson.Gson.fromJson(Gson.java:1003)
	at com.google.gson.Gson.fromJson(Gson.java:956)
	at com.google.gson.Gson.fromJson(Gson.java:905)
	at ai.glog.service.GlogService.getFromGlog(GlogService.java:174)
	at ai.glog.execute.workers.TriageAndRemediationCallableWorker.setGeneralRemediation(TriageAndRemediationCallableWorker.java:158)
	at ai.glog.execute.workers.TriageAndRemediationCallableWorker.call(TriageAndRemediationCallableWorker.java:73)
	at ai.glog.execute.workers.TriageAndRemediationCallableWorker.call(TriageAndRemediationCallableWorker.java:31)
	at java.base/java.util.concurrent.FutureTask.run(FutureTask.java:317)
	at java.base/java.util.concurrent.ThreadPoolExecutor.runWorker(ThreadPoolExecutor.java:1144)
	at java.base/java.util.concurrent.ThreadPoolExecutor$Worker.run(ThreadPoolExecutor.java:642)
	at java.base/java.lang.Thread.run(Thread.java:1623)
Caused by: java.lang.IllegalStateException: Expected BEGIN_ARRAY but was BEGIN_OBJECT at line 1 column 2 path $
	at com.google.gson.stream.JsonReader.beginArray(JsonReader.java:350)
	at com.google.gson.internal.bind.ArrayTypeAdapter.read(ArrayTypeAdapter.java:70)
	at com.google.gson.Gson.fromJson(Gson.java:991)
	... 10 more

Oct 06, 2025 5:16:06 PM ai.glog.execute.workers.TriageAndRemediationCallableWorker call
SEVERE: null
java.lang.NullPointerException
	at java.base/java.util.Objects.requireNonNull(Objects.java:233)
	at java.base/java.util.Arrays$ArrayList.<init>(Arrays.java:4234)
	at java.base/java.util.Arrays.asList(Arrays.java:4219)
	at ai.glog.execute.workers.TriageAndRemediationCallableWorker.setGeneralRemediation(TriageAndRemediationCallableWorker.java:162)
	at ai.glog.execute.workers.TriageAndRemediationCallableWorker.call(TriageAndRemediationCallableWorker.java:73)
	at ai.glog.execute.workers.TriageAndRemediationCallableWorker.call(TriageAndRemediationCallableWorker.java:31)
	at java.base/java.util.concurrent.FutureTask.run(FutureTask.java:317)
	at java.base/java.util.concurrent.ThreadPoolExecutor.runWorker(ThreadPoolExecutor.java:1144)
	at java.base/java.util.concurrent.ThreadPoolExecutor$Worker.run(ThreadPoolExecutor.java:642)
	at java.base/java.lang.Thread.run(Thread.java:1623)

Oct 06, 2025 5:16:06 PM ai.glog.service.GlogService getFromGlog
SEVERE: java.lang.IllegalStateException: Expected BEGIN_ARRAY but was BEGIN_OBJECT at line 1 column 2 path $
{"detail":"Invalid token."}
com.google.gson.JsonSyntaxException: java.lang.IllegalStateException: Expected BEGIN_ARRAY but was BEGIN_OBJECT at line 1 column 2 path $
	at com.google.gson.Gson.fromJson(Gson.java:1003)
	at com.google.gson.Gson.fromJson(Gson.java:956)
	at com.google.gson.Gson.fromJson(Gson.java:905)
	at ai.glog.service.GlogService.getFromGlog(GlogService.java:174)
	at ai.glog.execute.workers.TriageAndRemediationCallableWorker.setGeneralRemediation(TriageAndRemediationCallableWorker.java:158)
	at ai.glog.execute.workers.TriageAndRemediationCallableWorker.call(TriageAndRemediationCallableWorker.java:73)
	at ai.glog.execute.workers.TriageAndRemediationCallableWorker.call(TriageAndRemediationCallableWorker.java:31)
	at java.base/java.util.concurrent.FutureTask.run(FutureTask.java:317)
	at java.base/java.util.concurrent.ThreadPoolExecutor.runWorker(ThreadPoolExecutor.java:1144)
	at java.base/java.util.concurrent.ThreadPoolExecutor$Worker.run(ThreadPoolExecutor.java:642)
	at java.base/java.lang.Thread.run(Thread.java:1623)
Caused by: java.lang.IllegalStateException: Expected BEGIN_ARRAY but was BEGIN_OBJECT at line 1 column 2 path $
	at com.google.gson.stream.JsonReader.beginArray(JsonReader.java:350)
	at com.google.gson.internal.bind.ArrayTypeAdapter.read(ArrayTypeAdapter.java:70)
	at com.google.gson.Gson.fromJson(Gson.java:991)
	... 10 more

Oct 06, 2025 5:16:06 PM ai.glog.execute.workers.TriageAndRemediationCallableWorker call
SEVERE: null
java.lang.NullPointerException
	at java.base/java.util.Objects.requireNonNull(Objects.java:233)
	at java.base/java.util.Arrays$ArrayList.<init>(Arrays.java:4234)
	at java.base/java.util.Arrays.asList(Arrays.java:4219)
	at ai.glog.execute.workers.TriageAndRemediationCallableWorker.setGeneralRemediation(TriageAndRemediationCallableWorker.java:162)
	at ai.glog.execute.workers.TriageAndRemediationCallableWorker.call(TriageAndRemediationCallableWorker.java:73)
	at ai.glog.execute.workers.TriageAndRemediationCallableWorker.call(TriageAndRemediationCallableWorker.java:31)
	at java.base/java.util.concurrent.FutureTask.run(FutureTask.java:317)
	at java.base/java.util.concurrent.ThreadPoolExecutor.runWorker(ThreadPoolExecutor.java:1144)
	at java.base/java.util.concurrent.ThreadPoolExecutor$Worker.run(ThreadPoolExecutor.java:642)
	at java.base/java.lang.Thread.run(Thread.java:1623)

Oct 06, 2025 5:16:06 PM ai.glog.service.GlogService getFromGlog
SEVERE: java.lang.IllegalStateException: Expected BEGIN_ARRAY but was BEGIN_OBJECT at line 1 column 2 path $
{"detail":"Invalid token."}
com.google.gson.JsonSyntaxException: java.lang.IllegalStateException: Expected BEGIN_ARRAY but was BEGIN_OBJECT at line 1 column 2 path $
	at com.google.gson.Gson.fromJson(Gson.java:1003)
	at com.google.gson.Gson.fromJson(Gson.java:956)
	at com.google.gson.Gson.fromJson(Gson.java:905)
	at ai.glog.service.GlogService.getFromGlog(GlogService.java:174)
	at ai.glog.execute.workers.TriageAndRemediationCallableWorker.setGeneralRemediation(TriageAndRemediationCallableWorker.java:158)
	at ai.glog.execute.workers.TriageAndRemediationCallableWorker.call(TriageAndRemediationCallableWorker.java:73)
	at ai.glog.execute.workers.TriageAndRemediationCallableWorker.call(TriageAndRemediationCallableWorker.java:31)
	at java.base/java.util.concurrent.FutureTask.run(FutureTask.java:317)
	at java.base/java.util.concurrent.ThreadPoolExecutor.runWorker(ThreadPoolExecutor.java:1144)
	at java.base/java.util.concurrent.ThreadPoolExecutor$Worker.run(ThreadPoolExecutor.java:642)
	at java.base/java.lang.Thread.run(Thread.java:1623)
Caused by: java.lang.IllegalStateException: Expected BEGIN_ARRAY but was BEGIN_OBJECT at line 1 column 2 path $
	at com.google.gson.stream.JsonReader.beginArray(JsonReader.java:350)
	at com.google.gson.internal.bind.ArrayTypeAdapter.read(ArrayTypeAdapter.java:70)
	at com.google.gson.Gson.fromJson(Gson.java:991)
	... 10 more

Oct 06, 2025 5:16:06 PM ai.glog.execute.workers.TriageAndRemediationCallableWorker call
SEVERE: null
java.lang.NullPointerException
	at java.base/java.util.Objects.requireNonNull(Objects.java:233)
	at java.base/java.util.Arrays$ArrayList.<init>(Arrays.java:4234)
	at java.base/java.util.Arrays.asList(Arrays.java:4219)
	at ai.glog.execute.workers.TriageAndRemediationCallableWorker.setGeneralRemediation(TriageAndRemediationCallableWorker.java:162)
	at ai.glog.execute.workers.TriageAndRemediationCallableWorker.call(TriageAndRemediationCallableWorker.java:73)
	at ai.glog.execute.workers.TriageAndRemediationCallableWorker.call(TriageAndRemediationCallableWorker.java:31)
	at java.base/java.util.concurrent.FutureTask.run(FutureTask.java:317)
	at java.base/java.util.concurrent.ThreadPoolExecutor.runWorker(ThreadPoolExecutor.java:1144)
	at java.base/java.util.concurrent.ThreadPoolExecutor$Worker.run(ThreadPoolExecutor.java:642)
	at java.base/java.lang.Thread.run(Thread.java:1623)

Oct 06, 2025 5:16:07 PM ai.glog.service.GlogService getFromGlog
SEVERE: java.lang.IllegalStateException: Expected BEGIN_ARRAY but was BEGIN_OBJECT at line 1 column 2 path $
{"detail":"Invalid token."}
com.google.gson.JsonSyntaxException: java.lang.IllegalStateException: Expected BEGIN_ARRAY but was BEGIN_OBJECT at line 1 column 2 path $
	at com.google.gson.Gson.fromJson(Gson.java:1003)
	at com.google.gson.Gson.fromJson(Gson.java:956)
	at com.google.gson.Gson.fromJson(Gson.java:905)
	at ai.glog.service.GlogService.getFromGlog(GlogService.java:174)
	at ai.glog.execute.workers.TriageAndRemediationCallableWorker.setGeneralRemediation(TriageAndRemediationCallableWorker.java:158)
	at ai.glog.execute.workers.TriageAndRemediationCallableWorker.call(TriageAndRemediationCallableWorker.java:73)
	at ai.glog.execute.workers.TriageAndRemediationCallableWorker.call(TriageAndRemediationCallableWorker.java:31)
	at java.base/java.util.concurrent.FutureTask.run(FutureTask.java:317)
	at java.base/java.util.concurrent.ThreadPoolExecutor.runWorker(ThreadPoolExecutor.java:1144)
	at java.base/java.util.concurrent.ThreadPoolExecutor$Worker.run(ThreadPoolExecutor.java:642)
	at java.base/java.lang.Thread.run(Thread.java:1623)
Caused by: java.lang.IllegalStateException: Expected BEGIN_ARRAY but was BEGIN_OBJECT at line 1 column 2 path $
	at com.google.gson.stream.JsonReader.beginArray(JsonReader.java:350)
	at com.google.gson.internal.bind.ArrayTypeAdapter.read(ArrayTypeAdapter.java:70)
	at com.google.gson.Gson.fromJson(Gson.java:991)
	... 10 more

Oct 06, 2025 5:16:07 PM ai.glog.execute.workers.TriageAndRemediationCallableWorker call
SEVERE: null
java.lang.NullPointerException
	at java.base/java.util.Objects.requireNonNull(Objects.java:233)
	at java.base/java.util.Arrays$ArrayList.<init>(Arrays.java:4234)
	at java.base/java.util.Arrays.asList(Arrays.java:4219)
	at ai.glog.execute.workers.TriageAndRemediationCallableWorker.setGeneralRemediation(TriageAndRemediationCallableWorker.java:162)
	at ai.glog.execute.workers.TriageAndRemediationCallableWorker.call(TriageAndRemediationCallableWorker.java:73)
	at ai.glog.execute.workers.TriageAndRemediationCallableWorker.call(TriageAndRemediationCallableWorker.java:31)
	at java.base/java.util.concurrent.FutureTask.run(FutureTask.java:317)
	at java.base/java.util.concurrent.ThreadPoolExecutor.runWorker(ThreadPoolExecutor.java:1144)
	at java.base/java.util.concurrent.ThreadPoolExecutor$Worker.run(ThreadPoolExecutor.java:642)
	at java.base/java.lang.Thread.run(Thread.java:1623)

Oct 06, 2025 5:16:07 PM ai.glog.service.GlogService getFromGlog
SEVERE: java.lang.IllegalStateException: Expected BEGIN_ARRAY but was BEGIN_OBJECT at line 1 column 2 path $
{"detail":"Invalid token."}
com.google.gson.JsonSyntaxException: java.lang.IllegalStateException: Expected BEGIN_ARRAY but was BEGIN_OBJECT at line 1 column 2 path $
	at com.google.gson.Gson.fromJson(Gson.java:1003)
	at com.google.gson.Gson.fromJson(Gson.java:956)
	at com.google.gson.Gson.fromJson(Gson.java:905)
	at ai.glog.service.GlogService.getFromGlog(GlogService.java:174)
	at ai.glog.execute.workers.TriageAndRemediationCallableWorker.setGeneralRemediation(TriageAndRemediationCallableWorker.java:158)
	at ai.glog.execute.workers.TriageAndRemediationCallableWorker.call(TriageAndRemediationCallableWorker.java:73)
	at ai.glog.execute.workers.TriageAndRemediationCallableWorker.call(TriageAndRemediationCallableWorker.java:31)
	at java.base/java.util.concurrent.FutureTask.run(FutureTask.java:317)
	at java.base/java.util.concurrent.ThreadPoolExecutor.runWorker(ThreadPoolExecutor.java:1144)
	at java.base/java.util.concurrent.ThreadPoolExecutor$Worker.run(ThreadPoolExecutor.java:642)
	at java.base/java.lang.Thread.run(Thread.java:1623)
Caused by: java.lang.IllegalStateException: Expected BEGIN_ARRAY but was BEGIN_OBJECT at line 1 column 2 path $
	at com.google.gson.stream.JsonReader.beginArray(JsonReader.java:350)
	at com.google.gson.internal.bind.ArrayTypeAdapter.read(ArrayTypeAdapter.java:70)
	at com.google.gson.Gson.fromJson(Gson.java:991)
	... 10 more

Oct 06, 2025 5:16:07 PM ai.glog.execute.workers.TriageAndRemediationCallableWorker call
SEVERE: null
java.lang.NullPointerException
	at java.base/java.util.Objects.requireNonNull(Objects.java:233)
	at java.base/java.util.Arrays$ArrayList.<init>(Arrays.java:4234)
	at java.base/java.util.Arrays.asList(Arrays.java:4219)
	at ai.glog.execute.workers.TriageAndRemediationCallableWorker.setGeneralRemediation(TriageAndRemediationCallableWorker.java:162)
	at ai.glog.execute.workers.TriageAndRemediationCallableWorker.call(TriageAndRemediationCallableWorker.java:73)
	at ai.glog.execute.workers.TriageAndRemediationCallableWorker.call(TriageAndRemediationCallableWorker.java:31)
	at java.base/java.util.concurrent.FutureTask.run(FutureTask.java:317)
	at java.base/java.util.concurrent.ThreadPoolExecutor.runWorker(ThreadPoolExecutor.java:1144)
	at java.base/java.util.concurrent.ThreadPoolExecutor$Worker.run(ThreadPoolExecutor.java:642)
	at java.base/java.lang.Thread.run(Thread.java:1623)

Oct 06, 2025 5:16:07 PM ai.glog.service.GlogService getFromGlog
SEVERE: java.lang.IllegalStateException: Expected BEGIN_ARRAY but was BEGIN_OBJECT at line 1 column 2 path $
{"detail":"Invalid token."}
com.google.gson.JsonSyntaxException: java.lang.IllegalStateException: Expected BEGIN_ARRAY but was BEGIN_OBJECT at line 1 column 2 path $
	at com.google.gson.Gson.fromJson(Gson.java:1003)
	at com.google.gson.Gson.fromJson(Gson.java:956)
	at com.google.gson.Gson.fromJson(Gson.java:905)
	at ai.glog.service.GlogService.getFromGlog(GlogService.java:174)
	at ai.glog.execute.workers.TriageAndRemediationCallableWorker.setGeneralRemediation(TriageAndRemediationCallableWorker.java:158)
	at ai.glog.execute.workers.TriageAndRemediationCallableWorker.call(TriageAndRemediationCallableWorker.java:73)
	at ai.glog.execute.workers.TriageAndRemediationCallableWorker.call(TriageAndRemediationCallableWorker.java:31)
	at java.base/java.util.concurrent.FutureTask.run(FutureTask.java:317)
	at java.base/java.util.concurrent.ThreadPoolExecutor.runWorker(ThreadPoolExecutor.java:1144)
	at java.base/java.util.concurrent.ThreadPoolExecutor$Worker.run(ThreadPoolExecutor.java:642)
	at java.base/java.lang.Thread.run(Thread.java:1623)
Caused by: java.lang.IllegalStateException: Expected BEGIN_ARRAY but was BEGIN_OBJECT at line 1 column 2 path $
	at com.google.gson.stream.JsonReader.beginArray(JsonReader.java:350)
	at com.google.gson.internal.bind.ArrayTypeAdapter.read(ArrayTypeAdapter.java:70)
	at com.google.gson.Gson.fromJson(Gson.java:991)
	... 10 more

Oct 06, 2025 5:16:07 PM ai.glog.execute.workers.TriageAndRemediationCallableWorker call
SEVERE: null
java.lang.NullPointerException
	at java.base/java.util.Objects.requireNonNull(Objects.java:233)
	at java.base/java.util.Arrays$ArrayList.<init>(Arrays.java:4234)
	at java.base/java.util.Arrays.asList(Arrays.java:4219)
	at ai.glog.execute.workers.TriageAndRemediationCallableWorker.setGeneralRemediation(TriageAndRemediationCallableWorker.java:162)
	at ai.glog.execute.workers.TriageAndRemediationCallableWorker.call(TriageAndRemediationCallableWorker.java:73)
	at ai.glog.execute.workers.TriageAndRemediationCallableWorker.call(TriageAndRemediationCallableWorker.java:31)
	at java.base/java.util.concurrent.FutureTask.run(FutureTask.java:317)
	at java.base/java.util.concurrent.ThreadPoolExecutor.runWorker(ThreadPoolExecutor.java:1144)
	at java.base/java.util.concurrent.ThreadPoolExecutor$Worker.run(ThreadPoolExecutor.java:642)
	at java.base/java.lang.Thread.run(Thread.java:1623)

Oct 06, 2025 5:16:08 PM ai.glog.service.GlogService getFromGlog
SEVERE: java.lang.IllegalStateException: Expected BEGIN_ARRAY but was BEGIN_OBJECT at line 1 column 2 path $
{"detail":"Invalid token."}
com.google.gson.JsonSyntaxException: java.lang.IllegalStateException: Expected BEGIN_ARRAY but was BEGIN_OBJECT at line 1 column 2 path $
	at com.google.gson.Gson.fromJson(Gson.java:1003)
	at com.google.gson.Gson.fromJson(Gson.java:956)
	at com.google.gson.Gson.fromJson(Gson.java:905)
	at ai.glog.service.GlogService.getFromGlog(GlogService.java:174)
	at ai.glog.execute.workers.TriageAndRemediationCallableWorker.setGeneralRemediation(TriageAndRemediationCallableWorker.java:158)
	at ai.glog.execute.workers.TriageAndRemediationCallableWorker.call(TriageAndRemediationCallableWorker.java:73)
	at ai.glog.execute.workers.TriageAndRemediationCallableWorker.call(TriageAndRemediationCallableWorker.java:31)
	at java.base/java.util.concurrent.FutureTask.run(FutureTask.java:317)
	at java.base/java.util.concurrent.ThreadPoolExecutor.runWorker(ThreadPoolExecutor.java:1144)
	at java.base/java.util.concurrent.ThreadPoolExecutor$Worker.run(ThreadPoolExecutor.java:642)
	at java.base/java.lang.Thread.run(Thread.java:1623)
Caused by: java.lang.IllegalStateException: Expected BEGIN_ARRAY but was BEGIN_OBJECT at line 1 column 2 path $
	at com.google.gson.stream.JsonReader.beginArray(JsonReader.java:350)
	at com.google.gson.internal.bind.ArrayTypeAdapter.read(ArrayTypeAdapter.java:70)
	at com.google.gson.Gson.fromJson(Gson.java:991)
	... 10 more

Oct 06, 2025 5:16:08 PM ai.glog.execute.workers.TriageAndRemediationCallableWorker call
SEVERE: null
java.lang.NullPointerException
	at java.base/java.util.Objects.requireNonNull(Objects.java:233)
	at java.base/java.util.Arrays$ArrayList.<init>(Arrays.java:4234)
	at java.base/java.util.Arrays.asList(Arrays.java:4219)
	at ai.glog.execute.workers.TriageAndRemediationCallableWorker.setGeneralRemediation(TriageAndRemediationCallableWorker.java:162)
	at ai.glog.execute.workers.TriageAndRemediationCallableWorker.call(TriageAndRemediationCallableWorker.java:73)
	at ai.glog.execute.workers.TriageAndRemediationCallableWorker.call(TriageAndRemediationCallableWorker.java:31)
	at java.base/java.util.concurrent.FutureTask.run(FutureTask.java:317)
	at java.base/java.util.concurrent.ThreadPoolExecutor.runWorker(ThreadPoolExecutor.java:1144)
	at java.base/java.util.concurrent.ThreadPoolExecutor$Worker.run(ThreadPoolExecutor.java:642)
	at java.base/java.lang.Thread.run(Thread.java:1623)

Oct 06, 2025 5:16:08 PM ai.glog.service.GlogService getFromGlog
SEVERE: java.lang.IllegalStateException: Expected BEGIN_ARRAY but was BEGIN_OBJECT at line 1 column 2 path $
{"detail":"Invalid token."}
com.google.gson.JsonSyntaxException: java.lang.IllegalStateException: Expected BEGIN_ARRAY but was BEGIN_OBJECT at line 1 column 2 path $
	at com.google.gson.Gson.fromJson(Gson.java:1003)
	at com.google.gson.Gson.fromJson(Gson.java:956)
	at com.google.gson.Gson.fromJson(Gson.java:905)
	at ai.glog.service.GlogService.getFromGlog(GlogService.java:174)
	at ai.glog.execute.workers.TriageAndRemediationCallableWorker.setGeneralRemediation(TriageAndRemediationCallableWorker.java:158)
	at ai.glog.execute.workers.TriageAndRemediationCallableWorker.call(TriageAndRemediationCallableWorker.java:73)
	at ai.glog.execute.workers.TriageAndRemediationCallableWorker.call(TriageAndRemediationCallableWorker.java:31)
	at java.base/java.util.concurrent.FutureTask.run(FutureTask.java:317)
	at java.base/java.util.concurrent.ThreadPoolExecutor.runWorker(ThreadPoolExecutor.java:1144)
	at java.base/java.util.concurrent.ThreadPoolExecutor$Worker.run(ThreadPoolExecutor.java:642)
	at java.base/java.lang.Thread.run(Thread.java:1623)
Caused by: java.lang.IllegalStateException: Expected BEGIN_ARRAY but was BEGIN_OBJECT at line 1 column 2 path $
	at com.google.gson.stream.JsonReader.beginArray(JsonReader.java:350)
	at com.google.gson.internal.bind.ArrayTypeAdapter.read(ArrayTypeAdapter.java:70)
	at com.google.gson.Gson.fromJson(Gson.java:991)
	... 10 more

Oct 06, 2025 5:16:08 PM ai.glog.execute.workers.TriageAndRemediationCallableWorker call
SEVERE: null
java.lang.NullPointerException
	at java.base/java.util.Objects.requireNonNull(Objects.java:233)
	at java.base/java.util.Arrays$ArrayList.<init>(Arrays.java:4234)
	at java.base/java.util.Arrays.asList(Arrays.java:4219)
	at ai.glog.execute.workers.TriageAndRemediationCallableWorker.setGeneralRemediation(TriageAndRemediationCallableWorker.java:162)
	at ai.glog.execute.workers.TriageAndRemediationCallableWorker.call(TriageAndRemediationCallableWorker.java:73)
	at ai.glog.execute.workers.TriageAndRemediationCallableWorker.call(TriageAndRemediationCallableWorker.java:31)
	at java.base/java.util.concurrent.FutureTask.run(FutureTask.java:317)
	at java.base/java.util.concurrent.ThreadPoolExecutor.runWorker(ThreadPoolExecutor.java:1144)
	at java.base/java.util.concurrent.ThreadPoolExecutor$Worker.run(ThreadPoolExecutor.java:642)
	at java.base/java.lang.Thread.run(Thread.java:1623)

Oct 06, 2025 5:16:08 PM ai.glog.service.GlogService getFromGlog
SEVERE: java.lang.IllegalStateException: Expected BEGIN_ARRAY but was BEGIN_OBJECT at line 1 column 2 path $
{"detail":"Invalid token."}
com.google.gson.JsonSyntaxException: java.lang.IllegalStateException: Expected BEGIN_ARRAY but was BEGIN_OBJECT at line 1 column 2 path $
	at com.google.gson.Gson.fromJson(Gson.java:1003)
	at com.google.gson.Gson.fromJson(Gson.java:956)
	at com.google.gson.Gson.fromJson(Gson.java:905)
	at ai.glog.service.GlogService.getFromGlog(GlogService.java:174)
	at ai.glog.execute.workers.TriageAndRemediationCallableWorker.setGeneralRemediation(TriageAndRemediationCallableWorker.java:158)
	at ai.glog.execute.workers.TriageAndRemediationCallableWorker.call(TriageAndRemediationCallableWorker.java:73)
	at ai.glog.execute.workers.TriageAndRemediationCallableWorker.call(TriageAndRemediationCallableWorker.java:31)
	at java.base/java.util.concurrent.FutureTask.run(FutureTask.java:317)
	at java.base/java.util.concurrent.ThreadPoolExecutor.runWorker(ThreadPoolExecutor.java:1144)
	at java.base/java.util.concurrent.ThreadPoolExecutor$Worker.run(ThreadPoolExecutor.java:642)
	at java.base/java.lang.Thread.run(Thread.java:1623)
Caused by: java.lang.IllegalStateException: Expected BEGIN_ARRAY but was BEGIN_OBJECT at line 1 column 2 path $
	at com.google.gson.stream.JsonReader.beginArray(JsonReader.java:350)
	at com.google.gson.internal.bind.ArrayTypeAdapter.read(ArrayTypeAdapter.java:70)
	at com.google.gson.Gson.fromJson(Gson.java:991)
	... 10 more

Oct 06, 2025 5:16:08 PM ai.glog.execute.workers.TriageAndRemediationCallableWorker call
SEVERE: null
java.lang.NullPointerException
	at java.base/java.util.Objects.requireNonNull(Objects.java:233)
	at java.base/java.util.Arrays$ArrayList.<init>(Arrays.java:4234)
	at java.base/java.util.Arrays.asList(Arrays.java:4219)
	at ai.glog.execute.workers.TriageAndRemediationCallableWorker.setGeneralRemediation(TriageAndRemediationCallableWorker.java:162)
	at ai.glog.execute.workers.TriageAndRemediationCallableWorker.call(TriageAndRemediationCallableWorker.java:73)
	at ai.glog.execute.workers.TriageAndRemediationCallableWorker.call(TriageAndRemediationCallableWorker.java:31)
	at java.base/java.util.concurrent.FutureTask.run(FutureTask.java:317)
	at java.base/java.util.concurrent.ThreadPoolExecutor.runWorker(ThreadPoolExecutor.java:1144)
	at java.base/java.util.concurrent.ThreadPoolExecutor$Worker.run(ThreadPoolExecutor.java:642)
	at java.base/java.lang.Thread.run(Thread.java:1623)

Oct 06, 2025 5:16:09 PM ai.glog.service.GlogService getFromGlog
SEVERE: java.lang.IllegalStateException: Expected BEGIN_ARRAY but was BEGIN_OBJECT at line 1 column 2 path $
{"detail":"Invalid token."}
com.google.gson.JsonSyntaxException: java.lang.IllegalStateException: Expected BEGIN_ARRAY but was BEGIN_OBJECT at line 1 column 2 path $
	at com.google.gson.Gson.fromJson(Gson.java:1003)
	at com.google.gson.Gson.fromJson(Gson.java:956)
	at com.google.gson.Gson.fromJson(Gson.java:905)
	at ai.glog.service.GlogService.getFromGlog(GlogService.java:174)
	at ai.glog.execute.workers.TriageAndRemediationCallableWorker.setGeneralRemediation(TriageAndRemediationCallableWorker.java:158)
	at ai.glog.execute.workers.TriageAndRemediationCallableWorker.call(TriageAndRemediationCallableWorker.java:73)
	at ai.glog.execute.workers.TriageAndRemediationCallableWorker.call(TriageAndRemediationCallableWorker.java:31)
	at java.base/java.util.concurrent.FutureTask.run(FutureTask.java:317)
	at java.base/java.util.concurrent.ThreadPoolExecutor.runWorker(ThreadPoolExecutor.java:1144)
	at java.base/java.util.concurrent.ThreadPoolExecutor$Worker.run(ThreadPoolExecutor.java:642)
	at java.base/java.lang.Thread.run(Thread.java:1623)
Caused by: java.lang.IllegalStateException: Expected BEGIN_ARRAY but was BEGIN_OBJECT at line 1 column 2 path $
	at com.google.gson.stream.JsonReader.beginArray(JsonReader.java:350)
	at com.google.gson.internal.bind.ArrayTypeAdapter.read(ArrayTypeAdapter.java:70)
	at com.google.gson.Gson.fromJson(Gson.java:991)
	... 10 more

Oct 06, 2025 5:16:09 PM ai.glog.execute.workers.TriageAndRemediationCallableWorker call
SEVERE: null
java.lang.NullPointerException
	at java.base/java.util.Objects.requireNonNull(Objects.java:233)
	at java.base/java.util.Arrays$ArrayList.<init>(Arrays.java:4234)
	at java.base/java.util.Arrays.asList(Arrays.java:4219)
	at ai.glog.execute.workers.TriageAndRemediationCallableWorker.setGeneralRemediation(TriageAndRemediationCallableWorker.java:162)
	at ai.glog.execute.workers.TriageAndRemediationCallableWorker.call(TriageAndRemediationCallableWorker.java:73)
	at ai.glog.execute.workers.TriageAndRemediationCallableWorker.call(TriageAndRemediationCallableWorker.java:31)
	at java.base/java.util.concurrent.FutureTask.run(FutureTask.java:317)
	at java.base/java.util.concurrent.ThreadPoolExecutor.runWorker(ThreadPoolExecutor.java:1144)
	at java.base/java.util.concurrent.ThreadPoolExecutor$Worker.run(ThreadPoolExecutor.java:642)
	at java.base/java.lang.Thread.run(Thread.java:1623)

Oct 06, 2025 5:16:09 PM ai.glog.service.GlogService getFromGlog
SEVERE: java.lang.IllegalStateException: Expected BEGIN_ARRAY but was BEGIN_OBJECT at line 1 column 2 path $
{"detail":"Invalid token."}
com.google.gson.JsonSyntaxException: java.lang.IllegalStateException: Expected BEGIN_ARRAY but was BEGIN_OBJECT at line 1 column 2 path $
	at com.google.gson.Gson.fromJson(Gson.java:1003)
	at com.google.gson.Gson.fromJson(Gson.java:956)
	at com.google.gson.Gson.fromJson(Gson.java:905)
	at ai.glog.service.GlogService.getFromGlog(GlogService.java:174)
	at ai.glog.execute.workers.TriageAndRemediationCallableWorker.setGeneralRemediation(TriageAndRemediationCallableWorker.java:158)
	at ai.glog.execute.workers.TriageAndRemediationCallableWorker.call(TriageAndRemediationCallableWorker.java:73)
	at ai.glog.execute.workers.TriageAndRemediationCallableWorker.call(TriageAndRemediationCallableWorker.java:31)
	at java.base/java.util.concurrent.FutureTask.run(FutureTask.java:317)
	at java.base/java.util.concurrent.ThreadPoolExecutor.runWorker(ThreadPoolExecutor.java:1144)
	at java.base/java.util.concurrent.ThreadPoolExecutor$Worker.run(ThreadPoolExecutor.java:642)
	at java.base/java.lang.Thread.run(Thread.java:1623)
Caused by: java.lang.IllegalStateException: Expected BEGIN_ARRAY but was BEGIN_OBJECT at line 1 column 2 path $
	at com.google.gson.stream.JsonReader.beginArray(JsonReader.java:350)
	at com.google.gson.internal.bind.ArrayTypeAdapter.read(ArrayTypeAdapter.java:70)
	at com.google.gson.Gson.fromJson(Gson.java:991)
	... 10 more

Oct 06, 2025 5:16:09 PM ai.glog.execute.workers.TriageAndRemediationCallableWorker call
SEVERE: null
java.lang.NullPointerException
	at java.base/java.util.Objects.requireNonNull(Objects.java:233)
	at java.base/java.util.Arrays$ArrayList.<init>(Arrays.java:4234)
	at java.base/java.util.Arrays.asList(Arrays.java:4219)
	at ai.glog.execute.workers.TriageAndRemediationCallableWorker.setGeneralRemediation(TriageAndRemediationCallableWorker.java:162)
	at ai.glog.execute.workers.TriageAndRemediationCallableWorker.call(TriageAndRemediationCallableWorker.java:73)
	at ai.glog.execute.workers.TriageAndRemediationCallableWorker.call(TriageAndRemediationCallableWorker.java:31)
	at java.base/java.util.concurrent.FutureTask.run(FutureTask.java:317)
	at java.base/java.util.concurrent.ThreadPoolExecutor.runWorker(ThreadPoolExecutor.java:1144)
	at java.base/java.util.concurrent.ThreadPoolExecutor$Worker.run(ThreadPoolExecutor.java:642)
	at java.base/java.lang.Thread.run(Thread.java:1623)

Oct 06, 2025 5:16:09 PM ai.glog.service.GlogService getFromGlog
SEVERE: java.lang.IllegalStateException: Expected BEGIN_ARRAY but was BEGIN_OBJECT at line 1 column 2 path $
{"detail":"Invalid token."}
com.google.gson.JsonSyntaxException: java.lang.IllegalStateException: Expected BEGIN_ARRAY but was BEGIN_OBJECT at line 1 column 2 path $
	at com.google.gson.Gson.fromJson(Gson.java:1003)
	at com.google.gson.Gson.fromJson(Gson.java:956)
	at com.google.gson.Gson.fromJson(Gson.java:905)
	at ai.glog.service.GlogService.getFromGlog(GlogService.java:174)
	at ai.glog.execute.workers.TriageAndRemediationCallableWorker.setGeneralRemediation(TriageAndRemediationCallableWorker.java:158)
	at ai.glog.execute.workers.TriageAndRemediationCallableWorker.call(TriageAndRemediationCallableWorker.java:73)
	at ai.glog.execute.workers.TriageAndRemediationCallableWorker.call(TriageAndRemediationCallableWorker.java:31)
	at java.base/java.util.concurrent.FutureTask.run(FutureTask.java:317)
	at java.base/java.util.concurrent.ThreadPoolExecutor.runWorker(ThreadPoolExecutor.java:1144)
	at java.base/java.util.concurrent.ThreadPoolExecutor$Worker.run(ThreadPoolExecutor.java:642)
	at java.base/java.lang.Thread.run(Thread.java:1623)
Caused by: java.lang.IllegalStateException: Expected BEGIN_ARRAY but was BEGIN_OBJECT at line 1 column 2 path $
	at com.google.gson.stream.JsonReader.beginArray(JsonReader.java:350)
	at com.google.gson.internal.bind.ArrayTypeAdapter.read(ArrayTypeAdapter.java:70)
	at com.google.gson.Gson.fromJson(Gson.java:991)
	... 10 more

Oct 06, 2025 5:16:09 PM ai.glog.execute.workers.TriageAndRemediationCallableWorker call
SEVERE: null
java.lang.NullPointerException
	at java.base/java.util.Objects.requireNonNull(Objects.java:233)
	at java.base/java.util.Arrays$ArrayList.<init>(Arrays.java:4234)
	at java.base/java.util.Arrays.asList(Arrays.java:4219)
	at ai.glog.execute.workers.TriageAndRemediationCallableWorker.setGeneralRemediation(TriageAndRemediationCallableWorker.java:162)
	at ai.glog.execute.workers.TriageAndRemediationCallableWorker.call(TriageAndRemediationCallableWorker.java:73)
	at ai.glog.execute.workers.TriageAndRemediationCallableWorker.call(TriageAndRemediationCallableWorker.java:31)
	at java.base/java.util.concurrent.FutureTask.run(FutureTask.java:317)
	at java.base/java.util.concurrent.ThreadPoolExecutor.runWorker(ThreadPoolExecutor.java:1144)
	at java.base/java.util.concurrent.ThreadPoolExecutor$Worker.run(ThreadPoolExecutor.java:642)
	at java.base/java.lang.Thread.run(Thread.java:1623)

Oct 06, 2025 5:16:10 PM ai.glog.service.GlogService getFromGlog
SEVERE: java.lang.IllegalStateException: Expected BEGIN_ARRAY but was BEGIN_OBJECT at line 1 column 2 path $
{"detail":"Invalid token."}
com.google.gson.JsonSyntaxException: java.lang.IllegalStateException: Expected BEGIN_ARRAY but was BEGIN_OBJECT at line 1 column 2 path $
	at com.google.gson.Gson.fromJson(Gson.java:1003)
	at com.google.gson.Gson.fromJson(Gson.java:956)
	at com.google.gson.Gson.fromJson(Gson.java:905)
	at ai.glog.service.GlogService.getFromGlog(GlogService.java:174)
	at ai.glog.execute.workers.TriageAndRemediationCallableWorker.setGeneralRemediation(TriageAndRemediationCallableWorker.java:158)
	at ai.glog.execute.workers.TriageAndRemediationCallableWorker.call(TriageAndRemediationCallableWorker.java:73)
	at ai.glog.execute.workers.TriageAndRemediationCallableWorker.call(TriageAndRemediationCallableWorker.java:31)
	at java.base/java.util.concurrent.FutureTask.run(FutureTask.java:317)
	at java.base/java.util.concurrent.ThreadPoolExecutor.runWorker(ThreadPoolExecutor.java:1144)
	at java.base/java.util.concurrent.ThreadPoolExecutor$Worker.run(ThreadPoolExecutor.java:642)
	at java.base/java.lang.Thread.run(Thread.java:1623)
Caused by: java.lang.IllegalStateException: Expected BEGIN_ARRAY but was BEGIN_OBJECT at line 1 column 2 path $
	at com.google.gson.stream.JsonReader.beginArray(JsonReader.java:350)
	at com.google.gson.internal.bind.ArrayTypeAdapter.read(ArrayTypeAdapter.java:70)
	at com.google.gson.Gson.fromJson(Gson.java:991)
	... 10 more

Oct 06, 2025 5:16:10 PM ai.glog.execute.workers.TriageAndRemediationCallableWorker call
SEVERE: null
java.lang.NullPointerException
	at java.base/java.util.Objects.requireNonNull(Objects.java:233)
	at java.base/java.util.Arrays$ArrayList.<init>(Arrays.java:4234)
	at java.base/java.util.Arrays.asList(Arrays.java:4219)
	at ai.glog.execute.workers.TriageAndRemediationCallableWorker.setGeneralRemediation(TriageAndRemediationCallableWorker.java:162)
	at ai.glog.execute.workers.TriageAndRemediationCallableWorker.call(TriageAndRemediationCallableWorker.java:73)
	at ai.glog.execute.workers.TriageAndRemediationCallableWorker.call(TriageAndRemediationCallableWorker.java:31)
	at java.base/java.util.concurrent.FutureTask.run(FutureTask.java:317)
	at java.base/java.util.concurrent.ThreadPoolExecutor.runWorker(ThreadPoolExecutor.java:1144)
	at java.base/java.util.concurrent.ThreadPoolExecutor$Worker.run(ThreadPoolExecutor.java:642)
	at java.base/java.lang.Thread.run(Thread.java:1623)

Oct 06, 2025 5:16:10 PM ai.glog.service.GlogService getFromGlog
SEVERE: java.lang.IllegalStateException: Expected BEGIN_ARRAY but was BEGIN_OBJECT at line 1 column 2 path $
{"detail":"Invalid token."}
com.google.gson.JsonSyntaxException: java.lang.IllegalStateException: Expected BEGIN_ARRAY but was BEGIN_OBJECT at line 1 column 2 path $
	at com.google.gson.Gson.fromJson(Gson.java:1003)
	at com.google.gson.Gson.fromJson(Gson.java:956)
	at com.google.gson.Gson.fromJson(Gson.java:905)
	at ai.glog.service.GlogService.getFromGlog(GlogService.java:174)
	at ai.glog.execute.workers.TriageAndRemediationCallableWorker.setGeneralRemediation(TriageAndRemediationCallableWorker.java:158)
	at ai.glog.execute.workers.TriageAndRemediationCallableWorker.call(TriageAndRemediationCallableWorker.java:73)
	at ai.glog.execute.workers.TriageAndRemediationCallableWorker.call(TriageAndRemediationCallableWorker.java:31)
	at java.base/java.util.concurrent.FutureTask.run(FutureTask.java:317)
	at java.base/java.util.concurrent.ThreadPoolExecutor.runWorker(ThreadPoolExecutor.java:1144)
	at java.base/java.util.concurrent.ThreadPoolExecutor$Worker.run(ThreadPoolExecutor.java:642)
	at java.base/java.lang.Thread.run(Thread.java:1623)
Caused by: java.lang.IllegalStateException: Expected BEGIN_ARRAY but was BEGIN_OBJECT at line 1 column 2 path $
	at com.google.gson.stream.JsonReader.beginArray(JsonReader.java:350)
	at com.google.gson.internal.bind.ArrayTypeAdapter.read(ArrayTypeAdapter.java:70)
	at com.google.gson.Gson.fromJson(Gson.java:991)
	... 10 more

Oct 06, 2025 5:16:10 PM ai.glog.execute.workers.TriageAndRemediationCallableWorker call
SEVERE: null
java.lang.NullPointerException
	at java.base/java.util.Objects.requireNonNull(Objects.java:233)
	at java.base/java.util.Arrays$ArrayList.<init>(Arrays.java:4234)
	at java.base/java.util.Arrays.asList(Arrays.java:4219)
	at ai.glog.execute.workers.TriageAndRemediationCallableWorker.setGeneralRemediation(TriageAndRemediationCallableWorker.java:162)
	at ai.glog.execute.workers.TriageAndRemediationCallableWorker.call(TriageAndRemediationCallableWorker.java:73)
	at ai.glog.execute.workers.TriageAndRemediationCallableWorker.call(TriageAndRemediationCallableWorker.java:31)
	at java.base/java.util.concurrent.FutureTask.run(FutureTask.java:317)
	at java.base/java.util.concurrent.ThreadPoolExecutor.runWorker(ThreadPoolExecutor.java:1144)
	at java.base/java.util.concurrent.ThreadPoolExecutor$Worker.run(ThreadPoolExecutor.java:642)
	at java.base/java.lang.Thread.run(Thread.java:1623)

Oct 06, 2025 5:16:10 PM ai.glog.service.GlogService getFromGlog
SEVERE: java.lang.IllegalStateException: Expected BEGIN_ARRAY but was BEGIN_OBJECT at line 1 column 2 path $
{"detail":"Invalid token."}
com.google.gson.JsonSyntaxException: java.lang.IllegalStateException: Expected BEGIN_ARRAY but was BEGIN_OBJECT at line 1 column 2 path $
	at com.google.gson.Gson.fromJson(Gson.java:1003)
	at com.google.gson.Gson.fromJson(Gson.java:956)
	at com.google.gson.Gson.fromJson(Gson.java:905)
	at ai.glog.service.GlogService.getFromGlog(GlogService.java:174)
	at ai.glog.execute.workers.TriageAndRemediationCallableWorker.setGeneralRemediation(TriageAndRemediationCallableWorker.java:158)
	at ai.glog.execute.workers.TriageAndRemediationCallableWorker.call(TriageAndRemediationCallableWorker.java:73)
	at ai.glog.execute.workers.TriageAndRemediationCallableWorker.call(TriageAndRemediationCallableWorker.java:31)
	at java.base/java.util.concurrent.FutureTask.run(FutureTask.java:317)
	at java.base/java.util.concurrent.ThreadPoolExecutor.runWorker(ThreadPoolExecutor.java:1144)
	at java.base/java.util.concurrent.ThreadPoolExecutor$Worker.run(ThreadPoolExecutor.java:642)
	at java.base/java.lang.Thread.run(Thread.java:1623)
Caused by: java.lang.IllegalStateException: Expected BEGIN_ARRAY but was BEGIN_OBJECT at line 1 column 2 path $
	at com.google.gson.stream.JsonReader.beginArray(JsonReader.java:350)
	at com.google.gson.internal.bind.ArrayTypeAdapter.read(ArrayTypeAdapter.java:70)
	at com.google.gson.Gson.fromJson(Gson.java:991)
	... 10 more

Oct 06, 2025 5:16:10 PM ai.glog.execute.workers.TriageAndRemediationCallableWorker call
SEVERE: null
java.lang.NullPointerException
	at java.base/java.util.Objects.requireNonNull(Objects.java:233)
	at java.base/java.util.Arrays$ArrayList.<init>(Arrays.java:4234)
	at java.base/java.util.Arrays.asList(Arrays.java:4219)
	at ai.glog.execute.workers.TriageAndRemediationCallableWorker.setGeneralRemediation(TriageAndRemediationCallableWorker.java:162)
	at ai.glog.execute.workers.TriageAndRemediationCallableWorker.call(TriageAndRemediationCallableWorker.java:73)
	at ai.glog.execute.workers.TriageAndRemediationCallableWorker.call(TriageAndRemediationCallableWorker.java:31)
	at java.base/java.util.concurrent.FutureTask.run(FutureTask.java:317)
	at java.base/java.util.concurrent.ThreadPoolExecutor.runWorker(ThreadPoolExecutor.java:1144)
	at java.base/java.util.concurrent.ThreadPoolExecutor$Worker.run(ThreadPoolExecutor.java:642)
	at java.base/java.lang.Thread.run(Thread.java:1623)

Oct 06, 2025 5:16:11 PM ai.glog.service.GlogService getFromGlog
SEVERE: java.lang.IllegalStateException: Expected BEGIN_ARRAY but was BEGIN_OBJECT at line 1 column 2 path $
{"detail":"Invalid token."}
com.google.gson.JsonSyntaxException: java.lang.IllegalStateException: Expected BEGIN_ARRAY but was BEGIN_OBJECT at line 1 column 2 path $
	at com.google.gson.Gson.fromJson(Gson.java:1003)
	at com.google.gson.Gson.fromJson(Gson.java:956)
	at com.google.gson.Gson.fromJson(Gson.java:905)
	at ai.glog.service.GlogService.getFromGlog(GlogService.java:174)
	at ai.glog.execute.workers.TriageAndRemediationCallableWorker.setGeneralRemediation(TriageAndRemediationCallableWorker.java:158)
	at ai.glog.execute.workers.TriageAndRemediationCallableWorker.call(TriageAndRemediationCallableWorker.java:73)
	at ai.glog.execute.workers.TriageAndRemediationCallableWorker.call(TriageAndRemediationCallableWorker.java:31)
	at java.base/java.util.concurrent.FutureTask.run(FutureTask.java:317)
	at java.base/java.util.concurrent.ThreadPoolExecutor.runWorker(ThreadPoolExecutor.java:1144)
	at java.base/java.util.concurrent.ThreadPoolExecutor$Worker.run(ThreadPoolExecutor.java:642)
	at java.base/java.lang.Thread.run(Thread.java:1623)
Caused by: java.lang.IllegalStateException: Expected BEGIN_ARRAY but was BEGIN_OBJECT at line 1 column 2 path $
	at com.google.gson.stream.JsonReader.beginArray(JsonReader.java:350)
	at com.google.gson.internal.bind.ArrayTypeAdapter.read(ArrayTypeAdapter.java:70)
	at com.google.gson.Gson.fromJson(Gson.java:991)
	... 10 more

Oct 06, 2025 5:16:11 PM ai.glog.execute.workers.TriageAndRemediationCallableWorker call
SEVERE: null
java.lang.NullPointerException
	at java.base/java.util.Objects.requireNonNull(Objects.java:233)
	at java.base/java.util.Arrays$ArrayList.<init>(Arrays.java:4234)
	at java.base/java.util.Arrays.asList(Arrays.java:4219)
	at ai.glog.execute.workers.TriageAndRemediationCallableWorker.setGeneralRemediation(TriageAndRemediationCallableWorker.java:162)
	at ai.glog.execute.workers.TriageAndRemediationCallableWorker.call(TriageAndRemediationCallableWorker.java:73)
	at ai.glog.execute.workers.TriageAndRemediationCallableWorker.call(TriageAndRemediationCallableWorker.java:31)
	at java.base/java.util.concurrent.FutureTask.run(FutureTask.java:317)
	at java.base/java.util.concurrent.ThreadPoolExecutor.runWorker(ThreadPoolExecutor.java:1144)
	at java.base/java.util.concurrent.ThreadPoolExecutor$Worker.run(ThreadPoolExecutor.java:642)
	at java.base/java.lang.Thread.run(Thread.java:1623)

Oct 06, 2025 5:16:11 PM ai.glog.service.GlogService getFromGlog
SEVERE: java.lang.IllegalStateException: Expected BEGIN_ARRAY but was BEGIN_OBJECT at line 1 column 2 path $
{"detail":"Invalid token."}
com.google.gson.JsonSyntaxException: java.lang.IllegalStateException: Expected BEGIN_ARRAY but was BEGIN_OBJECT at line 1 column 2 path $
	at com.google.gson.Gson.fromJson(Gson.java:1003)
	at com.google.gson.Gson.fromJson(Gson.java:956)
	at com.google.gson.Gson.fromJson(Gson.java:905)
	at ai.glog.service.GlogService.getFromGlog(GlogService.java:174)
	at ai.glog.execute.workers.TriageAndRemediationCallableWorker.setGeneralRemediation(TriageAndRemediationCallableWorker.java:158)
	at ai.glog.execute.workers.TriageAndRemediationCallableWorker.call(TriageAndRemediationCallableWorker.java:73)
	at ai.glog.execute.workers.TriageAndRemediationCallableWorker.call(TriageAndRemediationCallableWorker.java:31)
	at java.base/java.util.concurrent.FutureTask.run(FutureTask.java:317)
	at java.base/java.util.concurrent.ThreadPoolExecutor.runWorker(ThreadPoolExecutor.java:1144)
	at java.base/java.util.concurrent.ThreadPoolExecutor$Worker.run(ThreadPoolExecutor.java:642)
	at java.base/java.lang.Thread.run(Thread.java:1623)
Caused by: java.lang.IllegalStateException: Expected BEGIN_ARRAY but was BEGIN_OBJECT at line 1 column 2 path $
	at com.google.gson.stream.JsonReader.beginArray(JsonReader.java:350)
	at com.google.gson.internal.bind.ArrayTypeAdapter.read(ArrayTypeAdapter.java:70)
	at com.google.gson.Gson.fromJson(Gson.java:991)
	... 10 more

Oct 06, 2025 5:16:11 PM ai.glog.execute.workers.TriageAndRemediationCallableWorker call
SEVERE: null
java.lang.NullPointerException
	at java.base/java.util.Objects.requireNonNull(Objects.java:233)
	at java.base/java.util.Arrays$ArrayList.<init>(Arrays.java:4234)
	at java.base/java.util.Arrays.asList(Arrays.java:4219)
	at ai.glog.execute.workers.TriageAndRemediationCallableWorker.setGeneralRemediation(TriageAndRemediationCallableWorker.java:162)
	at ai.glog.execute.workers.TriageAndRemediationCallableWorker.call(TriageAndRemediationCallableWorker.java:73)
	at ai.glog.execute.workers.TriageAndRemediationCallableWorker.call(TriageAndRemediationCallableWorker.java:31)
	at java.base/java.util.concurrent.FutureTask.run(FutureTask.java:317)
	at java.base/java.util.concurrent.ThreadPoolExecutor.runWorker(ThreadPoolExecutor.java:1144)
	at java.base/java.util.concurrent.ThreadPoolExecutor$Worker.run(ThreadPoolExecutor.java:642)
	at java.base/java.lang.Thread.run(Thread.java:1623)

Oct 06, 2025 5:16:11 PM ai.glog.service.GlogService getFromGlog
SEVERE: java.lang.IllegalStateException: Expected BEGIN_ARRAY but was BEGIN_OBJECT at line 1 column 2 path $
{"detail":"Invalid token."}
com.google.gson.JsonSyntaxException: java.lang.IllegalStateException: Expected BEGIN_ARRAY but was BEGIN_OBJECT at line 1 column 2 path $
	at com.google.gson.Gson.fromJson(Gson.java:1003)
	at com.google.gson.Gson.fromJson(Gson.java:956)
	at com.google.gson.Gson.fromJson(Gson.java:905)
	at ai.glog.service.GlogService.getFromGlog(GlogService.java:174)
	at ai.glog.execute.workers.TriageAndRemediationCallableWorker.setGeneralRemediation(TriageAndRemediationCallableWorker.java:158)
	at ai.glog.execute.workers.TriageAndRemediationCallableWorker.call(TriageAndRemediationCallableWorker.java:73)
	at ai.glog.execute.workers.TriageAndRemediationCallableWorker.call(TriageAndRemediationCallableWorker.java:31)
	at java.base/java.util.concurrent.FutureTask.run(FutureTask.java:317)
	at java.base/java.util.concurrent.ThreadPoolExecutor.runWorker(ThreadPoolExecutor.java:1144)
	at java.base/java.util.concurrent.ThreadPoolExecutor$Worker.run(ThreadPoolExecutor.java:642)
	at java.base/java.lang.Thread.run(Thread.java:1623)
Caused by: java.lang.IllegalStateException: Expected BEGIN_ARRAY but was BEGIN_OBJECT at line 1 column 2 path $
	at com.google.gson.stream.JsonReader.beginArray(JsonReader.java:350)
	at com.google.gson.internal.bind.ArrayTypeAdapter.read(ArrayTypeAdapter.java:70)
	at com.google.gson.Gson.fromJson(Gson.java:991)
	... 10 more

Oct 06, 2025 5:16:11 PM ai.glog.execute.workers.TriageAndRemediationCallableWorker call
SEVERE: null
java.lang.NullPointerException
	at java.base/java.util.Objects.requireNonNull(Objects.java:233)
	at java.base/java.util.Arrays$ArrayList.<init>(Arrays.java:4234)
	at java.base/java.util.Arrays.asList(Arrays.java:4219)
	at ai.glog.execute.workers.TriageAndRemediationCallableWorker.setGeneralRemediation(TriageAndRemediationCallableWorker.java:162)
	at ai.glog.execute.workers.TriageAndRemediationCallableWorker.call(TriageAndRemediationCallableWorker.java:73)
	at ai.glog.execute.workers.TriageAndRemediationCallableWorker.call(TriageAndRemediationCallableWorker.java:31)
	at java.base/java.util.concurrent.FutureTask.run(FutureTask.java:317)
	at java.base/java.util.concurrent.ThreadPoolExecutor.runWorker(ThreadPoolExecutor.java:1144)
	at java.base/java.util.concurrent.ThreadPoolExecutor$Worker.run(ThreadPoolExecutor.java:642)
	at java.base/java.lang.Thread.run(Thread.java:1623)

Oct 06, 2025 5:16:12 PM ai.glog.service.GlogService getFromGlog
SEVERE: java.lang.IllegalStateException: Expected BEGIN_ARRAY but was BEGIN_OBJECT at line 1 column 2 path $
{"detail":"Invalid token."}
com.google.gson.JsonSyntaxException: java.lang.IllegalStateException: Expected BEGIN_ARRAY but was BEGIN_OBJECT at line 1 column 2 path $
	at com.google.gson.Gson.fromJson(Gson.java:1003)
	at com.google.gson.Gson.fromJson(Gson.java:956)
	at com.google.gson.Gson.fromJson(Gson.java:905)
	at ai.glog.service.GlogService.getFromGlog(GlogService.java:174)
	at ai.glog.execute.workers.TriageAndRemediationCallableWorker.setGeneralRemediation(TriageAndRemediationCallableWorker.java:158)
	at ai.glog.execute.workers.TriageAndRemediationCallableWorker.call(TriageAndRemediationCallableWorker.java:73)
	at ai.glog.execute.workers.TriageAndRemediationCallableWorker.call(TriageAndRemediationCallableWorker.java:31)
	at java.base/java.util.concurrent.FutureTask.run(FutureTask.java:317)
	at java.base/java.util.concurrent.ThreadPoolExecutor.runWorker(ThreadPoolExecutor.java:1144)
	at java.base/java.util.concurrent.ThreadPoolExecutor$Worker.run(ThreadPoolExecutor.java:642)
	at java.base/java.lang.Thread.run(Thread.java:1623)
Caused by: java.lang.IllegalStateException: Expected BEGIN_ARRAY but was BEGIN_OBJECT at line 1 column 2 path $
	at com.google.gson.stream.JsonReader.beginArray(JsonReader.java:350)
	at com.google.gson.internal.bind.ArrayTypeAdapter.read(ArrayTypeAdapter.java:70)
	at com.google.gson.Gson.fromJson(Gson.java:991)
	... 10 more

Oct 06, 2025 5:16:12 PM ai.glog.execute.workers.TriageAndRemediationCallableWorker call
SEVERE: null
java.lang.NullPointerException
	at java.base/java.util.Objects.requireNonNull(Objects.java:233)
	at java.base/java.util.Arrays$ArrayList.<init>(Arrays.java:4234)
	at java.base/java.util.Arrays.asList(Arrays.java:4219)
	at ai.glog.execute.workers.TriageAndRemediationCallableWorker.setGeneralRemediation(TriageAndRemediationCallableWorker.java:162)
	at ai.glog.execute.workers.TriageAndRemediationCallableWorker.call(TriageAndRemediationCallableWorker.java:73)
	at ai.glog.execute.workers.TriageAndRemediationCallableWorker.call(TriageAndRemediationCallableWorker.java:31)
	at java.base/java.util.concurrent.FutureTask.run(FutureTask.java:317)
	at java.base/java.util.concurrent.ThreadPoolExecutor.runWorker(ThreadPoolExecutor.java:1144)
	at java.base/java.util.concurrent.ThreadPoolExecutor$Worker.run(ThreadPoolExecutor.java:642)
	at java.base/java.lang.Thread.run(Thread.java:1623)

Oct 06, 2025 5:16:12 PM ai.glog.service.GlogService getFromGlog
SEVERE: java.lang.IllegalStateException: Expected BEGIN_ARRAY but was BEGIN_OBJECT at line 1 column 2 path $
{"detail":"Invalid token."}
com.google.gson.JsonSyntaxException: java.lang.IllegalStateException: Expected BEGIN_ARRAY but was BEGIN_OBJECT at line 1 column 2 path $
	at com.google.gson.Gson.fromJson(Gson.java:1003)
	at com.google.gson.Gson.fromJson(Gson.java:956)
	at com.google.gson.Gson.fromJson(Gson.java:905)
	at ai.glog.service.GlogService.getFromGlog(GlogService.java:174)
	at ai.glog.execute.workers.TriageAndRemediationCallableWorker.setGeneralRemediation(TriageAndRemediationCallableWorker.java:158)
	at ai.glog.execute.workers.TriageAndRemediationCallableWorker.call(TriageAndRemediationCallableWorker.java:73)
	at ai.glog.execute.workers.TriageAndRemediationCallableWorker.call(TriageAndRemediationCallableWorker.java:31)
	at java.base/java.util.concurrent.FutureTask.run(FutureTask.java:317)
	at java.base/java.util.concurrent.ThreadPoolExecutor.runWorker(ThreadPoolExecutor.java:1144)
	at java.base/java.util.concurrent.ThreadPoolExecutor$Worker.run(ThreadPoolExecutor.java:642)
	at java.base/java.lang.Thread.run(Thread.java:1623)
Caused by: java.lang.IllegalStateException: Expected BEGIN_ARRAY but was BEGIN_OBJECT at line 1 column 2 path $
	at com.google.gson.stream.JsonReader.beginArray(JsonReader.java:350)
	at com.google.gson.internal.bind.ArrayTypeAdapter.read(ArrayTypeAdapter.java:70)
	at com.google.gson.Gson.fromJson(Gson.java:991)
	... 10 more

Oct 06, 2025 5:16:12 PM ai.glog.execute.workers.TriageAndRemediationCallableWorker call
SEVERE: null
java.lang.NullPointerException
	at java.base/java.util.Objects.requireNonNull(Objects.java:233)
	at java.base/java.util.Arrays$ArrayList.<init>(Arrays.java:4234)
	at java.base/java.util.Arrays.asList(Arrays.java:4219)
	at ai.glog.execute.workers.TriageAndRemediationCallableWorker.setGeneralRemediation(TriageAndRemediationCallableWorker.java:162)
	at ai.glog.execute.workers.TriageAndRemediationCallableWorker.call(TriageAndRemediationCallableWorker.java:73)
	at ai.glog.execute.workers.TriageAndRemediationCallableWorker.call(TriageAndRemediationCallableWorker.java:31)
	at java.base/java.util.concurrent.FutureTask.run(FutureTask.java:317)
	at java.base/java.util.concurrent.ThreadPoolExecutor.runWorker(ThreadPoolExecutor.java:1144)
	at java.base/java.util.concurrent.ThreadPoolExecutor$Worker.run(ThreadPoolExecutor.java:642)
	at java.base/java.lang.Thread.run(Thread.java:1623)

Oct 06, 2025 5:16:12 PM ai.glog.service.GlogService getFromGlog
SEVERE: java.lang.IllegalStateException: Expected BEGIN_ARRAY but was BEGIN_OBJECT at line 1 column 2 path $
{"detail":"Invalid token."}
com.google.gson.JsonSyntaxException: java.lang.IllegalStateException: Expected BEGIN_ARRAY but was BEGIN_OBJECT at line 1 column 2 path $
	at com.google.gson.Gson.fromJson(Gson.java:1003)
	at com.google.gson.Gson.fromJson(Gson.java:956)
	at com.google.gson.Gson.fromJson(Gson.java:905)
	at ai.glog.service.GlogService.getFromGlog(GlogService.java:174)
	at ai.glog.execute.workers.TriageAndRemediationCallableWorker.setGeneralRemediation(TriageAndRemediationCallableWorker.java:158)
	at ai.glog.execute.workers.TriageAndRemediationCallableWorker.call(TriageAndRemediationCallableWorker.java:73)
	at ai.glog.execute.workers.TriageAndRemediationCallableWorker.call(TriageAndRemediationCallableWorker.java:31)
	at java.base/java.util.concurrent.FutureTask.run(FutureTask.java:317)
	at java.base/java.util.concurrent.ThreadPoolExecutor.runWorker(ThreadPoolExecutor.java:1144)
	at java.base/java.util.concurrent.ThreadPoolExecutor$Worker.run(ThreadPoolExecutor.java:642)
	at java.base/java.lang.Thread.run(Thread.java:1623)
Caused by: java.lang.IllegalStateException: Expected BEGIN_ARRAY but was BEGIN_OBJECT at line 1 column 2 path $
	at com.google.gson.stream.JsonReader.beginArray(JsonReader.java:350)
	at com.google.gson.internal.bind.ArrayTypeAdapter.read(ArrayTypeAdapter.java:70)
	at com.google.gson.Gson.fromJson(Gson.java:991)
	... 10 more

Oct 06, 2025 5:16:12 PM ai.glog.execute.workers.TriageAndRemediationCallableWorker call
SEVERE: null
java.lang.NullPointerException
	at java.base/java.util.Objects.requireNonNull(Objects.java:233)
	at java.base/java.util.Arrays$ArrayList.<init>(Arrays.java:4234)
	at java.base/java.util.Arrays.asList(Arrays.java:4219)
	at ai.glog.execute.workers.TriageAndRemediationCallableWorker.setGeneralRemediation(TriageAndRemediationCallableWorker.java:162)
	at ai.glog.execute.workers.TriageAndRemediationCallableWorker.call(TriageAndRemediationCallableWorker.java:73)
	at ai.glog.execute.workers.TriageAndRemediationCallableWorker.call(TriageAndRemediationCallableWorker.java:31)
	at java.base/java.util.concurrent.FutureTask.run(FutureTask.java:317)
	at java.base/java.util.concurrent.ThreadPoolExecutor.runWorker(ThreadPoolExecutor.java:1144)
	at java.base/java.util.concurrent.ThreadPoolExecutor$Worker.run(ThreadPoolExecutor.java:642)
	at java.base/java.lang.Thread.run(Thread.java:1623)

Oct 06, 2025 5:16:13 PM ai.glog.service.GlogService getFromGlog
SEVERE: java.lang.IllegalStateException: Expected BEGIN_ARRAY but was BEGIN_OBJECT at line 1 column 2 path $
{"detail":"Invalid token."}
com.google.gson.JsonSyntaxException: java.lang.IllegalStateException: Expected BEGIN_ARRAY but was BEGIN_OBJECT at line 1 column 2 path $
	at com.google.gson.Gson.fromJson(Gson.java:1003)
	at com.google.gson.Gson.fromJson(Gson.java:956)
	at com.google.gson.Gson.fromJson(Gson.java:905)
	at ai.glog.service.GlogService.getFromGlog(GlogService.java:174)
	at ai.glog.execute.workers.TriageAndRemediationCallableWorker.setGeneralRemediation(TriageAndRemediationCallableWorker.java:158)
	at ai.glog.execute.workers.TriageAndRemediationCallableWorker.call(TriageAndRemediationCallableWorker.java:73)
	at ai.glog.execute.workers.TriageAndRemediationCallableWorker.call(TriageAndRemediationCallableWorker.java:31)
	at java.base/java.util.concurrent.FutureTask.run(FutureTask.java:317)
	at java.base/java.util.concurrent.ThreadPoolExecutor.runWorker(ThreadPoolExecutor.java:1144)
	at java.base/java.util.concurrent.ThreadPoolExecutor$Worker.run(ThreadPoolExecutor.java:642)
	at java.base/java.lang.Thread.run(Thread.java:1623)
Caused by: java.lang.IllegalStateException: Expected BEGIN_ARRAY but was BEGIN_OBJECT at line 1 column 2 path $
	at com.google.gson.stream.JsonReader.beginArray(JsonReader.java:350)
	at com.google.gson.internal.bind.ArrayTypeAdapter.read(ArrayTypeAdapter.java:70)
	at com.google.gson.Gson.fromJson(Gson.java:991)
	... 10 more

Oct 06, 2025 5:16:13 PM ai.glog.execute.workers.TriageAndRemediationCallableWorker call
SEVERE: null
java.lang.NullPointerException
	at java.base/java.util.Objects.requireNonNull(Objects.java:233)
	at java.base/java.util.Arrays$ArrayList.<init>(Arrays.java:4234)
	at java.base/java.util.Arrays.asList(Arrays.java:4219)
	at ai.glog.execute.workers.TriageAndRemediationCallableWorker.setGeneralRemediation(TriageAndRemediationCallableWorker.java:162)
	at ai.glog.execute.workers.TriageAndRemediationCallableWorker.call(TriageAndRemediationCallableWorker.java:73)
	at ai.glog.execute.workers.TriageAndRemediationCallableWorker.call(TriageAndRemediationCallableWorker.java:31)
	at java.base/java.util.concurrent.FutureTask.run(FutureTask.java:317)
	at java.base/java.util.concurrent.ThreadPoolExecutor.runWorker(ThreadPoolExecutor.java:1144)
	at java.base/java.util.concurrent.ThreadPoolExecutor$Worker.run(ThreadPoolExecutor.java:642)
	at java.base/java.lang.Thread.run(Thread.java:1623)

Oct 06, 2025 5:16:13 PM ai.glog.service.GlogService getFromGlog
SEVERE: java.lang.IllegalStateException: Expected BEGIN_ARRAY but was BEGIN_OBJECT at line 1 column 2 path $
{"detail":"Invalid token."}
com.google.gson.JsonSyntaxException: java.lang.IllegalStateException: Expected BEGIN_ARRAY but was BEGIN_OBJECT at line 1 column 2 path $
	at com.google.gson.Gson.fromJson(Gson.java:1003)
	at com.google.gson.Gson.fromJson(Gson.java:956)
	at com.google.gson.Gson.fromJson(Gson.java:905)
	at ai.glog.service.GlogService.getFromGlog(GlogService.java:174)
	at ai.glog.execute.workers.TriageAndRemediationCallableWorker.setGeneralRemediation(TriageAndRemediationCallableWorker.java:158)
	at ai.glog.execute.workers.TriageAndRemediationCallableWorker.call(TriageAndRemediationCallableWorker.java:73)
	at ai.glog.execute.workers.TriageAndRemediationCallableWorker.call(TriageAndRemediationCallableWorker.java:31)
	at java.base/java.util.concurrent.FutureTask.run(FutureTask.java:317)
	at java.base/java.util.concurrent.ThreadPoolExecutor.runWorker(ThreadPoolExecutor.java:1144)
	at java.base/java.util.concurrent.ThreadPoolExecutor$Worker.run(ThreadPoolExecutor.java:642)
	at java.base/java.lang.Thread.run(Thread.java:1623)
Caused by: java.lang.IllegalStateException: Expected BEGIN_ARRAY but was BEGIN_OBJECT at line 1 column 2 path $
	at com.google.gson.stream.JsonReader.beginArray(JsonReader.java:350)
	at com.google.gson.internal.bind.ArrayTypeAdapter.read(ArrayTypeAdapter.java:70)
	at com.google.gson.Gson.fromJson(Gson.java:991)
	... 10 more

Oct 06, 2025 5:16:13 PM ai.glog.execute.workers.TriageAndRemediationCallableWorker call
SEVERE: null
java.lang.NullPointerException
	at java.base/java.util.Objects.requireNonNull(Objects.java:233)
	at java.base/java.util.Arrays$ArrayList.<init>(Arrays.java:4234)
	at java.base/java.util.Arrays.asList(Arrays.java:4219)
	at ai.glog.execute.workers.TriageAndRemediationCallableWorker.setGeneralRemediation(TriageAndRemediationCallableWorker.java:162)
	at ai.glog.execute.workers.TriageAndRemediationCallableWorker.call(TriageAndRemediationCallableWorker.java:73)
	at ai.glog.execute.workers.TriageAndRemediationCallableWorker.call(TriageAndRemediationCallableWorker.java:31)
	at java.base/java.util.concurrent.FutureTask.run(FutureTask.java:317)
	at java.base/java.util.concurrent.ThreadPoolExecutor.runWorker(ThreadPoolExecutor.java:1144)
	at java.base/java.util.concurrent.ThreadPoolExecutor$Worker.run(ThreadPoolExecutor.java:642)
	at java.base/java.lang.Thread.run(Thread.java:1623)

Oct 06, 2025 5:16:14 PM ai.glog.service.GlogService getFromGlog
SEVERE: java.lang.IllegalStateException: Expected BEGIN_ARRAY but was BEGIN_OBJECT at line 1 column 2 path $
{"detail":"Invalid token."}
com.google.gson.JsonSyntaxException: java.lang.IllegalStateException: Expected BEGIN_ARRAY but was BEGIN_OBJECT at line 1 column 2 path $
	at com.google.gson.Gson.fromJson(Gson.java:1003)
	at com.google.gson.Gson.fromJson(Gson.java:956)
	at com.google.gson.Gson.fromJson(Gson.java:905)
	at ai.glog.service.GlogService.getFromGlog(GlogService.java:174)
	at ai.glog.execute.workers.TriageAndRemediationCallableWorker.setGeneralRemediation(TriageAndRemediationCallableWorker.java:158)
	at ai.glog.execute.workers.TriageAndRemediationCallableWorker.call(TriageAndRemediationCallableWorker.java:73)
	at ai.glog.execute.workers.TriageAndRemediationCallableWorker.call(TriageAndRemediationCallableWorker.java:31)
	at java.base/java.util.concurrent.FutureTask.run(FutureTask.java:317)
	at java.base/java.util.concurrent.ThreadPoolExecutor.runWorker(ThreadPoolExecutor.java:1144)
	at java.base/java.util.concurrent.ThreadPoolExecutor$Worker.run(ThreadPoolExecutor.java:642)
	at java.base/java.lang.Thread.run(Thread.java:1623)
Caused by: java.lang.IllegalStateException: Expected BEGIN_ARRAY but was BEGIN_OBJECT at line 1 column 2 path $
	at com.google.gson.stream.JsonReader.beginArray(JsonReader.java:350)
	at com.google.gson.internal.bind.ArrayTypeAdapter.read(ArrayTypeAdapter.java:70)
	at com.google.gson.Gson.fromJson(Gson.java:991)
	... 10 more

Oct 06, 2025 5:16:14 PM ai.glog.execute.workers.TriageAndRemediationCallableWorker call
SEVERE: null
java.lang.NullPointerException
	at java.base/java.util.Objects.requireNonNull(Objects.java:233)
	at java.base/java.util.Arrays$ArrayList.<init>(Arrays.java:4234)
	at java.base/java.util.Arrays.asList(Arrays.java:4219)
	at ai.glog.execute.workers.TriageAndRemediationCallableWorker.setGeneralRemediation(TriageAndRemediationCallableWorker.java:162)
	at ai.glog.execute.workers.TriageAndRemediationCallableWorker.call(TriageAndRemediationCallableWorker.java:73)
	at ai.glog.execute.workers.TriageAndRemediationCallableWorker.call(TriageAndRemediationCallableWorker.java:31)
	at java.base/java.util.concurrent.FutureTask.run(FutureTask.java:317)
	at java.base/java.util.concurrent.ThreadPoolExecutor.runWorker(ThreadPoolExecutor.java:1144)
	at java.base/java.util.concurrent.ThreadPoolExecutor$Worker.run(ThreadPoolExecutor.java:642)
	at java.base/java.lang.Thread.run(Thread.java:1623)

Oct 06, 2025 5:16:14 PM ai.glog.service.GlogService getFromGlog
SEVERE: java.lang.IllegalStateException: Expected BEGIN_ARRAY but was BEGIN_OBJECT at line 1 column 2 path $
{"detail":"Invalid token."}
com.google.gson.JsonSyntaxException: java.lang.IllegalStateException: Expected BEGIN_ARRAY but was BEGIN_OBJECT at line 1 column 2 path $
	at com.google.gson.Gson.fromJson(Gson.java:1003)
	at com.google.gson.Gson.fromJson(Gson.java:956)
	at com.google.gson.Gson.fromJson(Gson.java:905)
	at ai.glog.service.GlogService.getFromGlog(GlogService.java:174)
	at ai.glog.execute.workers.TriageAndRemediationCallableWorker.setGeneralRemediation(TriageAndRemediationCallableWorker.java:158)
	at ai.glog.execute.workers.TriageAndRemediationCallableWorker.call(TriageAndRemediationCallableWorker.java:73)
	at ai.glog.execute.workers.TriageAndRemediationCallableWorker.call(TriageAndRemediationCallableWorker.java:31)
	at java.base/java.util.concurrent.FutureTask.run(FutureTask.java:317)
	at java.base/java.util.concurrent.ThreadPoolExecutor.runWorker(ThreadPoolExecutor.java:1144)
	at java.base/java.util.concurrent.ThreadPoolExecutor$Worker.run(ThreadPoolExecutor.java:642)
	at java.base/java.lang.Thread.run(Thread.java:1623)
Caused by: java.lang.IllegalStateException: Expected BEGIN_ARRAY but was BEGIN_OBJECT at line 1 column 2 path $
	at com.google.gson.stream.JsonReader.beginArray(JsonReader.java:350)
	at com.google.gson.internal.bind.ArrayTypeAdapter.read(ArrayTypeAdapter.java:70)
	at com.google.gson.Gson.fromJson(Gson.java:991)
	... 10 more

Oct 06, 2025 5:16:14 PM ai.glog.execute.workers.TriageAndRemediationCallableWorker call
SEVERE: null
java.lang.NullPointerException
	at java.base/java.util.Objects.requireNonNull(Objects.java:233)
	at java.base/java.util.Arrays$ArrayList.<init>(Arrays.java:4234)
	at java.base/java.util.Arrays.asList(Arrays.java:4219)
	at ai.glog.execute.workers.TriageAndRemediationCallableWorker.setGeneralRemediation(TriageAndRemediationCallableWorker.java:162)
	at ai.glog.execute.workers.TriageAndRemediationCallableWorker.call(TriageAndRemediationCallableWorker.java:73)
	at ai.glog.execute.workers.TriageAndRemediationCallableWorker.call(TriageAndRemediationCallableWorker.java:31)
	at java.base/java.util.concurrent.FutureTask.run(FutureTask.java:317)
	at java.base/java.util.concurrent.ThreadPoolExecutor.runWorker(ThreadPoolExecutor.java:1144)
	at java.base/java.util.concurrent.ThreadPoolExecutor$Worker.run(ThreadPoolExecutor.java:642)
	at java.base/java.lang.Thread.run(Thread.java:1623)

Oct 06, 2025 5:16:15 PM ai.glog.service.GlogService getFromGlog
SEVERE: java.lang.IllegalStateException: Expected BEGIN_ARRAY but was BEGIN_OBJECT at line 1 column 2 path $
{"detail":"Invalid token."}
com.google.gson.JsonSyntaxException: java.lang.IllegalStateException: Expected BEGIN_ARRAY but was BEGIN_OBJECT at line 1 column 2 path $
	at com.google.gson.Gson.fromJson(Gson.java:1003)
	at com.google.gson.Gson.fromJson(Gson.java:956)
	at com.google.gson.Gson.fromJson(Gson.java:905)
	at ai.glog.service.GlogService.getFromGlog(GlogService.java:174)
	at ai.glog.execute.workers.TriageAndRemediationCallableWorker.setGeneralRemediation(TriageAndRemediationCallableWorker.java:158)
	at ai.glog.execute.workers.TriageAndRemediationCallableWorker.call(TriageAndRemediationCallableWorker.java:73)
	at ai.glog.execute.workers.TriageAndRemediationCallableWorker.call(TriageAndRemediationCallableWorker.java:31)
	at java.base/java.util.concurrent.FutureTask.run(FutureTask.java:317)
	at java.base/java.util.concurrent.ThreadPoolExecutor.runWorker(ThreadPoolExecutor.java:1144)
	at java.base/java.util.concurrent.ThreadPoolExecutor$Worker.run(ThreadPoolExecutor.java:642)
	at java.base/java.lang.Thread.run(Thread.java:1623)
Caused by: java.lang.IllegalStateException: Expected BEGIN_ARRAY but was BEGIN_OBJECT at line 1 column 2 path $
	at com.google.gson.stream.JsonReader.beginArray(JsonReader.java:350)
	at com.google.gson.internal.bind.ArrayTypeAdapter.read(ArrayTypeAdapter.java:70)
	at com.google.gson.Gson.fromJson(Gson.java:991)
	... 10 more

Oct 06, 2025 5:16:15 PM ai.glog.execute.workers.TriageAndRemediationCallableWorker call
SEVERE: null
java.lang.NullPointerException
	at java.base/java.util.Objects.requireNonNull(Objects.java:233)
	at java.base/java.util.Arrays$ArrayList.<init>(Arrays.java:4234)
	at java.base/java.util.Arrays.asList(Arrays.java:4219)
	at ai.glog.execute.workers.TriageAndRemediationCallableWorker.setGeneralRemediation(TriageAndRemediationCallableWorker.java:162)
	at ai.glog.execute.workers.TriageAndRemediationCallableWorker.call(TriageAndRemediationCallableWorker.java:73)
	at ai.glog.execute.workers.TriageAndRemediationCallableWorker.call(TriageAndRemediationCallableWorker.java:31)
	at java.base/java.util.concurrent.FutureTask.run(FutureTask.java:317)
	at java.base/java.util.concurrent.ThreadPoolExecutor.runWorker(ThreadPoolExecutor.java:1144)
	at java.base/java.util.concurrent.ThreadPoolExecutor$Worker.run(ThreadPoolExecutor.java:642)
	at java.base/java.lang.Thread.run(Thread.java:1623)

Oct 06, 2025 5:16:15 PM ai.glog.service.GlogService getFromGlog
SEVERE: java.lang.IllegalStateException: Expected BEGIN_ARRAY but was BEGIN_OBJECT at line 1 column 2 path $
{"detail":"Invalid token."}
com.google.gson.JsonSyntaxException: java.lang.IllegalStateException: Expected BEGIN_ARRAY but was BEGIN_OBJECT at line 1 column 2 path $
	at com.google.gson.Gson.fromJson(Gson.java:1003)
	at com.google.gson.Gson.fromJson(Gson.java:956)
	at com.google.gson.Gson.fromJson(Gson.java:905)
	at ai.glog.service.GlogService.getFromGlog(GlogService.java:174)
	at ai.glog.execute.workers.TriageAndRemediationCallableWorker.setGeneralRemediation(TriageAndRemediationCallableWorker.java:158)
	at ai.glog.execute.workers.TriageAndRemediationCallableWorker.call(TriageAndRemediationCallableWorker.java:73)
	at ai.glog.execute.workers.TriageAndRemediationCallableWorker.call(TriageAndRemediationCallableWorker.java:31)
	at java.base/java.util.concurrent.FutureTask.run(FutureTask.java:317)
	at java.base/java.util.concurrent.ThreadPoolExecutor.runWorker(ThreadPoolExecutor.java:1144)
	at java.base/java.util.concurrent.ThreadPoolExecutor$Worker.run(ThreadPoolExecutor.java:642)
	at java.base/java.lang.Thread.run(Thread.java:1623)
Caused by: java.lang.IllegalStateException: Expected BEGIN_ARRAY but was BEGIN_OBJECT at line 1 column 2 path $
	at com.google.gson.stream.JsonReader.beginArray(JsonReader.java:350)
	at com.google.gson.internal.bind.ArrayTypeAdapter.read(ArrayTypeAdapter.java:70)
	at com.google.gson.Gson.fromJson(Gson.java:991)
	... 10 more

Oct 06, 2025 5:16:15 PM ai.glog.execute.workers.TriageAndRemediationCallableWorker call
SEVERE: null
java.lang.NullPointerException
	at java.base/java.util.Objects.requireNonNull(Objects.java:233)
	at java.base/java.util.Arrays$ArrayList.<init>(Arrays.java:4234)
	at java.base/java.util.Arrays.asList(Arrays.java:4219)
	at ai.glog.execute.workers.TriageAndRemediationCallableWorker.setGeneralRemediation(TriageAndRemediationCallableWorker.java:162)
	at ai.glog.execute.workers.TriageAndRemediationCallableWorker.call(TriageAndRemediationCallableWorker.java:73)
	at ai.glog.execute.workers.TriageAndRemediationCallableWorker.call(TriageAndRemediationCallableWorker.java:31)
	at java.base/java.util.concurrent.FutureTask.run(FutureTask.java:317)
	at java.base/java.util.concurrent.ThreadPoolExecutor.runWorker(ThreadPoolExecutor.java:1144)
	at java.base/java.util.concurrent.ThreadPoolExecutor$Worker.run(ThreadPoolExecutor.java:642)
	at java.base/java.lang.Thread.run(Thread.java:1623)

Oct 06, 2025 5:16:16 PM ai.glog.service.GlogService getFromGlog
SEVERE: java.lang.IllegalStateException: Expected BEGIN_ARRAY but was BEGIN_OBJECT at line 1 column 2 path $
{"detail":"Invalid token."}
com.google.gson.JsonSyntaxException: java.lang.IllegalStateException: Expected BEGIN_ARRAY but was BEGIN_OBJECT at line 1 column 2 path $
	at com.google.gson.Gson.fromJson(Gson.java:1003)
	at com.google.gson.Gson.fromJson(Gson.java:956)
	at com.google.gson.Gson.fromJson(Gson.java:905)
	at ai.glog.service.GlogService.getFromGlog(GlogService.java:174)
	at ai.glog.execute.workers.TriageAndRemediationCallableWorker.setGeneralRemediation(TriageAndRemediationCallableWorker.java:158)
	at ai.glog.execute.workers.TriageAndRemediationCallableWorker.call(TriageAndRemediationCallableWorker.java:73)
	at ai.glog.execute.workers.TriageAndRemediationCallableWorker.call(TriageAndRemediationCallableWorker.java:31)
	at java.base/java.util.concurrent.FutureTask.run(FutureTask.java:317)
	at java.base/java.util.concurrent.ThreadPoolExecutor.runWorker(ThreadPoolExecutor.java:1144)
	at java.base/java.util.concurrent.ThreadPoolExecutor$Worker.run(ThreadPoolExecutor.java:642)
	at java.base/java.lang.Thread.run(Thread.java:1623)
Caused by: java.lang.IllegalStateException: Expected BEGIN_ARRAY but was BEGIN_OBJECT at line 1 column 2 path $
	at com.google.gson.stream.JsonReader.beginArray(JsonReader.java:350)
	at com.google.gson.internal.bind.ArrayTypeAdapter.read(ArrayTypeAdapter.java:70)
	at com.google.gson.Gson.fromJson(Gson.java:991)
	... 10 more

Oct 06, 2025 5:16:16 PM ai.glog.execute.workers.TriageAndRemediationCallableWorker call
SEVERE: null
java.lang.NullPointerException
	at java.base/java.util.Objects.requireNonNull(Objects.java:233)
	at java.base/java.util.Arrays$ArrayList.<init>(Arrays.java:4234)
	at java.base/java.util.Arrays.asList(Arrays.java:4219)
	at ai.glog.execute.workers.TriageAndRemediationCallableWorker.setGeneralRemediation(TriageAndRemediationCallableWorker.java:162)
	at ai.glog.execute.workers.TriageAndRemediationCallableWorker.call(TriageAndRemediationCallableWorker.java:73)
	at ai.glog.execute.workers.TriageAndRemediationCallableWorker.call(TriageAndRemediationCallableWorker.java:31)
	at java.base/java.util.concurrent.FutureTask.run(FutureTask.java:317)
	at java.base/java.util.concurrent.ThreadPoolExecutor.runWorker(ThreadPoolExecutor.java:1144)
	at java.base/java.util.concurrent.ThreadPoolExecutor$Worker.run(ThreadPoolExecutor.java:642)
	at java.base/java.lang.Thread.run(Thread.java:1623)

Oct 06, 2025 5:16:16 PM ai.glog.service.GlogService getFromGlog
SEVERE: java.lang.IllegalStateException: Expected BEGIN_ARRAY but was BEGIN_OBJECT at line 1 column 2 path $
{"detail":"Invalid token."}
com.google.gson.JsonSyntaxException: java.lang.IllegalStateException: Expected BEGIN_ARRAY but was BEGIN_OBJECT at line 1 column 2 path $
	at com.google.gson.Gson.fromJson(Gson.java:1003)
	at com.google.gson.Gson.fromJson(Gson.java:956)
	at com.google.gson.Gson.fromJson(Gson.java:905)
	at ai.glog.service.GlogService.getFromGlog(GlogService.java:174)
	at ai.glog.execute.workers.TriageAndRemediationCallableWorker.setGeneralRemediation(TriageAndRemediationCallableWorker.java:158)
	at ai.glog.execute.workers.TriageAndRemediationCallableWorker.call(TriageAndRemediationCallableWorker.java:73)
	at ai.glog.execute.workers.TriageAndRemediationCallableWorker.call(TriageAndRemediationCallableWorker.java:31)
	at java.base/java.util.concurrent.FutureTask.run(FutureTask.java:317)
	at java.base/java.util.concurrent.ThreadPoolExecutor.runWorker(ThreadPoolExecutor.java:1144)
	at java.base/java.util.concurrent.ThreadPoolExecutor$Worker.run(ThreadPoolExecutor.java:642)
	at java.base/java.lang.Thread.run(Thread.java:1623)
Caused by: java.lang.IllegalStateException: Expected BEGIN_ARRAY but was BEGIN_OBJECT at line 1 column 2 path $
	at com.google.gson.stream.JsonReader.beginArray(JsonReader.java:350)
	at com.google.gson.internal.bind.ArrayTypeAdapter.read(ArrayTypeAdapter.java:70)
	at com.google.gson.Gson.fromJson(Gson.java:991)
	... 10 more

Oct 06, 2025 5:16:16 PM ai.glog.execute.workers.TriageAndRemediationCallableWorker call
SEVERE: null
java.lang.NullPointerException
	at java.base/java.util.Objects.requireNonNull(Objects.java:233)
	at java.base/java.util.Arrays$ArrayList.<init>(Arrays.java:4234)
	at java.base/java.util.Arrays.asList(Arrays.java:4219)
	at ai.glog.execute.workers.TriageAndRemediationCallableWorker.setGeneralRemediation(TriageAndRemediationCallableWorker.java:162)
	at ai.glog.execute.workers.TriageAndRemediationCallableWorker.call(TriageAndRemediationCallableWorker.java:73)
	at ai.glog.execute.workers.TriageAndRemediationCallableWorker.call(TriageAndRemediationCallableWorker.java:31)
	at java.base/java.util.concurrent.FutureTask.run(FutureTask.java:317)
	at java.base/java.util.concurrent.ThreadPoolExecutor.runWorker(ThreadPoolExecutor.java:1144)
	at java.base/java.util.concurrent.ThreadPoolExecutor$Worker.run(ThreadPoolExecutor.java:642)
	at java.base/java.lang.Thread.run(Thread.java:1623)

Oct 06, 2025 5:16:17 PM ai.glog.service.GlogService getFromGlog
SEVERE: java.lang.IllegalStateException: Expected BEGIN_ARRAY but was BEGIN_OBJECT at line 1 column 2 path $
{"detail":"Invalid token."}
com.google.gson.JsonSyntaxException: java.lang.IllegalStateException: Expected BEGIN_ARRAY but was BEGIN_OBJECT at line 1 column 2 path $
	at com.google.gson.Gson.fromJson(Gson.java:1003)
	at com.google.gson.Gson.fromJson(Gson.java:956)
	at com.google.gson.Gson.fromJson(Gson.java:905)
	at ai.glog.service.GlogService.getFromGlog(GlogService.java:174)
	at ai.glog.execute.workers.TriageAndRemediationCallableWorker.setGeneralRemediation(TriageAndRemediationCallableWorker.java:158)
	at ai.glog.execute.workers.TriageAndRemediationCallableWorker.call(TriageAndRemediationCallableWorker.java:73)
	at ai.glog.execute.workers.TriageAndRemediationCallableWorker.call(TriageAndRemediationCallableWorker.java:31)
	at java.base/java.util.concurrent.FutureTask.run(FutureTask.java:317)
	at java.base/java.util.concurrent.ThreadPoolExecutor.runWorker(ThreadPoolExecutor.java:1144)
	at java.base/java.util.concurrent.ThreadPoolExecutor$Worker.run(ThreadPoolExecutor.java:642)
	at java.base/java.lang.Thread.run(Thread.java:1623)
Caused by: java.lang.IllegalStateException: Expected BEGIN_ARRAY but was BEGIN_OBJECT at line 1 column 2 path $
	at com.google.gson.stream.JsonReader.beginArray(JsonReader.java:350)
	at com.google.gson.internal.bind.ArrayTypeAdapter.read(ArrayTypeAdapter.java:70)
	at com.google.gson.Gson.fromJson(Gson.java:991)
	... 10 more

Oct 06, 2025 5:16:17 PM ai.glog.execute.workers.TriageAndRemediationCallableWorker call
SEVERE: null
java.lang.NullPointerException
	at java.base/java.util.Objects.requireNonNull(Objects.java:233)
	at java.base/java.util.Arrays$ArrayList.<init>(Arrays.java:4234)
	at java.base/java.util.Arrays.asList(Arrays.java:4219)
	at ai.glog.execute.workers.TriageAndRemediationCallableWorker.setGeneralRemediation(TriageAndRemediationCallableWorker.java:162)
	at ai.glog.execute.workers.TriageAndRemediationCallableWorker.call(TriageAndRemediationCallableWorker.java:73)
	at ai.glog.execute.workers.TriageAndRemediationCallableWorker.call(TriageAndRemediationCallableWorker.java:31)
	at java.base/java.util.concurrent.FutureTask.run(FutureTask.java:317)
	at java.base/java.util.concurrent.ThreadPoolExecutor.runWorker(ThreadPoolExecutor.java:1144)
	at java.base/java.util.concurrent.ThreadPoolExecutor$Worker.run(ThreadPoolExecutor.java:642)
	at java.base/java.lang.Thread.run(Thread.java:1623)

